title,price,rating,availability,url,description,genre,target_audience
A Light in the Attic,51.77,3,In stock,http://books.toscrape.com/catalogue/a-light-in-the-attic_1000/index.html,"It's hard to imagine a world without A Light in the Attic. This now-classic collection of poetry and drawings from Shel Silverstein celebrates its 20th anniversary with this special edition. Silverstein's humorous and creative verse can amuse the dowdiest of readers. Lemon-faced adults and fidgety kids sit still and read these rhythmic words and laugh and smile and love that Silverstein. Need proof of his genius? RockabyeRockabye baby, in the treetopDon't you know a treetopIs no safe place to rock?And who put you up there,And your cradle, too?Baby, I think someone down here'sGot it in for you.",Poetry,Children
Tipping the Velvet,53.74,1,In stock,http://books.toscrape.com/catalogue/tipping-the-velvet_999/index.html,"Nan King, an oyster girl, is captivated by the music hall phenomenon Kitty Butler, a male impersonator extraordinaire treading the boards in Canterbury. Through a friend at the box office, Nan manages to visit all her shows and finally meet her heroine. Soon after, she becomes Kitty's dresser and the two head for the bright lights of Leicester Square where they begin a glittering career as music-hall stars in an all-singing and dancing double act. At the same time, behind closed doors, they admit their attraction to each other and",Fiction,Adult
Soumission,50.1,1,In stock,http://books.toscrape.com/catalogue/soumission_998/index.html,"Dans une France assez proche de la nôtre, un homme s’engage dans la carrière universitaire. Peu motivé par l’enseignement, il s’attend à une vie ennuyeuse mais calme, protégée des grands drames historiques. Cependant les forces en jeu dans le pays ont fissuré le système politique jusqu’à provoquer son effondrement. Cette implosion sans soubresauts, sans vraie révolution, se développe comme un mauvais rêve.Le talent de l’auteur, sa force visionnaire nous entraînent sur un terrain ambigu et glissant ; son regard sur notre civilisation vieillissante fait coexister dans ce roman les intuitions poétiques, les effets comiq",Fiction,Adult
Sharp Objects,47.82,4,In stock,http://books.toscrape.com/catalogue/sharp-objects_997/index.html,"WICKED above her hipbone, GIRL across her heart Words are like a road map to reporter Camille Preaker’s troubled past. Fresh from a brief stay at a psych hospital, Camille’s first assignment from the second-rate daily paper where she works brings her reluctantly back to her hometown to cover the murders of two preteen girls. NASTY on her kneecap, BABYDOLL on her leg Since she left town eight years ago, Camille has hardly spoken to her neurotic, hypochondriac mother or to the half-sister she barely knows: a beautiful thirteen-year-old with an eerie grip on the town. Now, installed again in her family’s Victorian mansion.",Thriller,Adult
Sapiens: A Brief History of Humankind,54.23,5,In stock,http://books.toscrape.com/catalogue/sapiens-a-brief-history-of-humankind_996/index.html,"From a renowned historian comes a groundbreaking narrative of humanity’s creation and evolution—a #1 international bestseller—that explores the ways in which biology and history have defined us and enhanced our understanding of what it means to be “human.” One hundred thousand years ago, at least six different species of humans inhabited Earth. Yet today there is only one—homo sapiens. What happened to the others? And what may happen to us? Most books about the history of humanity pursue either a historical or a biological approach, but Dr. Yuval Noah Harari breaks the mold with this highly original book that begins ab",Non-Fiction,Adult
The Requiem Red,22.65,1,In stock,http://books.toscrape.com/catalogue/the-requiem-red_995/index.html,"A monster roams the halls of Soothing Hills Asylum. Three girls dead. 29 is endowed with the curse…or gift of perception. She hears messages in music, sees lyrics in paintings. And the corn. A lifetime asylum resident, the orchestral corn music is the only constant in her life. Mason, a new, kind orderly, sees 29 as a woman, not a lunatic. And as his belief in her grows, so does her self-confidence. That perhaps she might escape, might see the outside world. But the monster has other plans. The missing girls share one common thread...each was twenty-nine's cell mate. Will she be next?",Thriller,Young Adult
The Dirty Little Secrets of Getting Your Dream Job,33.34,4,In stock,http://books.toscrape.com/catalogue/the-dirty-little-secrets-of-getting-your-dream-job_994/index.html,"Drawing on his extensive experience evaluating applicants for his marketing agency, and featuring stories based on real-life situations, sample cover letters, resumes, and straightforward advice, Don Raskin’s The Dirty Little Secrets of Getting Your Dream Job offers all the necessary tools for navigating the tough job market and securing your dream job. Don Raskin owns and operates MME, an advertising and marketing agency in New York City. During his twenty-five years at the agency he has interviewed hundreds of new college graduates for positions within his agency and has placed a strong emphasis on entry-level recruitment.",Self-Help,Adult
"The Coming Woman: A Novel Based on the Life of the Infamous Feminist, Victoria Woodhull",17.93,3,In stock,http://books.toscrape.com/catalogue/the-coming-woman-a-novel-based-on-the-life-of-the-infamous-feminist-victoria-woodhull_993/index.html,"If you have a heart, if you have a soul, Karen Hicks' The Coming Woman will make you fall in love with Victoria Woodhull. What kind of confidence would it take for a woman to buck the old boy's club of politics in 1872? More than 140 years pre-Hillary, there was Victoria Woodhull. This book takes you back with a breathtaking, present-tense bird's eye view into a time when women's liberation was primarily confined to one woman's very capable, independent mind. I couldn't put it down.",Biography,Adult
The Boys in the Boat: Nine Americans and Their Epic Quest for Gold at the 1936 Berlin Olympics,22.6,4,In stock,http://books.toscrape.com/catalogue/the-boys-in-the-boat-nine-americans-and-their-epic-quest-for-gold-at-the-1936-berlin-olympics_992/index.html,"For readers of Laura Hillenbrand's Seabiscuit and Unbroken, the dramatic story of the American rowing team that stunned the world at Hitler's 1936 Berlin Olympics Daniel James Brown’s robust book tells the story of the University of Washington’s 1936 eight-oar crew and their epic quest for an Olympic gold medal, a team that transformed the sport and grabbed the attention of millions of Americans. The sons of loggers, shipyard workers, and farmers, the boys defeated elite rivals first from eastern and British universities and finally the German crew rowing for Adolf Hitler in the Olympic games in Berlin, 1936.",Non-Fiction,Adult
The Black Maria,52.15,1,In stock,http://books.toscrape.com/catalogue/the-black-maria_991/index.html,"Praise for Aracelis Girmay:""[Girmay's] every loss—she calls them estrangements—is a yearning for connection across time and place; her every fragment is a bulwark against ruin."" — O, The Oprah Magazine ""In Aracelis Girmay we have a poet who collects, polishes, and shares stories with such brilliant invention, tenderness, and intellectual liveliness that it is understandable that we think of her as the blessed curator of our collective histories. There is in her art the vulnerability of one who lives inside of the stories that she gathers in this remarkable collection. Her poems set off alarms even as they transform t",Poetry,Adult
"Starving Hearts (Triangular Trade Trilogy, #1)",13.99,2,In stock,http://books.toscrape.com/catalogue/starving-hearts-triangular-trade-trilogy-1_990/index.html,"Since her assault, Miss Annette Chetwynd has been plagued by nightmares and worries about an arranged marriage. But she yearns to find her anonymous rescuer. Unfortunately, her health and intellect prevent it. Both repel suitors and cause Annette to doubt God's existence, at least until He answers her prayers in an unusual way ... Mr. Peter Adsley is joining the clergy, and he desires a godly wife by his side. After his failed attempt to obtain one, he engages in a clandestine meeting with the bewitching young woman who keeps crossing his path. But she is so unsettling. Destined for disappointments, Peter and Annette",Romance,Adult
Shakespeare's Sonnets,20.66,4,In stock,http://books.toscrape.com/catalogue/shakespeares-sonnets_989/index.html,"This book is an important and complete collection of the Sonnets of William Shakespeare. Most readers are aware of the great plays and manuscripts written for the stage, but are unaware of the magnificent Sonnets which were written around the same period. This is an excellent, complete collection of the Sonnets and poetry of William Shakespeare and should not be missed by those interested in the completion of a collection of his writings and those interested in early poetic works.",Poetry,Adult
Set Me Free,17.46,5,In stock,http://books.toscrape.com/catalogue/set-me-free_988/index.html,"Aaron Ledbetter’s future had been planned out for him since before he was born. Each year, the Ledbetter family vacation on Tybee Island gave Aaron a chance to briefly free himself from his family’s expectations. When he meets Jonas “Lucky” Luckett, a caricature artist in town with the traveling carnival, he must choose between the life that’s been mapped out for him, and the chance at true love.",Romance,Young Adult
Scott Pilgrim's Precious Little Life (Scott Pilgrim #1),52.29,5,In stock,http://books.toscrape.com/catalogue/scott-pilgrims-precious-little-life-scott-pilgrim-1_987/index.html,"Scott Pilgrim's life is totally sweet. He's 23 years old, he's in a rockband, he's 'between jobs' and he's dating a cute high school girl. Nothing could possibly go wrong, unless a seriously mind-blowing, dangerously fashionable, rollerblading delivery girl named Ramona Flowers starts cruising through his dreams and sailing by him at parties. Will Scott's awesome life get turned upside-down? Will he have to face Ramona's seven evil ex-boyfriends in battle? The short answer is yes. The long answer is Scott Pilgrim, Volume 1: Scott Pilgrim's Precious Little Life",Graphic Novel,Young Adult
Rip it Up and Start Again,35.02,5,In stock,http://books.toscrape.com/catalogue/rip-it-up-and-start-again_986/index.html,"Punk's raw power rejuvenated rock, but by the summer of 1977 the movement had become a parody of itself. RIP IT UP AND START AGAIN is a celebration of what happened next. Post-punk bands like PiL, Joy Division, Talking Heads, The Fall and The Human League dedicated themselves to fulfilling punk's unfinished musical revolution. The post-punk groups were fervent modernists; whether experimenting with electronics and machine rhythm or adapting ideas from dub reggae and disco, they were totally confident they could invent a whole new future for music.",Non-Fiction,Adult
"Our Band Could Be Your Life: Scenes from the American Indie Underground, 1981-1991",57.25,3,In stock,http://books.toscrape.com/catalogue/our-band-could-be-your-life-scenes-from-the-american-indie-underground-1981-1991_985/index.html,"This is the never-before-told story of the musical revolution that happened right under the nose of the Reagan Eighties--when a small but sprawling network of bands, labels, fanzines, radio stations, and other subversives reenergized American rock with punk rock's do-it-yourself credo and created music that was deeply personal, often brilliant, always challenging, and immensely influential. This sweeping chronicle of music, politics, drugs, fear, loathing, and faith has been recognized as an indie rock classic in its own right. Among the bands profiled: Mission of Burma, Butthole Surfers, The Minutemen, Sonic Youth,",Non-Fiction,Adult
Olio,23.88,1,In stock,http://books.toscrape.com/catalogue/olio_984/index.html,"Part fact, part fiction, Tyehimba Jess's much anticipated second book weaves sonnet, song, and narrative to examine the lives of mostly unrecorded African American performers directly before and after the Civil War up to World War I. Olio is an effort to understand how they met, resisted, complicated, co-opted, and sometimes defeated attempts to minstrelize them.",Fiction,Adult
Mesaerion: The Best Science Fiction Stories 1800-1849,37.59,1,In stock,http://books.toscrape.com/catalogue/mesaerion-the-best-science-fiction-stories-1800-1849_983/index.html,"Andrew Barger, award-winning author and engineer, has extensively researched forgotten journals and magazines of the early 19th century to locate groundbreaking science fiction short stories in the English language. In doing so, he found what is possibly the first science fiction story by a female (and it is not from Mary Shelley). Andrew located the first steampunk short story, which has not been republished since 1844. There is the first voyage to the moon in a balloon, republished for the first time since 1820 that further tells of a darkness machine and a lunarian named Zuloc. Other sci-stories include the first r",Science Fiction,Adult
Libertarianism for Beginners,51.33,2,In stock,http://books.toscrape.com/catalogue/libertarianism-for-beginners_982/index.html,"Libertarianism isn't about winning elections; it is first and foremost a political philosophy--a description of how, in the opinion of libertarians, free people ought to treat one another, at least when they use the law, which they regard as potentially dangerous. If libertarians are correct, the law should intrude into people's lives as little as possible, rarely telling them what to do or how to live. A political and economic philosophy as old as John Locke and John Stuart Mill, but as alive and timely as Rand Paul, the Tea Party, and the novels of Ayn Rand, libertarianism emphasizes individual rights and calls for a",Non-Fiction,Adult
It's Only the Himalayas,45.17,2,In stock,http://books.toscrape.com/catalogue/its-only-the-himalayas_981/index.html,"“Wherever you go, whatever you do, just . . . don’t do anything stupid.” —My MotherDuring her yearlong adventure backpacking from South Africa to Singapore, S. Bedford definitely did a few things her mother might classify as ""stupid."" She swam with great white sharks in South Africa, ran from lions in Zimbabwe, climbed a Himalayan mountain without training in Nepal, and watched as her friend was attacked by a monkey in Indonesia. But interspersed in those slightly more crazy moments, Sue Bedfored and her friend ""Sara the Stoic"" experienced the sights, sounds, life, and culture of fifteen countries. Joined along the wa",Non-Fiction,Adult
In Her Wake,12.84,1,In stock,http://books.toscrape.com/catalogue/in-her-wake_980/index.html,"A perfect life … until she discovered it wasn’t her own. A tragic family event reveals devastating news that rips apart Bella’s comfortable existence. Embarking on a personal journey to uncover the truth, she faces a series of traumatic discoveries that take her to the ruggedly beautiful Cornish coast, where hidden truths, past betrayals and a 25-year-old mystery threaten not just her identity, but also her life. Chilling, complex and profoundly moving, In Her Wake is a gripping psychological thriller that questions the nature of family – and reminds us that sometimes the most shocking crimes are committed closest to home.",Thriller,Adult
How Music Works,37.32,2,In stock,http://books.toscrape.com/catalogue/how-music-works_979/index.html,"How Music Works is David Byrne’s remarkable and buoyant celebration of a subject he has spent a lifetime thinking about. In it he explores how profoundly music is shaped by its time and place, and he explains how the advent of recording technology in the twentieth century forever changed our relationship to playing, performing, and listening to music. Acting as historian and anthropologist, raconteur and social scientist, he searches for patterns—and shows how those patterns have affected his own work over the years with Talking Heads and his many collaborators, from Brian Eno to Caetano Veloso. Byrne sees music as pa",Non-Fiction,Adult
"Foolproof Preserving: A Guide to Small Batch Jams, Jellies, Pickles, Condiments, and More: A Foolproof Guide to Making Small Batch Jams, Jellies, Pickles, Condiments, and More",30.52,3,In stock,http://books.toscrape.com/catalogue/foolproof-preserving-a-guide-to-small-batch-jams-jellies-pickles-condiments-and-more-a-foolproof-guide-to-making-small-batch-jams-jellies-pickles-condiments-and-more_978/index.html,"Canning perfected the America’s Test Kitchen way. The art of preserving produce by canning and preserving has come full circle from grandmother's kitchen to a whole new generation now eager to learn it. This detailed guide to home preserving is perfect for novice canners and experts alike and offers more than 100 foolproof recipes across a wide range of categories, from sweet jams and jellies to savory jams, vegetables, condiments, pickles, whole fruits, and more. Let the experts at America's Test Kitchen show you how to do it right with detailed tutorials, troubleshooting tips, equipment information, and insight into the process.",Non-Fiction,Adult
Chase Me (Paris Nights #2),25.27,5,In stock,http://books.toscrape.com/catalogue/chase-me-paris-nights-2_977/index.html,"A Michelin two-star chef at twenty-eight, Violette Lenoir could handle anything, including a cocky burglar who broke into her restaurant in the middle of the night. Or so she thought. Elite counterterrorist operative Chase “Smith” had been through things that made Hell Week look easy. But nothing had prepared him for a leather-clad blonde who held him at bay at knifepoint and dared him to take her on. Now if only saving the world didn’t require he ruin her life. Two people who thought they could handle anything now have to take on each other. It's a battle neither one expected. But with their futures on the line, they ha",Fiction,Adult
Black Dust,34.53,5,In stock,http://books.toscrape.com/catalogue/black-dust_976/index.html,"No matter how busy he keeps himself, successful Broadway musician Tobias Spence can’t outrun the memory of a tragic car crash from his past that claimed a friend’s life and permanently injured his former boyfriend, Emmett. Even after losing Tobias, Emmett Henderson made peace with that awful night, living in his Indiana hometown where he has become a revered choral director. When his students are asked to perform in New York City, he decides to chance reconnecting with his former love, if for no other reason than to get a proper goodbye. When Emmett and Tobias finally meet 15 years after parting ways, it is clear to bo",Romance,Adult
Birdsong: A Story in Pictures,54.64,3,In stock,http://books.toscrape.com/catalogue/birdsong-a-story-in-pictures_975/index.html,"Bring the thrilling story of one red bird to life. When an innocent bird meets two cruel kids, their world is forever changed. But exactly how that change unfolds is up to you, in the tradition of Kamishibai—Japanese paper theater. The wordless story by master cartoonist James Sturm is like a haiku—the elegant images leave space for children to inhabit this timeless tale—and make it their own, leading them to learn an ultimate lesson they'll never forget.James Sturm is the author of several books for kids including the Adventures in Cartooning series (with Andrew Arnold and Alexis Frederick-Frost) and the forthcoming",Children,Children
America's Cradle of Quarterbacks: Western Pennsylvania's Football Factory from Johnny Unitas to Joe Montana,22.5,3,In stock,http://books.toscrape.com/catalogue/americas-cradle-of-quarterbacks-western-pennsylvanias-football-factory-from-johnny-unitas-to-joe-montana_974/index.html,"Any fan of the Baltimore Colts of my era, any fan of my friend and teammate Johnny Unitas, or, for that matter, any fan of football in general should enjoy Wayne Stewart's book. It contains great stories, statistics, and information on all of the many great quarterbacks who came out of Western Pennsylvania and much more. Raymond Berry NFL Hall of Fame Wide Receiver It’s well known that the NFL has been dominated through the years by quarterbacks sown and grown in a relatively small area surrounding the city of Pittsburgh in Western Pennsylvania. In America’s Cradle of Quarterbacks, author Wayne Stewart not only tells",Non-Fiction,Adult
Aladdin and His Wonderful Lamp,53.13,3,In stock,http://books.toscrape.com/catalogue/aladdin-and-his-wonderful-lamp_973/index.html,"Planning on seeing Aladdin the Disney musical? Read the classic story of ""Aladdin and his Wonderful Lamp"" in this sparkling new edition by Harpendore. Synopsis: Aladdin is a poor boy who lives with his mother in the ancient kingdom of Cathay. One day a strange man appears offering untold riches! Aladdin is not so sure, yet he's sorely tempted. Join Aladdin on his incredible adventures and visit the cave of treasures. A world of magic awaits you, but watch your step - there's mischief lurking at every turn!",Fantasy,Children
Worlds Elsewhere: Journeys Around Shakespeare’s Globe,40.3,5,In stock,http://books.toscrape.com/catalogue/worlds-elsewhere-journeys-around-shakespeares-globe_972/index.html,"Anti-apartheid activist, Bollywood screenwriter, Nazi pin-up, hero of the Wild West: this is Shakespeare as you have never seen him before. From the sixteenth-century Baltic to the American Revolution, from colonial India to the skyscrapers of modern-day Shanghai, Shakespeare’s plays appear at the most fascinating of times and in the most unexpected of places. No other writer’s work has been performed, translated, adapted and altered in such a remarkable variety of cultures and languages. But what is it about William Shakespeare – a man from Warwickshire who never once set foot outside England – that has made him at h",Biography,Adult
Wall and Piece,44.18,4,In stock,http://books.toscrape.com/catalogue/wall-and-piece_971/index.html,"Banksy, Britain's now-legendary ""guerilla"" street artist, has painted the walls, streets, and bridges of towns and cities throughout the world. Not only did he smuggle his pieces into four of New York City's major art museums, he's also ""hung"" his work at London's Tate Gallery and adorned Israel's West Bank barrier with satirical images. Banksy's identity remains unknown, but his work is unmistakable—with prints selling for as much as $45,000.",Biography,Adult
The Four Agreements: A Practical Guide to Personal Freedom,17.66,5,In stock,http://books.toscrape.com/catalogue/the-four-agreements-a-practical-guide-to-personal-freedom_970/index.html,"In The Four Agreements, don Miguel Ruiz reveals the source of self-limiting beliefs that rob us of joy and create needless suffering. Based on ancient Toltec wisdom, the Four Agreements offer a powerful code of conduct that can rapidly transform our lives to a new experience of freedom, true happiness, and love. The Four Agreements are: Be Impeccable With Your Word, Don't Take Anything Personally, Don't Make Assumptions, Always Do Your Best.",Self-Help,Adult
The Five Love Languages: How to Express Heartfelt Commitment to Your Mate,31.05,3,In stock,http://books.toscrape.com/catalogue/the-five-love-languages-how-to-express-heartfelt-commitment-to-your-mate_969/index.html,"Are you and your spouse speaking the same language? While love is a many splendored thing, it is sometimes a very confusing thing, too. And as people come in all varieties, shapes, and sizes, so do their choices of personal expressions of love. But more often than not, the giver and the receiver express love in two different ways. This can lead to misunderstanding, quarrels, and even divorce. Quality time, words of affirmation, gifts, acts of service, and physical touch are the five basic love languages. Dr. Gary Chapman identifies these and guides couples towards a better understanding of their unique languages of love.",Self-Help,Adult
The Elephant Tree,23.82,5,In stock,http://books.toscrape.com/catalogue/the-elephant-tree_968/index.html,"Mark Fallon is an overworked detective investigating a spate of attacks at a string of high profile city centre nightclubs. Scott is a dejected 24 year old struggling to make ends meet working for his brother and supplementing his income with a small-scale drug dealing operation. Angela is an attractive 23 year old, raised by her father, a career criminal and small time drug dealer who supplies Scott with cannabis. This is a chilling tale spanning a few months in the lives of Scott and Angela, where realizations about the present combine with shocking revelations from the past leading to an apocalyptic climax where t",Thriller,Adult
The Bear and the Piano,36.89,1,In stock,http://books.toscrape.com/catalogue/the-bear-and-the-piano_967/index.html,"One day, a young bear stumbles upon something he has never seen before in the forest. As time passes, he teaches himself how to play the strange instrument, and eventually the beautiful sounds are heard by a father and son who are picnicking in the woods. The bear goes with them on an incredible journey to New York, where his piano playing makes him a huge star. He has fame, fortune and all the music in the world, but he misses the friends and family he has left behind. A moving tale of exploration and belonging from an exciting debut author-illustrator.",Children,Children
Sophie's World,15.94,5,In stock,http://books.toscrape.com/catalogue/sophies-world_966/index.html,"A page-turning novel that is also an exploration of the great philosophical concepts of Western thought, Sophie’s World has fired the imagination of readers all over the world, with more than twenty million copies in print. One day fourteen-year-old Sophie Amundsen comes home from school to find in her mailbox two notes, with one question on each: “Who are you?” and “Where does the world come from?” From that irresistible beginning, Sophie becomes obsessed with questions that take her far beyond what she knows of her Norwegian village. Through those letters, she enrolls in a kind of correspondence course, covering Socr",Fiction,Young Adult
Penny Maybe,33.29,3,In stock,http://books.toscrape.com/catalogue/penny-maybe_965/index.html,"Sent to yet another foster family, Penny decides that the way to claim a sense of self is to swim Lake Ontario. Although this seems impossible, she finds the courage to ask her physics teacher to be her coach, and wins the support of her new foster mother.",Fiction,Young Adult
Maude (1883-1993):She Grew Up with the country,18.02,2,In stock,http://books.toscrape.com/catalogue/maude-1883-1993she-grew-up-with-the-country_964/index.html,"This new edition of Maude (1883-1993) has been updated by Mardo Williams’ daughters, adding historical details their dad wished to make, twice as many photos, and nine appendices not present in the 1996 hardcover (which won an Ohioana Library Award for its author). During her 110-year lifetime, Maude went from a 400-lb. wood-burning stove to a microwave oven, from an outdoor privy to indoor plumbing. She got the vote in 1920 and voted in the next 18 Presidential elections. With poetry and human dramas (two murders and a suicide), written by a master journalist, the book shows the impact of the changing times on shy, u",Biography,Adult
"In a Dark, Dark Wood",19.63,1,In stock,http://books.toscrape.com/catalogue/in-a-dark-dark-wood_963/index.html,"In a dark, dark wood Nora hasn't seen Clare for ten years. Not since Nora walked out of school one day and never went back. There was a dark, dark houseUntil, out of the blue, an invitation to Clare’s hen do arrives. Is this a chance for Nora to finally put her past behind her?And in the dark, dark house there was a dark, dark roomBut something goes wrong. Very wrong.",Thriller,Adult
Behind Closed Doors,52.22,4,In stock,http://books.toscrape.com/catalogue/behind-closed-doors_962/index.html,"The 2016 debut bloggers can't stop raving about. Perfect for fans of The Girl on the Train and The Ice Twins Everyone knows a couple like Jack and Grace. He has looks and wealth, she has charm and elegance. You might not want to like them, but you do. Though, you’d like to get to know Grace better. But it’s difficult, because you realise Jack and Grace are never apart. Some might call this true love. Others might ask why Grace never answers the phone. Or how she can never meet for coffee, even though she doesn’t work. How she can cook such elaborate meals but remain so slim. And why there are bars on one of the bedroom wi",Thriller,Adult
You can't bury them all: Poems,33.63,2,In stock,http://books.toscrape.com/catalogue/you-cant-bury-them-all-poems_961/index.html,"A poetry that is at once harrowing, angry, and achingly beautiful Patrick Woodcock has spent the past seven years engaging with and being shaped by the people, politics, and landscapes of the Kurdish north of Iraq, Fort Good Hope in the Northwest Territories, and Azerbaijan. His powerful new collection offers a poetry that simultaneously explores hope and horror while documenting the transformative processes of coping. You can’t bury them all follows the narratives we construct to survive the tragic failures of our humanity to their very end: everything that’s buried by snow, dirt, and ash, just like everything that’s",Poetry,Adult
Slow States of Collapse: Poems,57.31,3,In stock,http://books.toscrape.com/catalogue/slow-states-of-collapse-poems_960/index.html,"In her debut collection, Ashley-Elizabeth Best explores the cultivation of resilience during uncertain and often trying times. It’s a book built around day-to-day conflicts — poems about love, family, grief, power, and longing. Navigating the fault lines of popular culture and traditional poetry to assert that we are all history makers, Slow States of Collapse enters the landscape of personal narrative in an attempt to reconcile life’s little universal griefs. Slow States of Collapse presents a world that is at once menacing and full of wonder.",Poetry,Adult
Reasons to Stay Alive,26.41,2,In stock,http://books.toscrape.com/catalogue/reasons-to-stay-alive_959/index.html,"I want life. I want to read it and write it and feel it and live it. I want, for as much of the time as possible in this blink-of-an-eye existence we have, to feel all that can be felt. I hate depression. I am scared of it. Terrified, in fact. But at the same time, it has made me who I am. And if - for me - it is the price of feeling life, it's a price always worth paying. Reasons to Stay Alive is about making the most of your time on earth. In the western world the suicide rate is highest amongst men under the age of 35. Matt Haig could have added to that statistic when, aged 24, he found himself staring at a cliff-e",Non-Fiction,Adult
Private Paris (Private #10),47.61,5,In stock,http://books.toscrape.com/catalogue/private-paris-private-10_958/index.html,"Paris is burning--and only Private's Jack Morgan can put out the fire. When Jack Morgan stops by Private's Paris office, he envisions a quick hello during an otherwise relaxing trip filled with fine food and sightseeing. But Jack is quickly pressed into duty after a call from his client Sherman Wilkerson, asking Jack to track down his young granddaughter who is on the run from a brutal drug dealer. Before Jack can locate her, several members of France's cultural elite are found dead--murdered in stunning, symbolic fashion. The only link between the crimes is a mysterious graffiti tag. As religious and ethnic tensions s",Thriller,Adult
#HigherSelfie: Wake Up Your Life. Free Your Soul. Find Your Tribe.,23.11,5,In stock,http://books.toscrape.com/catalogue/higherselfie-wake-up-your-life-free-your-soul-find-your-tribe_957/index.html,"There is a cosmic alarm clock going off around the world! #HigherSelfie's aim is to unite all those waking up spiritually in this digital age. This book is a guide to love, connection, and kickass surrendered action for young people who have at least a toe in the door of spirituality. With a no-nonsense approach and full of wit and humor, this book shares age-old concepts in a language that is accessible to the modern spiritual audience. Whether you have just bought a yoga mat or have been meditating for years, this book will offer you guidance and support, whatever stage of the journey you're at.",Self-Help,Young Adult
Without Borders (Wanderlove #1),45.07,2,In stock,http://books.toscrape.com/catalogue/without-borders-wanderlove-1_956/index.html,"For Annie London, a month in a Central American rainforest means handing out mosquito nets, giving medical aid, and teaching children about the birds and the bees. With any luck, it will also land her application in the “accepted” pile at a top tier medical school. But as soon as she steps off the plane, Annie realizes her bug spray, feeble Spanish, and medical supplies won’t help her deal with her new feelings for Felipe—her best friend's older brother, who's much hotter than she remembers, and who also happens to be the doctor in charge of the trip.",Romance,Young Adult
When We Collided,31.77,1,In stock,http://books.toscrape.com/catalogue/when-we-collided_955/index.html,"We are seventeen and shattered and still dancing. We have messy, throbbing hearts, and we are stronger than anyone could ever know…Jonah never thought a girl like Vivi would come along.Vivi didn’t know Jonah would light up her world.Neither of them expected a summer like this…a summer that would rewrite their futures.In an unflinching story about new love, old wounds, and forces beyond our control, two teens find that when you collide with the right person at just the right time, it will change you forever.",Fiction,Young Adult
"We Love You, Charlie Freeman",50.27,5,In stock,http://books.toscrape.com/catalogue/we-love-you-charlie-freeman_954/index.html,"The Freeman family--Charles, Laurel, and their daughters, teenage Charlotte and nine-year-old Callie--have been invited to the Toneybee Institute in rural Massachusetts to participate in a research experiment. They will live in an apartment on campus with Charlie, a young chimp abandoned by his mother. The Freemans were selected for the experiment because they know sign language; they are supposed to teach it to Charlie and welcome him as a member of their family. Isolated in their new, nearly all-white community not just by their race but by their strange living situation, the Freemans come undone. And when Charlotte",Fiction,Adult
Untitled Collection: Sabbath Poems 2014,14.27,4,In stock,http://books.toscrape.com/catalogue/untitled-collection-sabbath-poems-2014_953/index.html,"More than thirty-five years ago, when the weather allowed, Wendell Berry began spending his sabbaths outdoors, walking and wandering around familiar territory, seeking a deep intimacy only time could provide. These walks arranged themselves into poems and each year since he has completed a sequence dated by the year of its composition. Last year we collected the lot into a collection, This Day, the Sabbath Poems 1979-2013. This new sequence for the following year is one of the richest yet. This group provides a virtual syllabus for all of Mr. Berry’s cultural and agricultural work in concentrated form.",Poetry,Adult
"Unseen City: The Majesty of Pigeons, the Discreet Charm of Snails & Other Wonders of the Urban Wilderness",44.18,4,In stock,http://books.toscrape.com/catalogue/unseen-city-the-majesty-of-pigeons-the-discreet-charm-of-snails-other-wonders-of-the-urban-wilderness_952/index.html,"It all started with Nathanael Johnson’s decision to teach his daughter the name of every tree they passed on their walk to day care in San Francisco. This project turned into a quest to discover the secrets of the neighborhood’s flora and fauna, and yielded more than names and trivia: Johnson developed a relationship with his nonhuman neighbors. Johnson argues that learning to see the world afresh, like a child, shifts the way we think about nature: Instead of something distant and abstract, nature becomes real—all at once comical, annoying, and beautiful. This shift can add tremendous value to our lives, and it might",Non-Fiction,Adult
Unicorn Tracks,18.78,3,In stock,http://books.toscrape.com/catalogue/unicorn-tracks_951/index.html,"After a savage attack drives her from her home, sixteen-year-old Mnemba finds a place in her cousin Tumelo’s successful safari business, where she quickly excels as a guide. Surrounding herself with nature and the mystical animals inhabiting the savannah not only allows Mnemba’s tracking skills to shine, it helps her to hide from the terrible memories that haunt her. Mnemba is employed to guide Mr. Harving and his daughter, Kara, through the wilderness as they study unicorns. The young women are drawn to each other, despite that fact that Kara is betrothed. During their research, they discover a conspiracy by a group",Fantasy,Young Adult
"Unbound: How Eight Technologies Made Us Human, Transformed Society, and Brought Our World to the Brink",25.52,1,In stock,http://books.toscrape.com/catalogue/unbound-how-eight-technologies-made-us-human-transformed-society-and-brought-our-world-to-the-brink_950/index.html,"Although we usually think of technology as something unique to modern times, our ancestors began to create the first technologies millions of years ago in the form of prehistoric tools and weapons. Over time, eight key technologies gradually freed us from the limitations of our animal origins. The fabrication of weapons, the mastery of fire, and the technologies of clothing and shelter radically restructured the human body, enabling us to walk upright, shed our body hair, and migrate out of tropical Africa. Symbolic communication transformed human evolution from a slow biological process into a fast cultural process.",Non-Fiction,Adult
Tsubasa: WoRLD CHRoNiCLE 2 (Tsubasa WoRLD CHRoNiCLE #2),16.28,1,In stock,http://books.toscrape.com/catalogue/tsubasa-world-chronicle-2-tsubasa-world-chronicle-2_949/index.html,"In the land of Nirai Kanai, there are two realms, one that is the ""outside"" world, and another that is ""inside"" and hidden from the rest of reality. At the request of the holy Himegami, Syaoran ventures into this inside realm to investigate an anomaly, but what he sees there is very different from what Fai and Kurogane see. What does this discrepancy mean, and what can they do to overcome it?!",Fantasy,Young Adult
Throwing Rocks at the Google Bus: How Growth Became the Enemy of Prosperity,31.12,3,In stock,http://books.toscrape.com/catalogue/throwing-rocks-at-the-google-bus-how-growth-became-the-enemy-of-prosperity_948/index.html,"Capital in the Twenty-First Century meets The Second Machine Age in this stunning and optimistic tour de force on the promise and peril of the digital economy, from one of the most brilliant social critics of our time. Digital technology was supposed to usher in a new age of endless prosperity, but so far it has been used to put industrial capitalism on steroids, making it harder for people and businesses to keep up. Social networks surrender their original missions to more immediately profitable data mining, while brokerage houses abandon value investing for algorithms that drain markets and our 401ks alike--all tactics",Non-Fiction,Adult
This One Summer,19.49,4,In stock,http://books.toscrape.com/catalogue/this-one-summer_947/index.html,"Every summer, Rose goes with her mom and dad to a lake house in Awago Beach. It's their getaway, their refuge. Rosie's friend Windy is always there, too, like the little sister she never had. But this summer is different. Rose's mom and dad won't stop fighting, and when Rose and Windy seek a distraction from the drama, they find themselves with a whole new set of problems. It's a summer of secrets and sorrow and growing up, and it's a good thing Rose and Windy have each other. In This One Summer two stellar creators redefine the teen graphic novel. Cousins Mariko and Jillian Tamaki, the team behind Skim, have collabor",Graphic Novel,Young Adult
Thirst,17.27,5,In stock,http://books.toscrape.com/catalogue/thirst_946/index.html,"On a searing summer Friday, Eddie Chapman has been stuck for hours in a traffic jam. There are accidents along the highway, but ambulances and police are conspicuously absent. When he decides to abandon his car and run home, he sees that the trees along the edge of a stream have been burnt, and the water in the streambed is gone. Something is very wrong. When he arrives home, the power is out and there is no running water. The pipes everywhere, it seems, have gone dry. Eddie and his wife, Laura, find themselves thrust together with their neighbors while a sense of unease thickens in the stifling night air. Thirst take",Thriller,Adult
The Torch Is Passed: A Harding Family Story,19.09,1,In stock,http://books.toscrape.com/catalogue/the-torch-is-passed-a-harding-family-story_945/index.html,"Andrea Harding is a recent college graduate looking forward to attending Duke Law School when her world is turned upside down by the shooting of her father, Nicholas, and uncle, Michael, in a surprising and puzzling attack. They are the only family she has, aside from her paternal grandmother Dorothy, so when her uncle dies from the attack and her father lays comatose in ICU, it falls to Andrea to not only investigate who would want to kill her father and uncle, but also to oversee Harding Industries, the family company. When her father’s longtime attorney and one of a handful of family friends, Beth Cowling, rushes",Thriller,Adult
The Secret of Dreadwillow Carse,56.13,1,In stock,http://books.toscrape.com/catalogue/the-secret-of-dreadwillow-carse_944/index.html,"A princess and a peasant girl must embark on a dangerous quest to outwit a centuries-old warning foretelling the fall of the Monarchy in this modern fairytale. In the center of the verdant Monarchy lies Dreadwillow Carse, a black and desolate bog that the happy people of the land do their best to ignore. Little is known about it, except for one dire warning: If any monarch enters Dreadwillow Carse, then the Monarchy will fall. Twelve-year-old Princess Jeniah yearns to know what the marsh could possibly conceal that might topple her family’s thousand-year reign of peace and prosperity.",Fantasy,Young Adult
"The Pioneer Woman Cooks: Dinnertime: Comfort Classics, Freezer Food, 16-Minute Meals, and Other Delicious Ways to Solve Supper!",56.41,1,In stock,http://books.toscrape.com/catalogue/the-pioneer-woman-cooks-dinnertime-comfort-classics-freezer-food-16-minute-meals-and-other-delicious-ways-to-solve-supper_943/index.html,"THERE’S NO TIME LIKE DINNERTIME!Oh, don’t get me wrong. I adore breakfast. I love lunch! But dinnertime definitely tops them all. It’s the time of day when we reunite with our sweeties, our kids, our friends, our parents . . . and catch up on the events of the day over something mouthwatering and delicious. Dinnertime anchors us, nourishes us, and reassures us. It’s the greatest meal of the day! The Pioneer Woman Cooks: Dinnertime is a beloved collection of all the scrumptious supper recipes that make their way through my kitchen in regular rotation, from main dish salads to satisfying soups to hearty casseroles to c",Cookbook,Adult
The Past Never Ends,56.5,4,In stock,http://books.toscrape.com/catalogue/the-past-never-ends_942/index.html,"A simple task, Attorney Chester Morgan thinks. Get a copy of a public record for a young man whose only friend has died in an unexplained accidental death. Except... The police file regarding the demise of sex worker Tanya Everly has been sealed by the order of the chief of police, and no one will talk. Warned to drop the matter, Attorney Morgan knows that if he doesn't speak for the dead young woman, no one will. Haunted by his discovery of the body of a prominent local oilman, Morgan pursues a quest for justice that puts his reputation, career, and life at risk. A journey that takes him into the dark shadows of the",Thriller,Adult
The Natural History of Us (The Fine Art of Pretending #2),45.22,3,In stock,http://books.toscrape.com/catalogue/the-natural-history-of-us-the-fine-art-of-pretending-2_941/index.html,"One class assignment. One second chance at love. The school player is all in. Now he needs to win back the sweet commitment girl who's forever owned his heart. Justin Carter has a secret. He's not the total player Fairfield Academy believes him to be. Not really. In fact, he used to be a one-woman guy...and his feelings for her never went away. Too bad he broke her heart three years ago and made sure to ruin any chance she'd ever forgive him. Peyton Williams is a liar. She pretends to be whole, counting down the days until graduation and helping her parents at the family ranch. But the truth is, she's done everything",Romance,Young Adult
The Nameless City (The Nameless City #1),38.16,4,In stock,http://books.toscrape.com/catalogue/the-nameless-city-the-nameless-city-1_940/index.html,"Every nation that invades the City gives it a new name. But before long, new invaders arrive and the City changes hands once again. The natives don't let themselves get caught up in the unending wars. To them, their home is the Nameless City, and those who try to name it are forever outsiders. Kaidu is one such outsider. He's a Dao born and bred--a member of the latest occupying nation. Rat is a native of the Nameless City. At first, she hates Kai for everything he stands for, but his love of his new home may be the one thing that can bring these two unlikely friends together.",Fantasy,Young Adult
The Murder That Never Was (Forensic Instincts #5),54.11,3,In stock,http://books.toscrape.com/catalogue/the-murder-that-never-was-forensic-instincts-5_939/index.html,"Given the opportunity, would you assume someone else's identity and leave your old life behind? A serendipitous crossing of paths between Lisa Barnes, a down-on-her-luck job seeker, and Julie Forman, a personal trainer to an Olympic hopeful, forever changes the course of both women's lives. One winds up dead and the other finds herself a fugitive, hiding behind one lie after another as a cold-blooded killer methodically hunts her. Desperately trying to stay alive, the terrified woman enlists the help of Forensic Instincts, a rogue investigative team that clandestinely operates in the gray area between legal and illegal.",Thriller,Adult
The Most Perfect Thing: Inside (and Outside) a Bird's Egg,42.96,4,In stock,http://books.toscrape.com/catalogue/the-most-perfect-thing-inside-and-outside-a-birds-egg_938/index.html,"Renowned ornithologist Tim Birkhead opens this gripping story as a female guillemot chick hatches, already carrying her full quota of tiny eggs within her undeveloped ovary. As she grows into adulthood, only a few of her eggs mature, are released into the oviduct, and are fertilized by sperm stored from copulation that took place days or weeks earlier. Within a matter of hours, the fragile yolk is surrounded by albumen and the whole is gradually encased within a turquoise jewel of a shell. Soon afterward the fully formed egg is expelled onto a bare rocky ledge, where it will be incubated for four weeks before another",Non-Fiction,Adult
"The Mindfulness and Acceptance Workbook for Anxiety: A Guide to Breaking Free from Anxiety, Phobias, and Worry Using Acceptance and Commitment Therapy",23.89,4,In stock,http://books.toscrape.com/catalogue/the-mindfulness-and-acceptance-workbook-for-anxiety-a-guide-to-breaking-free-from-anxiety-phobias-and-worry-using-acceptance-and-commitment-therapy_937/index.html,"Is anxiety and fear a problem for you? Have you tried to win the war with your anxious mind and body, only to end up feeling frustrated, powerless, and stuck? If so, you’re not alone. But there is a way forward, a path into genuine happiness, and a way back into living the kind of life you so desperately want. This workbook will help you get started on this new journey today! Now in its second edition, The Mindfulness and Acceptance Workbook for Anxiety offers a new approach to your anxiety, fears, and your life. Within its pages, you’ll find a powerful and tested set of tools and strategies to help you gain freedom f",Self-Help,Adult
The Life-Changing Magic of Tidying Up: The Japanese Art of Decluttering and Organizing,16.77,3,In stock,http://books.toscrape.com/catalogue/the-life-changing-magic-of-tidying-up-the-japanese-art-of-decluttering-and-organizing_936/index.html,"Despite constant efforts to declutter your home, do papers still accumulate like snowdrifts and clothes pile up like a tangled mess of noodles? Japanese cleaning consultant Marie Kondo takes tidying to a whole new level, promising that if you properly simplify and organize your home once, you'll never have to do it again. Most methods advocate a room-by-room or little-by-little approach, which doom you to pick away at your piles of stuff forever. The KonMari Method, with its revolutionary category-by-category system, leads to lasting results. In fact, none of Kondo's clients have lapsed (and she still has a three-mont",Self-Help,Adult
"The Inefficiency Assassin: Time Management Tactics for Working Smarter, Not Longer",20.59,5,In stock,http://books.toscrape.com/catalogue/the-inefficiency-assassin-time-management-tactics-for-working-smarter-not-longer_935/index.html,"Slay Procrastination, Distraction, and Overwhelm! Who doesn’t want more time and energy for family, friends, and personal passions? Author Helene Segura coaches real people in the real world to operate more efficiently during the workday, so they can have a life outside it. Her engaging time management program caters to diverse learning styles, offering case studies that allow readers to self-diagnose and zero in on the strategies most appropriate for them. Anyone wanting to streamline workflow and improve productivity can employ her wonderfully doable techniques — for clearing task lists, handling reminder systems.",Self-Help,Adult
The Gutsy Girl: Escapades for Your Life of Epic Adventure,37.13,1,In stock,http://books.toscrape.com/catalogue/the-gutsy-girl-escapades-for-your-life-of-epic-adventure_934/index.html,"Why should girls miss out on the joy of adventure? They can jump off rocks, swing on ropes, and climb trees just as well as boys can. But girls often allow fear to stand in their way. In The Gutsy Girl, author Caroline Paul emboldens girls to seek out a life of exhilaration. Once a young scaredy-cat herself, Caroline decided that fear got in the way of the life she wanted--of excitement, confidence, self-reliance, friendship, and fun. She has since flown planes, rafted big rivers, climbed tall mountains, and fought fires as one of the first female firefighters in San Francisco.",Non-Fiction,Young Adult
The Electric Pencil: Drawings from Inside State Hospital No. 3,56.06,1,In stock,http://books.toscrape.com/catalogue/the-electric-pencil-drawings-from-inside-state-hospital-no-3_933/index.html,"Deeds's subtle, meticulous, and wildly imaginative pencil and crayon drawings portray an unusual cast of characters: nineteenth-century dandies, Civil War soldiers, antique cars, fantastic boats and trains, country landscapes dotted with roaming animals, and fanciful architecture. None of these existed in the actual mid-twentieth-century landscape of Deeds's own life, but rather were representations of his inner world—an artist's poignant tribute to a faded past. Deeds lovingly bound his artwork in a cardboard and leather portfolio, a present for his mother. After being accidentally discarded in 1970, the album was res",Biography,Adult
The Death of Humanity: and the Case for Life,58.11,4,In stock,http://books.toscrape.com/catalogue/the-death-of-humanity-and-the-case-for-life_932/index.html,"Do you believe human life is inherently valuable? Unfortunately, in the secularized age of state-sanctioned euthanasia and abortion-on-demand, many are losing faith in the simple value of human life. To the disillusioned, human beings are a cosmic accident whose intrinsic value is worth no more than other animals. The Death of Humanity explores our culture's declining respect for the sanctity of human life, drawing on philosophy and history to reveal the dark road ahead for society if we lose our faith in human life.",Non-Fiction,Adult
"The Bulletproof Diet: Lose up to a Pound a Day, Reclaim Energy and Focus, Upgrade Your Life",49.05,3,In stock,http://books.toscrape.com/catalogue/the-bulletproof-diet-lose-up-to-a-pound-a-day-reclaim-energy-and-focus-upgrade-your-life_931/index.html,"In his midtwenties, Dave Asprey was a successful Silicon Valley multimillionaire. He also weighed 300 pounds, despite the fact that he was doing what doctors recommended: eating 1,800 calories a day and working out 90 minutes a day, six times a week. When his excess fat started causing brain fog and food cravings sapped his energy and willpower, Asprey turned to the same hacking techniques that made his fortune to ""hack"" his own biology, investing more than $300,000 and 15 years to uncover what was hindering his energy, performance, appearance, and happiness. From private brain EEG facilities to remote monasteries in",Non-Fiction,Adult
The Art Forger,40.76,3,In stock,http://books.toscrape.com/catalogue/the-art-forger_930/index.html,"On March 18, 1990, thirteen works of art today worth over $500 million were stolen from the Isabella Stewart Gardner Museum in Boston. It remains the largest unsolved art heist in history, and Claire Roth, a struggling young artist, is about to discover that there’s more to this crime than meets the eye. Making a living reproducing famous artworks for a popular online retailer and desperate to improve her situation, Claire is lured into a Faustian bargain with Aiden Markel, a powerful gallery owner. She agrees to forge a painting—a Degas masterpiece stolen from the Gardner Museum—in exchange for a one-woman show in his gallery.",Mystery,Adult
The Age of Genius: The Seventeenth Century and the Birth of the Modern Mind,19.73,1,In stock,http://books.toscrape.com/catalogue/the-age-of-genius-the-seventeenth-century-and-the-birth-of-the-modern-mind_929/index.html,"The Age of Genius explores the eventful intertwining of outward event and inner intellectual life to tell, in all its richness and depth, the story of the 17th century in Europe. It was a time of creativity unparalleled in history before or since, from science to the arts, from philosophy to politics. Acclaimed philosopher and historian A.C. Grayling points to three primary factors that led to the rise of vernacular (popular) languages in philosophy, theology, science, and literature; the rise of the individual as a general and not merely an aristocratic type; and the invention and application of instruments and meas.",History,Adult
The Activist's Tao Te Ching: Ancient Advice for a Modern Revolution,32.24,5,In stock,http://books.toscrape.com/catalogue/the-activists-tao-te-ching-ancient-advice-for-a-modern-revolution_928/index.html,"Change and anger are in the air. Looking for answers to today’s wrenching challenges, William Martin turns to the Tao Te Ching and finds that while Taoism is known for its quiet, enigmatic wisdom, the Tao can also have the cleansing force of a rushing river. Through his interpretation of this ancient Chinese text, Martin elucidates revolutionary messages condemning power-seeking and greed. He emphasizes that humans have a “natural virtue” that can help them heal the planet; shows how Taoism’s simplicity can be subversive and its flexibility a potent force; and reassures that “when injustice is the rule, justice always",Non-Fiction,Adult
Spark Joy: An Illustrated Master Class on the Art of Organizing and Tidying Up,41.83,4,In stock,http://books.toscrape.com/catalogue/spark-joy-an-illustrated-master-class-on-the-art-of-organizing-and-tidying-up_927/index.html,"Marie Kondo’s unique KonMari Method of tidying up is nothing short of life-changing—and her first book, The Life-Changing Magic of Tidying Up, has become a worldwide sensation. In Spark Joy, Kondo presents an in-depth, illustrated manual on how to declutter and organize specific items throughout the house, from kitchen and bathroom items to work-related papers and hobby collections. User-friendly line drawings illustrate Kondo’s patented folding method as it applies to shirts, pants, socks, and jackets, as well as images of properly organized drawers, closets, and cabinets. This book is perfect for anyone who wants a",Non-Fiction,Adult
Soul Reader,39.58,2,In stock,http://books.toscrape.com/catalogue/soul-reader_926/index.html,Along with magic realism and a plethora of literary references throughout issues such as free will and identity flood the pages. What if your destiny was decided for you? What if you were meant for more?,Fiction,Young Adult
Security,39.25,2,In stock,http://books.toscrape.com/catalogue/security_925/index.html,"Original and imaginative . . . Ripping suspense, sheer terror, and a wrenching love story.” —Sandra Brown, New York Times bestselling author of FrictionThe terrible truth about Manderley is that someone is always watching. Manderley Resort is a gleaming, new twenty-story hotel on the California coast. It’s about to open its doors, and the world--at least those with the means to afford it--will be welcomed into a palace of opulence and unparalleled security. But someone is determined that Manderley will never open. The staff has no idea that their every move is being watched, and over the next twelve hours they will",Thriller,Adult
"Saga, Volume 6 (Saga (Collected Editions) #6)",25.02,3,In stock,http://books.toscrape.com/catalogue/saga-volume-6-saga-collected-editions-6_924/index.html,"After a dramatic time jump, the three-time Eisner Award winner for Best Continuing Series continues to evolve, as Hazel begins the most exciting adventure of her life: kindergarten. Meanwhile, her star-crossed family learns hard lessons of their own. Collects SAGA #31-36",Fantasy,Young Adult
"Saga, Volume 5 (Saga (Collected Editions) #5)",51.04,2,In stock,http://books.toscrape.com/catalogue/saga-volume-5-saga-collected-editions-5_923/index.html,"Multiple storylines collide in this cosmos-spanning new volume. While Gwendolyn and Lying Cat risk everything to find a cure for The Will, Marko makes an uneasy alliance with Prince Robot IV to find their missing children, who are trapped on a strange world with terrifying new enemies. Collects Saga #25-30.",Fantasy,Adult
Reskilling America: Learning to Labor in the Twenty-First Century,19.83,2,In stock,http://books.toscrape.com/catalogue/reskilling-america-learning-to-labor-in-the-twenty-first-century_922/index.html,"From Katherine Newman, award-winning author of No Shame in My Game, and sociologist Hella Winston, a sharp and irrefutable call to reenergize this nation's long-neglected system of vocational training. After decades of off-shoring and downsizing that have left blue collar workers obsolete and stranded, the United States is now on the verge of an industrial renaissance. But we don't have a skilled enough labor pool to fill the positions that will be created, which are in many cases technically demanding and require specialized skills. A decades-long series of idealistic educational policies with the expressed goal of ge",Non-Fiction,Adult
"Rat Queens, Vol. 3: Demons (Rat Queens (Collected Editions) #11-15)",50.4,3,In stock,http://books.toscrape.com/catalogue/rat-queens-vol-3-demons-rat-queens-collected-editions-11-15_921/index.html,"Having survived the end of the world, the Queens follow Hannah back to where it all began: Mage University. A long perilous journey awaits the Rat Queens as they attempt to find out what happened to Hannah's father while battling their own demons. Collects RAT QUEENS #11-15",Fantasy,Young Adult
"Princess Jellyfish 2-in-1 Omnibus, Vol. 01 (Princess Jellyfish 2-in-1 Omnibus #1)",13.61,5,In stock,http://books.toscrape.com/catalogue/princess-jellyfish-2-in-1-omnibus-vol-01-princess-jellyfish-2-in-1-omnibus-1_920/index.html,"THE LONG-AWAITED STORY OF FANGIRLS TAKING ON TOKYO! Special large-size 2-in-1 edition of over 400 pages! ""One of the best anime and manga for beginners. Enthusiasm - geeky and otherwise - is power in Princess Jellyfish. Enthusiasm saves the day and paves the road to the future."" - Kotaku ""Princess Jellyfish's ambition is simple: to tell a delightful story in a delightful way. It's a pretty deadly one-two punch."" - Anime News Network ""Loaded with heart, soul, humor and insight."" - About.com STINGING BEAUTY Tsukimi Kurashita has a strange fascination with jellyfish. She’s loved them from a young age and has carried that love into adulthood.",Fantasy,Young Adult
Princess Between Worlds (Wide-Awake Princess #5),13.34,5,In stock,http://books.toscrape.com/catalogue/princess-between-worlds-wide-awake-princess-5_919/index.html,"Just as Annie and Liam are busy making plans to travel the world, a witch shows up and gives them a collection of postcards from the Magic Marketplace. Each postcard gives Annie and Liam the opportunity to travel to exotic lands and far-flung kingdoms. What the witch doesn't give them are directions on how to safely return.",Fantasy,Young Adult
"Pop Gun War, Volume 1: Gift",18.97,1,In stock,http://books.toscrape.com/catalogue/pop-gun-war-volume-1-gift_918/index.html,"Pop Gun War is about childhood, self-discovery, oppression, guilt, dreams, loneliness, whatever. It is more about a feeling you, the reader, get from the story rather than a typical narrative. If you wanted to get literal, it is about an inner city boy, Sinclair, who discovers a pair of discarded angel wings. With these wings, Sinclair flies around the city and gets into adventures. Collecting the first five issues of Dalrymple's acclaimed comic book series Pop Gun War, this book provides a capsule look at Dalrymple's vision of urban fantasy. Set in New York.",Fantasy,Young Adult
"Political Suicide: Missteps, Peccadilloes, Bad Calls, Backroom Hijinx, Sordid Pasts, Rotten Breaks, and Just Plain Dumb Mistakes in the Annals of American Politics",36.28,2,In stock,http://books.toscrape.com/catalogue/political-suicide-missteps-peccadilloes-bad-calls-backroom-hijinx-sordid-pasts-rotten-breaks-and-just-plain-dumb-mistakes-in-the-annals-of-american-politics_917/index.html,"Just in time for the presidential election of 2016 comes Political Suicide, a history of the best and most interesting missteps, peccadilloes, bad calls, back room hijinks, sordid pasts, rotten breaks, and just plain dumb mistakes in the annals of American politics. They have tweeted their private parts to women they're trying to impress. They have gotten caught on tape doing and saying things they really shouldn't have. They have denied knowing about the underhanded doings of underlings — only to have a paper trail lead straight back to them. Nowadays, it seems like half of what we hear about politicians isn't about",Non-Fiction,Adult
Patience,10.16,3,In stock,http://books.toscrape.com/catalogue/patience_916/index.html,"Patience is a psychedelic science-fiction love story, veering with uncanny precision from violent destruction to deeply personal tenderness in a way that is both quintessentially “Clowesian” and utterly unique in the author’s body of work. This 180-page, full-color original graphic novel affords Clowes the opportunity to draw some of the most exuberant and breathtaking pages of his life, and to tell his most suspenseful, surprising and affecting story yet.",Science Fiction,Adult
"Outcast, Vol. 1: A Darkness Surrounds Him (Outcast #1)",15.44,4,In stock,http://books.toscrape.com/catalogue/outcast-vol-1-a-darkness-surrounds-him-outcast-1_915/index.html,"NEW HORROR SERIES FROM THE WALKING DEAD CREATOR ROBERT KIRKMAN! Kyle Barnes has been plagued by demonic possession all his life and now he needs answers. Unfortunately, what he uncovers along the way could bring about the end of life on Earth as we know it. Collects OUTCAST BY KIRKMAN & AZACETA #1-6.",Horror,Adult
orange: The Complete Collection 1 (orange: The Complete Collection #1),48.41,1,In stock,http://books.toscrape.com/catalogue/orange-the-complete-collection-1-orange-the-complete-collection-1_914/index.html,"On the day that Naho begins 11th grade, she recieves a letter from herself ten years in the future. At first, she writes it off as a prank, but as the letter’s predictions come true one by one Naho realizes that the letter might be the real deal. Her future self tells Naho that a new transfer student, a boy named Kakeru, will soon join her class. The letter begs Naho to watch over him, saying that only Naho can save Kakeru from a terrible future. Who is this mystery boy, and can Naho save him from his destiny? The heart-wrenching sci-fi romance that has over million copies in print in Japan!",Romance,Young Adult
Online Marketing for Busy Authors: A Step-By-Step Guide,46.35,1,In stock,http://books.toscrape.com/catalogue/online-marketing-for-busy-authors-a-step-by-step-guide_913/index.html,"If You Want People to Read Your Book, Writing It Is Only the Beginning There has truly never been a better time to be an author. For the first time, authors have direct access to the public via the Internet and can create a community eagerly awaiting their book. But where do new authors start? How do they sort through the dizzying range of online options? Where should they spend their time online and what should they be doing? Enter Fauzia Burke, a digital book marketing pioneer and friend of overwhelmed writers everywhere. She takes authors step-by-step through the process of identifying their unique personal brand.",Non-Fiction,Adult
On a Midnight Clear,14.07,3,In stock,http://books.toscrape.com/catalogue/on-a-midnight-clear_912/index.html,"It's Christmas Eve and private investigator Adam Fraley has lost his way while traveling a remote rural road in the foothills of the Colorado Rockies during a heavy snowstorm. At a loss as to where to turn next, he happens upon an isolated cabin in the woods where he stops to seek directions. There to greet him is the dwelling's lone inhabitant, an enchanting young girl who invites him out of the storm. Puzzled by the circumstances of a child left home along under such conditions, Fraley soon discovers the horrific reason why, a revelation that launches him into an intensive search for both a killer and a trove of bu",Thriller,Adult
Obsidian (Lux #1),14.86,2,In stock,http://books.toscrape.com/catalogue/obsidian-lux-1_911/index.html,"Starting over sucks. When we moved to West Virginia right before my senior year, I’d pretty much resigned myself to thick accents, dodgy internet access, and a whole lot of boring… until I spotted my hot neighbor, with his looming height and eerie green eyes. Things were looking up. And then he opened his mouth. Daemon is infuriating. Arrogant. Stab-worthy. We do not get along. At all. But when a stranger attacks me and Daemon literally freezes time with a wave of his hand, well, something… unexpected happens. The hot alien living next door marks me. You heard me. Alien. Turns out Daemon and his sister have a galaxy of e",Fantasy,Young Adult
My Paris Kitchen: Recipes and Stories,33.37,2,In stock,http://books.toscrape.com/catalogue/my-paris-kitchen-recipes-and-stories_910/index.html,"A collection of stories and 100 sweet and savory French-inspired recipes from popular food blogger David Lebovitz, reflecting the way Parisians eat today and featuring lush photography taken around Paris and in David's Parisian kitchen. It’s been ten years since David Lebovitz packed up his most treasured cookbooks, a well-worn cast-iron skillet, and his laptop and moved to Paris. In that time, the culinary culture of France has shifted as a new generation of chefs and home cooks—most notably in Paris—incorporates ingredients and techniques from around the world into traditional French dishes.",Cookbook,Adult
Masks and Shadows,56.4,2,In stock,http://books.toscrape.com/catalogue/masks-and-shadows_909/index.html,"The year is 1779, and Carlo Morelli, the most renowned castrato singer in Europe, has been invited as an honored guest to Eszterháza Palace. With Carlo in Prince Nikolaus Esterházy's carriage, ride a Prussian spy and one of the most notorious alchemists in the Habsburg Empire. Already at Eszterháza is Charlotte von Steinbeck, the very proper sister of Prince Nikolaus's mistress. Charlotte has retreated to the countryside to mourn her husband's death. Now, she must overcome the ingrained rules of her society in order to uncover the dangerous secrets lurking within the palace's golden walls. Music, magic, and blackmail",Historical Fiction,Adult
"Mama Tried: Traditional Italian Cooking for the Screwed, Crude, Vegan, and Tattooed",14.02,4,In stock,http://books.toscrape.com/catalogue/mama-tried-traditional-italian-cooking-for-the-screwed-crude-vegan-and-tattooed_908/index.html,"Cecilia Granata grew up cooking with her family in Italy. As a vegan, she learned to adapt her favorite recipes from around the country to be animal free while retaining the flavor and feeling of true Italian home cooking. She shares her commitment to ethical and artful eating in this alphabetically-arranged volume with over 100 recipes, ranging from traditional favorites to homemade liqueurs to aphrodisiacs—all ""senza sofferenza,"" without suffering. The recipes are lushly illustrated with Granata's food-inspired tattoo art.",Cookbook,Adult
"Lumberjanes, Vol. 2: Friendship to the Max (Lumberjanes #5-8)",46.91,2,In stock,http://books.toscrape.com/catalogue/lumberjanes-vol-2-friendship-to-the-max-lumberjanes-5-8_907/index.html,"What a mystery! Jo, April, Mal, Molly, and Ripley are not your average campers and Miss Qiunzella Thiskwin Penniquiqul Thistle Crumpet's Camp for Hardcore Lady-Types is not your average summer camp. Between the river monsters, magic, and the art of friendship bracelets, this summer is only just beginning. Join the Lumberjanes as they take on raptors and a sibling rivalry that only myths are made of. This New York Times bestseller and Eisner Award-nominated series is written by awesome all-star Noelle Stevenson and brilliant newcomer Grace Ellis, and illustrated by the tremendously talented Brooke Allen.",Fantasy,Young Adult
"Lumberjanes, Vol. 1: Beware the Kitten Holy (Lumberjanes #1-4)",45.61,3,In stock,http://books.toscrape.com/catalogue/lumberjanes-vol-1-beware-the-kitten-holy-lumberjanes-1-4_906/index.html,"At Miss Qiunzilla Thiskwin Penniquiqul Thistle Crumpet's camp for hard-core lady-types, things are not what they seem. Three-eyed foxes. Secret caves. Anagrams. Luckily, Jo, April, Mal, Molly, and Ripley are five rad, butt-kicking best pals determined to have an awesome summer together... And they're not gonna let a magical quest or an array of supernatural critters get in their way! The mystery keeps getting bigger, and it all begins here. Collects Lumberjanes No. 1-4.",Fantasy,Young Adult
Lumberjanes Vol. 3: A Terrible Plan (Lumberjanes #9-12),19.92,2,In stock,http://books.toscrape.com/catalogue/lumberjanes-vol-3-a-terrible-plan-lumberjanes-9-12_905/index.html,"This New York Times Bestselling series continues with Jo, April, Mal, Molly, and Ripley as they take on everything that goes bump in the night. From scary stories to magical portals that lead to a land untouched by time, it's definitely not your average summer.",Fantasy,Young Adult
"Layered: Baking, Building, and Styling Spectacular Cakes",40.11,1,In stock,http://books.toscrape.com/catalogue/layered-baking-building-and-styling-spectacular-cakes_904/index.html,"It’s time to venture beyond vanilla and chocolate and take your baking skills up a notch. We’re talking layers—two, three, four, or more! Create sky-high, bakery-quality treats at home with Tessa Huff’s 150 innovative recipes, which combine new and exciting flavors of cake, fillings, and frostings—everything from pink peppercorn cherry to bourbon butterscotch, and pumpkin vanilla chai to riesling rhubarb and raspberry chocolate stout. Including contemporary baking methods and industry tips and tricks, Layered covers every decorating technique you’ll ever need with simple instructions and gorgeous step-by-step photos.",Non-Fiction,Adult
Judo: Seven Steps to Black Belt (an Introductory Guide for Beginners),53.9,2,In stock,http://books.toscrape.com/catalogue/judo-seven-steps-to-black-belt-an-introductory-guide-for-beginners_903/index.html,"Displaying the most impressive throws, compelling armbars, dominant pins, and decisive chokes, judo is a particularly powerful sport and martial art that can bring opponents into submission in highly effective ways. With determination and perseverance, such tremendous power could be yours. Designed with safety considerations in mind, judo allows people of all ages to be involved in a long-term fitness activity with opportunities for continuous improvement. Judo is a way of life that promotes physical and mental harmony, encourages the development of self-confidence and leadership abilities, prepares practitioners to",Non-Fiction,Adult
Join,35.67,5,In stock,http://books.toscrape.com/catalogue/join_902/index.html,"What if you could live multiple lives simultaneously, have constant, perfect companionship, and never die? That’s the promise of Join, a revolutionary technology that allows small groups of minds to unite, forming a single consciousness that experiences the world through multiple bodies. But as two best friends, Chance and Lucky, living in an alternate version of our own near future quickly discover, the light of that miracle may be blinding them to its horrors. Jolted out of comfortable, professional routines by a brutal encounter with a terrifying stranger and a malfunction in the join technology, Chance and Lucky f",Science Fiction,Adult
In the Country We Love: My Family Divided,22.0,4,In stock,http://books.toscrape.com/catalogue/in-the-country-we-love-my-family-divided_901/index.html,"The star of Orange is the New Black and Jane the Virgin presents her personal story of the real plight of undocumented immigrants in this country. Diane Guerrero, the television actress from the megahit Orange is the New Black and Jane the Virgin, was just fourteen years old on the day her parents and brother were arrested and deported while she was at school. Born in the U.S., Guerrero was able to remain in the country and continue her education, depending on the kindness of family friends who took her in and helped her build a life and a successful acting career for herself, without the support system of her family.",Biography,Adult
Immunity: How Elie Metchnikoff Changed the Course of Modern Medicine,57.36,5,In stock,http://books.toscrape.com/catalogue/immunity-how-elie-metchnikoff-changed-the-course-of-modern-medicine_900/index.html,"Around Christmas of 1882, while peering through a microscope at starfish larvae in which he had inserted tiny thorns, Russian zoologist Elie Metchnikoff had a brilliant insight: what if the mobile cells he saw gathering around the thorns were nothing but a healing force in action? Metchnikoff’s daring theory of immunity—that voracious cells he called phagocytes formed the first line of defense against invading bacteria—would eventually earn the scientist a Nobel Prize, shared with his archrival, as well as the unofficial moniker “Father of Natural Immunity.” But first he had to win over skeptics, especially those who",Biography,Adult
"I Hate Fairyland, Vol. 1: Madly Ever After (I Hate Fairyland (Compilations) #1-5)",29.17,2,In stock,http://books.toscrape.com/catalogue/i-hate-fairyland-vol-1-madly-ever-after-i-hate-fairyland-compilations-1-5_899/index.html,"From superstar writer and artist Skottie Young (Rocket Raccoon, Wizard of OZ, Fortunately, The Milk), comes the first volume of an all-new series of adventure and mayhem. An Adventure Time/Alice in Wonderland-style epic that smashes it's cute little face against grown-up, Tank Girl/Deadpool-esque violent madness. Follow Gert, a forty year old woman stuck in a six year olds body who has been stuck in the magical world of Fairyland for nearly thirty years. Join her and her giant battle-axe on a delightfully blood soaked journey to see who will survive the girl who HATES FAIRYLAND. Collecting Issues #1-5 for only $9.99.",Fantasy,Adult
I am a Hero Omnibus Volume 1,54.63,3,In stock,http://books.toscrape.com/catalogue/i-am-a-hero-omnibus-volume-1_898/index.html,"The zombie apocalypse has never been more surreal! A mentally unhinged manga artist witnesses the beginning of a zombie outbreak in Tokyo, and he's certain of only two things: he's destined to be the city's hero, and he possesses something very rare in Japan--an actual firearm! Kengo Hanazawa's award-winning series comes to Dark Horse, and this realistically-drawn international bestseller takes us from initial small battles for survival to a huge, body-horror epidemic that threatens all of humanity! These special omnibus volumes will collect two of the original Japanese books into each Dark Horse edition and include",Fantasy,Adult
How to Be Miserable: 40 Strategies You Already Use,46.03,1,In stock,http://books.toscrape.com/catalogue/how-to-be-miserable-40-strategies-you-already-use_897/index.html,"In How to Be Miserable, psychologist Randy Paterson outlines 40 specific behaviors and habits, which—if followed—are sure to lead to a lifetime of unhappiness. On the other hand, if you do the opposite, you may yet join the ranks of happy people everywhere! There are stacks upon stacks of self-help books that will promise you love, happiness, and a fabulous life. But how can you pinpoint the exact behaviors that cause you to be miserable in the first place? Sometimes when we’re depressed, or just sad or unhappy, our instincts tell us to do the opposite of what we should—such as focusing on the negative, dwelling on wh",Self-Help,Adult
Her Backup Boyfriend (The Sorensen Family #1),33.97,1,In stock,http://books.toscrape.com/catalogue/her-backup-boyfriend-the-sorensen-family-1_896/index.html,"One little white lie leads to more than she planned…Straight-laced lawyer Kate Matthews always plays by the rules. But when her ex gets engaged and a big promotion is on the line at work, she blurts out that she has a new boyfriend. And now that she’s proved she “has a life” outside of work, everything is perfect. Except for one teeny little detail—there is no boyfriend. A One little white lie leads to more than she planned…Straight-laced lawyer Kate Matthews always plays by the rules. But when her ex gets engaged and a big promotion is on the line at work, she blurts out that she has a new boyfriend. And now that she’s proved she “has a life” outside of work, everything is perfect. Except for one teeny little detail—there is no boyfriend. And now Kate’s liable for her little white lie…Dominic Sorensen is hot, charming, and very definitely not Kate’s type. But not only does Dominic want to help Kate renovate her home, he’s also willing to play “boyfriend.” All he wants in return is a l",Romance,Adult
"Giant Days, Vol. 2 (Giant Days #5-8)",22.11,2,In stock,http://books.toscrape.com/catalogue/giant-days-vol-2-giant-days-5-8_895/index.html,"Susan, Esther, and Daisy started at university three weeks ago and became fast friends. Now, away from home for the first time, all three want to reinvent themselves. But in the face of hand-wringing boys, “personal experimentation,” holiday balls, nu-chauvinism, and the willful, unwanted intrusion of “academia,” they may be lucky just to make it to spring alive. Giant Days, the comedic slice-of-life series from creator John Allison (Bad Machinery, Scary Go Round) and artist Lissa Treiman, has graduated to a second volume.",Fiction,Young Adult
Forever and Forever: The Courtship of Henry Longfellow and Fanny Appleton,29.69,3,In stock,http://books.toscrape.com/catalogue/forever-and-forever-the-courtship-of-henry-longfellow-and-fanny-appleton_894/index.html,"The first book in a new series which will focus on the lives of real historical figures who have intriguing stories of courtship that are recreated in fictionalized accounts based on real biographical and social history research. ""A well-researched, emotionally charged tale. A love story...fit for the ages."" -Publishers Weekly. It's 1836, and nineteen-year-old Fanny Appleton, a privileged daughter of a wealthy, upper-class Boston industrialist, is touring Europe with her family. Like many girls of her day, she enjoys the fine clothes, food, and company of the elite social circles.",Historical Romance,Adult
First and First (Five Boroughs #3),15.97,4,In stock,http://books.toscrape.com/catalogue/first-and-first-five-boroughs-3_893/index.html,"Caleb Stone was raised on the Upper East Side, where wealth and lineage reigns, and “alternative lifestyles” are hidden. It took him years to come out to his family, but he’s still stuck in the stranglehold of their expectations. Caleb knows he has to build his confidence and shake things up, but he doesn’t know how… until Oliver Buckley enters the picture. Oli is everything Caleb isn’t—risk-taking, provocative, and fiercely independent. Disowned by his family, Oli has made his own way in the world and is beholden to no one. After a chance encounter on New Year’s Eve, Caleb is smitten.",Romance,Young Adult
Fifty Shades Darker (Fifty Shades #2),21.96,1,In stock,http://books.toscrape.com/catalogue/fifty-shades-darker-fifty-shades-2_892/index.html,"Daunted by the singular sexual tastes and dark secrets of the beautiful, tormented young entrepreneur Christian Grey, Anastasia Steele has broken off their relationship to start a new career with a Seattle publishing house. But desire for Christian still dominates her every waking thought, and when he proposes a new arrangement, Anastasia cannot resist. They rekindle their searing sensual affair, and Anastasia learns more about the harrowing past of her damaged, driven, and demanding Fifty Shades. While Christian wrestles with his inner demons, Anastasia must confront her anger and envy of the women who came before her.",Romance,Adult
Everydata: The Misinformation Hidden in the Little Data You Consume Every Day,54.35,2,In stock,http://books.toscrape.com/catalogue/everydata-the-misinformation-hidden-in-the-little-data-you-consume-every-day_891/index.html,"While everyone is talking about “big data,” the truth is that understanding the “little data”—the stats that underlie newspaper headlines, stock reports, weather forecasts, and so on—is what helps you make smarter decisions at work, at home, and in every aspect of your life. The average person consumes approximately 30 gigabytes of data every single day, but has no idea how to interpret it correctly. EVERYDATA explains, through the eyes of an expert economist and statistician, how to decipher the small bytes of data we consume in a day.EVERYDATA is filled with countless examples of people misconstruing data—with resu",Non-Fiction,Adult
"Don't Be a Jerk: And Other Practical Advice from Dogen, Japan's Greatest Zen Master",37.97,2,In stock,http://books.toscrape.com/catalogue/dont-be-a-jerk-and-other-practical-advice-from-dogen-japans-greatest-zen-master_890/index.html,"A Radical but Reverent Paraphrasing of Dogen’s Treasury of the True Dharma Eye“Even if the whole universe is nothing but a bunch of jerks doing all kinds of jerk-type things, there is still liberation in simply not being a jerk.” — Eihei Dogen (1200–1253 CE)The Shobogenzo (The Treasury of the True Dharma Eye) is a revered eight-hundred-year-old Zen Buddhism classic written by the Japanese monk Eihei Dogen. Despite the timeless wisdom of his teachings, many consider the book difficult to understand and daunting to read. In Don’t Be a Jerk, Zen priest and bestselling author Brad Warner, through accessible paraphrasing",Non-Fiction,Adult
Danganronpa Volume 1,51.99,4,In stock,http://books.toscrape.com/catalogue/danganronpa-volume-1_889/index.html,"Each year, the elite Hope's Peak Academy selects only the most gifted and talented students to enroll...plus one ordinary student, chosen by lottery. Makoto Naegi was that lucky person--or so he thought! When he shows up for class, he finds the elite students are a bizarre cast of oddballs under the ruthless authority of a robot teddy bear principal, Monokuma. The bear lays down the school rules: the only way out of Hope's Peak is to not only murder another student...but get away with it, as every murder is followed by a tribunal where the surviving students cross-examine each other!Inspired by the Danganronpa videog",Fiction,Young Adult
Crown of Midnight (Throne of Glass #2),43.29,3,In stock,http://books.toscrape.com/catalogue/crown-of-midnight-throne-of-glass-2_888/index.html,"A line that should never be crossed is about to be breached. It puts this entire castle in jeopardy—and the life of your friend. From the throne of glass rules a king with a fist of iron and a soul as black as pitch. Assassin Celaena Sardothien won a brutal contest to become his Champion. Yet Celaena is far from loyal to the crown. She hides her secret vigilantly; she knows that the man she serves is bent on evil. Keeping up the deadly charade becomes increasingly difficult when Celaena realizes she is not the only one seeking justice. As she tries to untangle the mysteries buried deep within the glass castle, her clo",Fantasy,Young Adult
"Codename Baboushka, Volume 1: The Conclave of Death",36.72,4,In stock,http://books.toscrape.com/catalogue/codename-baboushka-volume-1-the-conclave-of-death_887/index.html,"What if the sexy Russian femme fatale was actually the main character? Mysterious young heiress Contessa Annika Malikova has been part of Manhattan high society for several years... but if they knew the truth, her dinner companions would faint! The white-haired Contessa is in fact the notorious criminal ""BABOUSHKA"" -- a former Moscow gang leader, now living in exile! But Baboushka's retirement is about to be shattered, as the US government has somehow discovered her true identity, and blackmails her into working for them! Now she must infiltrate a secret conclave of global crime lords, on a cruise liner, to retriev",Thriller,Adult
Camp Midnight,17.08,4,In stock,http://books.toscrape.com/catalogue/camp-midnight_886/index.html,"Ben 10 and Big Hero 6 creator Steven T. Seagle returns to comics with New Yorker Magazine cartoonist Jason Adam Katzenstein for a new graphic novel! Reluctant Skye is accidentally sent to the wrong summer camp. Not wanting to please her 'step monster,' Skye is dead-set on not fitting in. That won't be a problem, as everyone at Camp Midnight-with the exception of fellow camper and fast-friend Mia-is a full-fledged monster! The perfect book for fans of Raina Telgemeier's 'Smile,' but wish it had more bowls of gooey eyeballs.",Graphic Novel,Young Adult
Call the Nurse: True Stories of a Country Nurse on a Scottish Isle,29.14,5,In stock,http://books.toscrape.com/catalogue/call-the-nurse-true-stories-of-a-country-nurse-on-a-scottish-isle_885/index.html,"Tired of the pace and noise of life near London and longing for a better place to raise their young children, Mary J. MacLeod and her husband encountered their dream while vacationing on a remote island in the Scottish Hebrides. Enthralled by its windswept beauty, they soon were the proud owners of a near-derelict croft house--a farmer's stone cottage--on ""a small acre"" of land. Mary assumed duties as the island's district nurse. Call the Nurse is her account of the enchanted years she and her family spent there, coming to know its folk as both patients and friends.In anecdotes that are by turns funny, sad, moving, a",Biography,Adult
Burning,28.81,3,In stock,http://books.toscrape.com/catalogue/burning_884/index.html,"After three years in juvie, Angela Davis is just a few months shy of release, and she'll finally be free from the hole that is Brunesfield Correctional Facility. Then Jessica arrives. Only ten years old and under the highest security possible, this girl has to be dangerous, even if no one knows what she did to land in juvie. As strange things begin happening to Angela and her friends that can only be traced to the new girl's arrival, it becomes clear that Brunesfield is no longer safe. They must find a way to get out, but how can they save themselves when the world has forgotten them?",Fiction,Young Adult
Bossypants,49.46,2,In stock,http://books.toscrape.com/catalogue/bossypants_883/index.html,"Before Liz Lemon, before 'Weekend Update,' before 'Sarah Palin,' Tina Fey was just a young girl with a dream: a recurring stress dream that she was being chased through a local airport by her middle-school gym teacher. She also had a dream that one day she would be a comedian on TV. She has seen both these dreams come true. At last, Tina Fey's story can be told.",Biography,Adult
"Bitch Planet, Vol. 1: Extraordinary Machine (Bitch Planet (Collected Editions))",37.92,2,In stock,http://books.toscrape.com/catalogue/bitch-planet-vol-1-extraordinary-machine-bitch-planet-collected-editions_882/index.html,"Eisner Award-nominated writer Kelly Sue DeConnick (Pretty Deadly, Captain Marvel) and Valentine De Landro (X-Factor) team up to bring you the premiere volume of Bitch Planet, a deliciously vicious riff on women-in-prison sci-fi exploitation. In a future just a few years down the road in the wrong direction, a woman's failure to comply with her patriarchal overlords will result in exile to the meanest penal planet in the galaxy. When the newest crop of fresh femmes arrive, can they work together to stay alive or will hidden agendas, crooked guards, and the deadliest sport on (or off!) Earth take them to their maker?",Science Fiction,Adult
"Avatar: The Last Airbender: Smoke and Shadow, Part 3 (Smoke and Shadow #3)",28.09,2,In stock,http://books.toscrape.com/catalogue/avatar-the-last-airbender-smoke-and-shadow-part-3-smoke-and-shadow-3_881/index.html,"Children are disappearing in the Fire Nation capitol! Avatar Aang and his friends are doing everything in their power to save them - but will it be enough?! What's worse, when Azula - the mad sister of Fire Lord Zuko - appears on the scene, Zuko locks down the capitol to catch her, igniting fear and riots in the streets! Will Zuko follow in his evil father's footsteps in order to save those he holds dear?! Written and drawn by the creative team behind the best-selling The Promise, The Search and The Rift, Gene Luen Yang and Gurihiru, in collaboration with Avatar: The Last Airbender and Legend of Korra creators Michael",Fantasy,Children
Algorithms to Live By: The Computer Science of Human Decisions,30.81,1,In stock,http://books.toscrape.com/catalogue/algorithms-to-live-by-the-computer-science-of-human-decisions_880/index.html,"A fascinating exploration of how insights from computer algorithms can be applied to our everyday lives, helping to solve common decision-making problems and illuminate the workings of the human mind. All our lives are constrained by limited space and time, limits that give rise to a particular set of problems. What should we do, or leave undone, in a day or a lifetime? How much messiness should we accept? What balance of new activities and familiar favorites is the most fulfilling? These may seem like uniquely human quandaries, but they are not: computers, too, face the same constraints, so computer scientists have been.",Non-Fiction,Adult
A World of Flavor: Your Gluten Free Passport,42.95,1,In stock,http://books.toscrape.com/catalogue/a-world-of-flavor-your-gluten-free-passport_879/index.html,"The new gluten-free cookbook ""A World of Flavor"" is clearly a labor of love for its authors, Amber Barrett and Nancy Miller. Amber is also a gifted photographer, and the photographs in this book could be the best of any cookbook I've ever seen. On top of this, the book includes some amazing recipes that everyone will like, including: Hot Wings, Bacon and Cheddar Scones, Donuts, Sandwich Bread, Rocky Road Brownies, Crepes, General Tso's Chicken, Croutons, and many more (I counted 77). From breakfasts, appetizers, desserts, main dishes and snacks, to sal",Cookbook,Adult
"A Piece of Sky, a Grain of Rice: A Memoir in Four Meditations",56.76,5,In stock,http://books.toscrape.com/catalogue/a-piece-of-sky-a-grain-of-rice-a-memoir-in-four-meditations_878/index.html,"In this layered collage of memory within memory, Hale recreates for readers her kaleidoscopic experience of a decades-long journey to acceptance and insight. Writer, prodigal daughter, single parent, Buddhist disciple, and, late in midlife, a newlywed, she is transformed through an unconventional relationship with a female spiritual teacher and an odd ritual of repeated tattooing with her two young adult children. ""Christine Hale's evocation of the bewildering complexities of life as a mother, daughter, wife (and ex-wife), and student of Buddhism is both a poem and a letter to those she has worked so long and hard to",Biography,Adult
A Murder in Time,16.64,1,In stock,http://books.toscrape.com/catalogue/a-murder-in-time_877/index.html,"Beautiful and brilliant, Kendra Donovan is a rising star at the FBI. Yet her path to professional success hits a speed bump during a disastrous raid where half her team is murdered, a mole in the FBI is uncovered and she herself is severely wounded. As soon as she recovers, she goes rogue and travels to England to assassinate the man responsible for the deaths of her teammates. While fleeing from an unexpected assassin herself, Kendra escapes into a stairwell that promises sanctuary but when she stumbles out again, she is in the same place - Aldrich Castle - but in a different time: 1815, to be exact.",Thriller,Adult
A Flight of Arrows (The Pathfinders #2),55.53,5,In stock,http://books.toscrape.com/catalogue/a-flight-of-arrows-the-pathfinders-2_876/index.html,"October 1776--August 1777It is said that what a man sows he will reap--and for such a harvest there is no set season. No one connected to Reginald Aubrey is untouched by the crime he committed twenty years ago. Not William, the Oneida child Reginald stole and raised as his own. Identity shattered, enlisted in the British army, William trains with Loyalist refugees eager to annihilate the rebels who forced them into exile. Coming to terms with who and what he is proves impossible, but if he breaks his Loyalist oath, he'll be no better than the man who constructed his life of lies.Not Anna, Reginald's adopted daughter,",Historical Fiction,Adult
A Fierce and Subtle Poison,28.13,4,In stock,http://books.toscrape.com/catalogue/a-fierce-and-subtle-poison_875/index.html,"Everyone knows the legends about the cursed girl--Isabel, the one the señoras whisper about. They say she has green skin and grass for hair, and she feeds on the poisonous plants that fill her family’s Caribbean island garden. Some say she can grant wishes; some say her touch can kill. Seventeen-year-old Lucas lives on the mainland most of the year but spends summers with his hotel-developer father in Puerto Rico. He’s grown up hearing stories about the cursed girl, and he wants to believe in Isabel and her magic. When letters from Isabel begin mysteriously appearing in his room the same day his new girlfriend disappears.",Fantasy,Young Adult
A Court of Thorns and Roses (A Court of Thorns and Roses #1),52.37,1,In stock,http://books.toscrape.com/catalogue/a-court-of-thorns-and-roses-a-court-of-thorns-and-roses-1_874/index.html,"A thrilling, seductive new series from New York Times bestselling author Sarah J. Maas, blending Beauty and the Beast with faerie lore. When nineteen-year-old huntress Feyre kills a wolf in the woods, a beast-like creature arrives to demand retribution for it. Dragged to a treacherous magical land she only knows about from legends, Feyre discovers that her captor is not an animal, but Tamlin—one of the lethal, immortal faeries who once ruled their world. As she dwells on his estate, her feelings for Tamlin transform from icy hostility into a fiery passion that burns through every lie and warning she's been told about th",Fantasy,Young Adult
(Un)Qualified: How God Uses Broken People to Do Big Things,54.0,5,In stock,http://books.toscrape.com/catalogue/unqualified-how-god-uses-broken-people-to-do-big-things_873/index.html,"Who You Think You Are is Not as Important as Who God Says You Are. Many of us wrestle with the gap between our weaknesses and our dreams, between who we are and who God says we are meant to be. We feel unqualified to do God’s work or to live out the calling we imagine. But God has a way of using our weaknesses for good. In fact, God loves unqualified people. In (Un)Qualified, Pastor Steven Furtick helps you peel back the assumptions you’ve made about yourself and see yourself as God sees you. Because true peace and confidence come not from worldly perfection but from acceptance: God’s acceptance of you, your acceptance.",Self-Help,Adult
You Are What You Love: The Spiritual Power of Habit,21.87,4,In stock,http://books.toscrape.com/catalogue/you-are-what-you-love-the-spiritual-power-of-habit_872/index.html,"You are what you love. But you might not love what you think. In this book, award-winning author James K. A. Smith shows that who and what we worship fundamentally shape our hearts. And while we desire to shape culture, we are not often aware of how culture shapes us. We might not realize the ways our hearts are being taught to love rival gods instead of the One for whom we were made. Smith helps readers recognize the formative power of culture and the transformative possibilities of Christian practices. He explains that worship is the 'imagination station' that incubates our loves and longings so that our cultural en",Non-Fiction,Adult
"William Shakespeare's Star Wars: Verily, A New Hope (William Shakespeare's Star Wars #4)",43.3,4,In stock,http://books.toscrape.com/catalogue/william-shakespeares-star-wars-verily-a-new-hope-william-shakespeares-star-wars-4_871/index.html,"MAY THE VERSE BE WITH YOU! Return once more to a galaxy far, far away with this sublime retelling of George Lucas's epic Star Wars in the style of the immortal Bard of Avon. The saga of a wise (Jedi) knight and an evil (Sith) lord, of a beautiful princess held captive and a young hero coming of age, Star Wars abounds with all the valor and villainy of Shakespeare's greatest plays. 'Tis a tale told by fretful Droids, full of faithful Wookiees and fearsome Stormtroopers, signifying... pretty much everything. Reimagined in glorious iambic pentameter, William Shakespeare's Star Wars will astound and edify Rebels and Imperials.",Fantasy,Young Adult
Tuesday Nights in 1980,21.04,2,In stock,http://books.toscrape.com/catalogue/tuesday-nights-in-1980_870/index.html,"In one sentence, Ms. Prentiss captures a sense of intoxication and possibility that six seasons of voice-overs from Sarah Jessica Parker never could…Ms. Prentiss concludes her novel on a note that’s both ethereal and brutally realistic. She cauterizes wounds, but they’re still visible and bare. But for her characters—for this promising author—it’s enough.” —The New York Times“An intoxicating Manhattan fairy tale…As affecting as it is absorbing. A thrilling debut.” —Kirkus Reviews (starred review) “A vital, sensuous, edgy, and suspenseful tale of longing, rage, fear, compulsion, and love.” —Booklist (starred review)",Fiction,Adult
Tracing Numbers on a Train,41.6,3,In stock,http://books.toscrape.com/catalogue/tracing-numbers-on-a-train_869/index.html,"Start preparing children for classroom success with Tracing Numbers on a Train! This educational workbook is filled with pages of giant numbers that make it easy for little hands to learn pencil control, followed by pages of small numbers for repetition and motor skill development. The illustrated practice pages will keep kids engaged while learning their numbers from 1 to 30.",Children,Children
Throne of Glass (Throne of Glass #1),35.07,3,In stock,http://books.toscrape.com/catalogue/throne-of-glass-throne-of-glass-1_868/index.html,"After serving out a year of hard labor in the salt mines of Endovier for her crimes, 18-year-old assassin Celaena Sardothien is dragged before the Crown Prince. Prince Dorian offers her her freedom on one condition: she must act as his champion in a competition to find a new royal assassin. Her opponents are men-thieves and assassins and warriors from across the empire, each sponsored by a member of the king's council. If she beats her opponents in a series of eliminations, she'll serve the kingdom for four years and then be granted her freedom. Celaena finds her training s",Fantasy,Young Adult
Thomas Jefferson and the Tripoli Pirates: The Forgotten War That Changed American History,59.64,1,In stock,http://books.toscrape.com/catalogue/thomas-jefferson-and-the-tripoli-pirates-the-forgotten-war-that-changed-american-history_867/index.html,"From the authors of the New York Times bestseller George Washington’s Secret Six, the little-known story of Thomas Jefferson’s battle to defend America against Islamic pirates. Brian Kilmeade – cohost of “Fox & Friends” on Fox News and the national radio show “Kilmeade & Friends” – returns with another fascinating historical narrative, co-written with Don Yaeger. Like their acclaimed bestseller George Washington's Secret Six, Thomas Jefferson and the Tripoli Pirates sheds new light on a vitally important episode that has been forgotten by most Americans. Only weeks after President Jefferson's inauguration in 1801, he dec",History,Adult
Thirteen Reasons Why,52.72,1,In stock,http://books.toscrape.com/catalogue/thirteen-reasons-why_866/index.html,"Clay Jensen returns home from school to find a mysterious box with his name on it lying on his porch. Inside he discovers thirteen cassette tapes recorded by Hannah Baker, his classmate and crush who committed suicide two weeks earlier. On tape, Hannah explains that there are thirteen reasons why she decided to end her life. Clay is one of them. If he listens, he'll find out how he made the list. Through Hannah and Clay's dual narratives, debut author Jay Asher weaves an intricate and heartrending story of confusion and desperation that will deeply affect teen readers.",Fiction,Young Adult
The White Cat and the Monk: A Retelling of the Poem “Pangur Bán”,58.08,4,In stock,http://books.toscrape.com/catalogue/the-white-cat-and-the-monk-a-retelling-of-the-poem-pangur-ban_865/index.html,"A monk leads a simple life. He studies his books late into the evening and searches for truth in their pages. His cat, Pangur, leads a simple life, too, chasing prey in the darkness. As night turns to dawn, Pangur leads his companion to the truth he has been seeking. The White Cat and the Monk is a retelling of the classic Old Irish poem “Pangur Bán.” With Jo Ellen Bogart’s simple and elegant narration and Sydney Smith’s classically inspired images, this contemplative story pays tribute to the wisdom of animals and the wonders of the natural world.",Fiction,Children
The Wedding Dress,24.12,1,In stock,http://books.toscrape.com/catalogue/the-wedding-dress_864/index.html,"Four brides. One Dress. A tale of faith, redemption, and timeless love. Charlotte owns a chic Birmingham bridal boutique. Dressing brides for their big day is her gift . . . and her passion. But with her own wedding day approaching, why can't she find the perfect dress...or feel certain she should marry Tim? Then Charlotte discovers a vintage dress in a battered trunk at an estate sale. It looks brand-new-shimmering with pearls and satin, hand-stitched and timeless in its design. But where did it come from? Who wore it? Who welded the lock shut and tucked the dog tags in that little sachet? Who left it in the basement f",Romance,Adult
The Vacationers,42.15,4,In stock,http://books.toscrape.com/catalogue/the-vacationers_863/index.html,"An irresistible, deftly observed novel about the secrets, joys, and jealousies that rise to the surface over the course of an American family’s two-week stay in Mallorca. For the Posts, a two-week trip to the Balearic island of Mallorca with their extended family and friends is a celebration: Franny and Jim are observing their thirty-fifth wedding anniversary, and their daughter, Sylvia, has graduated from high school. The sunlit island, its mountains and beaches, its tapas and tennis courts, also promise an escape from the tensions simmering at home in Manhattan. But all does not go according to plan: over the cours",Fiction,Adult
The Third Wave: An Entrepreneur’s Vision of the Future,12.61,5,In stock,http://books.toscrape.com/catalogue/the-third-wave-an-entrepreneurs-vision-of-the-future_862/index.html,"One of America’s most accomplished entrepreneurs—a pioneer who made the Internet part of everyday life and orchestrated the largest merger in the history of business—shares a roadmap for how anyone can succeed in a world of rapidly changing technology. Steve Case’s career began when he cofounded America Online (AOL) in 1985. At the time, only three percent of Americans were online. It took a decade for AOL to achieve mainstream success, and there were many near-death experiences and back-to-the-wall pivots. AOL became the top performing company of the 1990s, and at",Non-Fiction,Adult
The Stranger,17.44,4,In stock,http://books.toscrape.com/catalogue/the-stranger_861/index.html,"Through the story of an ordinary man unwittingly drawn into a senseless murder on an Algerian beach, Camus explored what he termed 'the nakedness of man faced with the absurd.' First published in English in 1946; now in a new translation by Matthew Ward.",Fiction,Adult
The Shadow Hero (The Shadow Hero),33.14,1,In stock,http://books.toscrape.com/catalogue/the-shadow-hero-the-shadow-hero_860/index.html,"A VIBRANT HOMAGE TO A CLASSIC COMIC FROM TWO MASTERS OF THE MODERN GRAPHIC NOVEL. The Shadow Hero is based on golden-age comic series The Green Turtle, whose hero solved crimes and fought injustice just like any other comics hero. But this mysterious masked crusader was hiding more than your run-of-the-mill secret identity...The Green Turtle was the first Asian American superhero. Now, exactly seventy years later, New York Times-bestselling author Gene Luen Yang has revived this nearly forgotten, pioneering character in a new graphic novel that creates an origin story for the golden-age Green Turtle.",Graphic Novel,Young Adult
The Secret (The Secret #1),27.37,4,In stock,http://books.toscrape.com/catalogue/the-secret-the-secret-1_859/index.html,"Fragments of a Great Secret have been found in the oral traditions, in literature, in religions and philosophies throughout the centuries. For the first time, all the pieces of The Secret come together in an incredible revelation that will be life-transforming for all who experience it. In this book, you'll learn how to use The Secret in every aspect of your life -- money, health, relationships, happiness, and in every interaction you have in the world. You'll begin to understand the hidden, untapped power that's within you, and this revelation can bring joy to every aspect of your life.",Self-Help,Adult
The Regional Office Is Under Attack!,51.36,5,In stock,http://books.toscrape.com/catalogue/the-regional-office-is-under-attack_858/index.html,"In a world beset by amassing forces of darkness, one organization—the Regional Office—and its coterie of super-powered female assassins protects the globe from annihilation. At its helm, the mysterious Oyemi and her oracles seek out new recruits and root out evil plots. Then a prophecy suggests that someone from inside might bring about its downfall. And now, the Regional Office is under attack. Recruited by a defector from within, Rose is a young assassin leading the attack, eager to stretch into her powers and prove herself on her first mission. Defending the Regional Office is Sarah—who may or may not have a mech.",Fantasy,Young Adult
The Psychopath Test: A Journey Through the Madness Industry,36.0,2,In stock,http://books.toscrape.com/catalogue/the-psychopath-test-a-journey-through-the-madness-industry_857/index.html,"They say one out of every hundred people is a psychopath. You probably passed one on the street today. These are people who have no empathy, who are manipulative, deceitful, charming, seductive, and delusional. The Psychopath Test is the New York Times bestselling exploration of their world and the madness industry. When Jon Ronson is drawn into an elaborate hoax played on some of the world’s top scientists, his investigation leads him, unexpectedly, to psychopaths. He meets an influential psychologist who is convinced that many important business leaders and politicians are in fact high-flying, high-functioning psycho.",Non-Fiction,Adult
The Project,10.65,1,In stock,http://books.toscrape.com/catalogue/the-project_856/index.html,"Welcome to Adrianna, a new country isolated for years and shrouded in mystery. It’s home to the Leafers, an assembly of the most intelligent minds in the world. When Leafer President John Greenleaf opens Adrianna’s doors for the filming of a documentary, the young country’s secrets will be exposed changing the world forever. Can the Leafers really cure cancer, diabetes and heart disease with a miraculous new plant? Can they provide free food and free wireless electricity to the entire planet without pollution? Adrianna’s technology guarantees to cause a complete collapse of the global economy.",Fiction,Adult
The Power of Now: A Guide to Spiritual Enlightenment,43.54,2,In stock,http://books.toscrape.com/catalogue/the-power-of-now-a-guide-to-spiritual-enlightenment_855/index.html,"Ekhart Tolle's message is simple: living in the now is the truest path to happiness and enlightenment. And while this message may not seem stunningly original or fresh, Tolle's clear writing, supportive voice and enthusiasm make this an excellent manual for anyone who's ever wondered what exactly 'living in the now' means. Foremost, Tolle is a world-class teacher, able to explain complicated concepts in concrete language. More importantly, within a chapter of reading this book, readers are already holding the world in a different container--more conscious of how thoughts and emotions get in the way of their ability to",Self-Help,Adult
The Omnivore's Dilemma: A Natural History of Four Meals,38.21,2,In stock,http://books.toscrape.com/catalogue/the-omnivores-dilemma-a-natural-history-of-four-meals_854/index.html,"What should we have for dinner? To one degree or another this simple question assails any creature faced with a wide choice of things to eat. Anthropologists call it the omnivore's dilemma. Choosing from among the countless potential foods nature offers, humans have had to learn what is safe, and what isn't—which mushrooms should be avoided, for example, and which berries we can enjoy. Today, as America confronts what can only be described as a national eating disorder, the omnivore's dilemma has returned with an atavistic vengeance. The cornucopia of the modern American supermarket and fast-food outlet has thrown us",Non-Fiction,Adult
The Nerdy Nummies Cookbook: Sweet Treats for the Geek in All of Us,37.34,5,In stock,http://books.toscrape.com/catalogue/the-nerdy-nummies-cookbook-sweet-treats-for-the-geek-in-all-of-us_853/index.html,"The long-awaited first cookbook from the creator and host of the Internet’s most popular baking show, Nerdy Nummies: a collection of Rosanna Pansino’s all-time favorite geeky recipes as well as sensational new recipes exclusive to this book. The Nerdy Nummies Cookbook is quirky, charming, and fun, featuring the recipes behind Rosanna Pansino’s celebrated, one-of-a-kind creations, as well as beautiful, mouthwatering photographs throughout. It is the perfect companion that you’ll turn to whenever you want to whip up a delicious treat and be entertained all at once. And best of all, these treats are as simple as they are",Cookbook,Adult
The Murder of Roger Ackroyd (Hercule Poirot #4),44.1,4,In stock,http://books.toscrape.com/catalogue/the-murder-of-roger-ackroyd-hercule-poirot-4_852/index.html,"In the village of King's Abbot, a widow's sudden suicide sparks rumors that she murdered her first husband, was being blackmailed, and was carrying on a secret affair with the wealthy Roger Ackroyd. The following evening, Ackroyd is murdered in his locked study--but not before receiving a letter identifying the widow's blackmailer. King's Abbot is crawling with suspects, including a nervous butler, Ackroyd's wayward stepson, and his sister-in-law, Mrs. Cecil Ackroyd, who has taken up residence in the victim's home. It's now up to the famous detective Hercule Poirot, who has retired to King's Abbot to garden, to solve.",Mystery,Adult
The Mistake (Off-Campus #2),43.29,3,In stock,http://books.toscrape.com/catalogue/the-mistake-off-campus-2_851/index.html,"He’s a player in more ways than one…College junior John Logan can get any girl he wants. For this hockey star, life is a parade of parties and hook-ups, but behind his killer grins and easygoing charm, he hides growing despair about the dead-end road he’ll be forced to walk after graduation. A sexy encounter with freshman Grace Ivers is just the distraction he needs, but when a thoughtless mistake pushes her away, Logan plans to spend his final year proving to her that he’s worth a second chance.",Romance,Young Adult
The Matchmaker's Playbook (Wingmen Inc. #1),55.85,1,In stock,http://books.toscrape.com/catalogue/the-matchmakers-playbook-wingmen-inc-1_850/index.html,"Wingman rule number one: don’t fall for a client. After a career-ending accident, former NFL recruit Ian Hunter is back on campus—and he’s ready to get his new game on. As one of the masterminds behind Wingmen, Inc., a successful and secretive word-of-mouth dating service, he’s putting his extensive skills with women to work for the lovelorn. But when Blake Olson requests the services of Wingmen, Inc., Ian may have landed his most hopeless client yet. From her frumpy athletic gear to her unfortunate choice of footwear, Blake is going to need a miracle if she wants to land her crush.",Romance,Young Adult
The Love and Lemons Cookbook: An Apple-to-Zucchini Celebration of Impromptu Cooking,37.6,2,In stock,http://books.toscrape.com/catalogue/the-love-and-lemons-cookbook-an-apple-to-zucchini-celebration-of-impromptu-cooking_849/index.html,"Sometimes all you need is a little spark of inspiration to change up your regular cooking routine. The Love & Lemons Cookbook features more than one hundred simple recipes that help you turn your farmers market finds into delicious meals. The beloved Love & Lemons blog has attracted buzz from everyone from bestselling author Heidi Swanson to Saveur Magazine, who awarded the blog Best Cooking Blog of 2014. Organized by ingredient, The Love & Lemons Cookbook teaches readers how to make beautiful food with what’s on hand, whether it’s a bunch of rainbow-colored heirloom carrots from the farmers market or a four-pound cauli",Cookbook,Adult
The Long Shadow of Small Ghosts: Murder and Memory in an American City,10.97,1,In stock,http://books.toscrape.com/catalogue/the-long-shadow-of-small-ghosts-murder-and-memory-in-an-american-city_848/index.html,"In Cold Blood meets Adrian Nicole LeBlanc’s Random Family: A harrowing, profoundly personal investigation of the causes, effects, and communal toll of a deeply troubling crime—the brutal murder of three young children by their parents in the border city of Brownsville, Texas. On March 11, 2003, in Brownsville, Texas—one of America’s poorest cities—John Allen Rubio and Angela Camacho murdered their three young children. The apartment building in which the brutal crimes took place was already rundown, and in their aftermath a consensus developed in the community that it should be destroyed.",Non-Fiction,Adult
The Kite Runner,41.82,4,In stock,http://books.toscrape.com/catalogue/the-kite-runner_847/index.html,"Khaled Hosseini's #1 New York Times Bestselling Debut “It may be unfair, but what happens in a few days, sometimes even a single day, can change the course of a whole lifetime."" Amir is the son of a wealthy Kabul merchant, a member of the ruling caste of Pashtuns. Hassan, his servant and constant companion, is a Hazara, a despised and impoverished caste. Their uncommon bond is torn by Amir's choice to abandon his friend amidst the increasing ethnic, religious, and political tensions of the dying years of the Afghan monarchy, wrenching them far apart. But so strong is the bond between the two boys that Amir journeys b",Fiction,Adult
The House by the Lake,36.95,1,In stock,http://books.toscrape.com/catalogue/the-house-by-the-lake_846/index.html,"Anna is content with her well-ordered life in San Francisco. But her world is turned upside down when her beloved grandfather, Max, reveals a startling secret: Anna is part of an aristocratic family who lost everything during World War II. What’s more, Max was forced to leave behind a precious item over seventy years ago in their estate in old Prussia. It’s now his ardent wish that Anna retrieve it. Anna burns with questions as she heads for Germany: What memento could be so important to her grandfather? And why did he keep their history hidden? As she searches for answers, she finds herself drawn to Wil, a man who may",Fiction,Adult
The Glittering Court (The Glittering Court #1),44.28,1,In stock,http://books.toscrape.com/catalogue/the-glittering-court-the-glittering-court-1_845/index.html,"Big and sweeping, spanning from the refined palaces of Osfrid to the gold dust and untamed forests of Adoria, The Glittering Court tells the story of Adelaide, an Osfridian countess who poses as her servant to escape an arranged marriage and start a new life in Adoria, the New World. But to do that, she must join the Glittering Court. Both a school and a business venture, the Glittering Court is designed to transform impoverished girls into upper-class ladies who appear destined for powerful and wealthy marriages in the New World. Adelaide naturally excels in her training, and even makes a few friends: the fiery forme",Fantasy,Young Adult
The Girl on the Train,55.02,2,In stock,http://books.toscrape.com/catalogue/the-girl-on-the-train_844/index.html,"The debut psychological thriller that will forever change the way you look at other people's lives. EVERY DAY THE SAME Rachel takes the same commuter train every morning and night. Every day she rattles down the track, flashes past a stretch of cozy suburban homes, and stops at the signal that allows her to daily watch the same couple breakfasting on their deck. She’s even started to feel like she knows them. Jess and Jason, she calls them. Their life—as she sees it—is perfect. Not unlike the life she recently lost. UNTIL TODAY And then she sees something shocking. It’s only a minute until the train moves on, but it’s en",Thriller,Adult
The Genius of Birds,17.24,1,In stock,http://books.toscrape.com/catalogue/the-genius-of-birds_843/index.html,"Birds are astonishingly intelligent creatures. In fact, according to revolutionary new research, some birds rival primates and even humans in their remarkable forms of intelligence. Like humans, many birds have enormous brains relative to their size. Although small, bird brains are packed with neurons that allow them to punch well above their weight. In The Genius of Birds, acclaimed author Jennifer Ackerman explores the newly discovered brilliance of birds and how it came about. As she travels around the world to the most cutting-edge frontiers of research— the distant laboratories of Barbados and New Caledonia, th",Non-Fiction,Adult
The Emerald Mystery,23.15,2,In stock,http://books.toscrape.com/catalogue/the-emerald-mystery_842/index.html,"Three young adults are invited to spend a weekend at the exotic Timber Island. Maria is a professional in the sport of bodyboarding. Tina is an apprentice of the sport but very athletic, and she possesses other skills. And lastly there is Axell, a traveler and a veteran bodyboarder. For them, this invitation is extremely attractive because very few people have visited the place, also known for its secret surf breaks. The adventure sounds irresistible, so they accept the challenge. Once all the guests are on the island, there is only one thing that worries Luis, their host and fellow bodyboarder: to venture out to find",Fiction,Young Adult
The Cookies & Cups Cookbook: 125+ sweet & savory recipes reminding you to Always Eat Dessert First,41.25,1,In stock,http://books.toscrape.com/catalogue/the-cookies-cups-cookbook-125-sweet-savory-recipes-reminding-you-to-always-eat-dessert-first_841/index.html,"Wildly popular Cookies & Cups blogger Shelly Jaronsky’s eagerly anticipated cookbook features all-new, mouth-watering, delectable sweet treats 100% guaranteed to make you want to eat dessert first. Shelly Jaronsky has a problem. She’s an addict. Of the buttercream variety. “Chronicling my life in sugar” has been Shelly’s motto since the inception of her insanely frequented dessert blog, Cookies & Cups. With recipes ranging from the deliciously decadent (her S’mores Fudge Bars will make you seriously reconsider everything you thought you knew about baked goods) to the deceptively simple (her Favorite Chocolate Chip Cookie w",Cookbook,Adult
The Bridge to Consciousness: I'm Writing the Bridge Between Science and Our Old and New Beliefs.,32.0,3,In stock,http://books.toscrape.com/catalogue/the-bridge-to-consciousness-im-writing-the-bridge-between-science-and-our-old-and-new-beliefs_840/index.html,,Unknown,Unknown
The Artist's Way: A Spiritual Path to Higher Creativity,38.49,5,In stock,http://books.toscrape.com/catalogue/the-artists-way-a-spiritual-path-to-higher-creativity_839/index.html,"Without The Artist's Way, there would have been no Eat, Pray, Love.” —Elizabeth GilbertThe Artist’s Way is the seminal book on the subject of creativity. An international bestseller, millions of readers have found it to be an invaluable guide to living the artist’s life. Still as vital today—or perhaps even more so—than it was when it was first published one decade ago, it is a powerfully provocative and inspiring work. In a new introduction to the book, Julia Cameron reflects upon the impact of The Artist’s Way and describes the work she has done during the last decade and the new insights into the creative process",Self-Help,Adult
The Art of War,33.34,5,In stock,http://books.toscrape.com/catalogue/the-art-of-war_838/index.html,"Conflict is an inevitable part of life, according to this ancient Chinese classic of strategy, but everything necessary to deal with conflict wisely, honorably, victoriously, is already present within us. Compiled more than two thousand years ago by a mysterious warrior-philosopher, The Art of War is still perhaps the most prestigious and influential book of strategy in the world, as eagerly studied in Asia by modern politicians and executives as it has been by military leaders since ancient times. As a study of the anatomy of organizations in conflict, The Art of War applies to competition and conflict in general.",Non-Fiction,Adult
The Argonauts,10.93,2,In stock,http://books.toscrape.com/catalogue/the-argonauts_837/index.html,"An intrepid voyage out to the frontiers of the latest thinking about love, language, and family Maggie Nelson's The Argonauts is a genre-bending memoir, a work of ""autotheory"" offering fresh, fierce, and timely thinking about desire, identity, and the limitations and possibilities of love and language. At its center is a romance: the story of the author's relationship with the artist Harry Dodge. This story, which includes Nelson's account of falling in love with Dodge, who is fluidly gendered, as well as her journey to and through a pregnancy, offers a firsthand account of the complexities and joys of (queer) family.",Biography,Adult
The 10% Entrepreneur: Live Your Startup Dream Without Quitting Your Day Job,27.55,3,In stock,http://books.toscrape.com/catalogue/the-10-entrepreneur-live-your-startup-dream-without-quitting-your-day-job_836/index.html,"Choosing between the stability of a traditional career and the upside of entrepreneurship? Why not have both? Becoming a full-time entrepreneur can look glamorous from the outside. Who doesn’t want to chase their dreams, be their own boss, and do what they love? But the truth is that entrepreneurship is often a slog, with no regular hours, no job security, and very little pay. What if there was a way to have the stability of a day job with the excitement of a startup? All of the benefits of entrepreneurship with none of the pitfalls? In The 10% Entrepreneur, Patrick McGinnis shows you how, by investing just 10% of yo",Non-Fiction,Adult
Suddenly in Love (Lake Haven #1),55.99,2,In stock,http://books.toscrape.com/catalogue/suddenly-in-love-lake-haven-1_835/index.html,"Mia Lassiter is thrilled to finally put her artistic skills to use working for her aunt’s interior design shop in her hometown of East Beach. While renovating an old mansion overlooking stunning Lake Haven, she encounters a scruffy but attractive man named Brennan—the owner’s son. She doesn’t realize this sexy recluse is actually Everett Alden, the world-famous rock star in hiding who’s nursing his own artistic and personal crises. As their personalities clash, tension simmers between the struggling artist and jaded musician, and their time spent alone together in the gorgeous old house only serves to turn up the heat.",Romance,Adult
Something More Than This,16.24,4,In stock,http://books.toscrape.com/catalogue/something-more-than-this_834/index.html,"Katy Lewis has it all: a sports reporting job she loves, a great roommate, and two brothers who, while nosy, always have her back. But when Conner Roberts, Katy’s unrequited first crush, suddenly shows up—and shows interest—after nine years, she reverts to a sweaty, panicked sixteen-year-old once more. And if trying to read Conner’s signals isn’t tough enough, Katy’s heart is sending some mixed messages of its own. When a beautiful blonde coworker starts pursuing Katy’s boss, Dylan Sterling—her longtime mentor and friend—she realizes she may have a problem with that. A reunion with Conner is what she’s dreamed of for s",Romance,Young Adult
Soft Apocalypse,26.12,2,In stock,http://books.toscrape.com/catalogue/soft-apocalypse_833/index.html,"What happens when resources become scarce and society starts to crumble? As the competition for resources pulls America's previously stable society apart, the ""New Normal"" is a Soft Apocalypse. This is how our world ends; with a whimper instead of a bang. New social structures and tribal connections spring up across America, as the previous social structures begin to dissolve. Locus Award finalist and John W. Campbell Memorial Award finalist Soft Apocalypse follows the journey across the Southeast of a tribe of formerly middle class Americans as they struggle to find a place for themselves and their children in a new",Fiction,Adult
So You've Been Publicly Shamed,12.23,2,In stock,http://books.toscrape.com/catalogue/so-youve-been-publicly-shamed_832/index.html,"For the past three years, Jon Ronson has traveled the world meeting recipients of high-profile public shamings. The shamed are people like us, people who, say, made a joke on social media that came out badly or made a mistake at work. Once the transgression is revealed, collective outrage circles with the force of a hurricane and the next thing they know, they're being torn apart by an angry mob, jeered at, demonized, sometimes even fired from their job.A great renaissance of public shaming is sweeping our land. Justice has been democratized. The silent majority are getting a voice, but what are we doing with our voi",Non-Fiction,Adult
Shoe Dog: A Memoir by the Creator of NIKE,23.99,2,In stock,http://books.toscrape.com/catalogue/shoe-dog-a-memoir-by-the-creator-of-nike_831/index.html,"In this candid and riveting memoir, for the first time ever, Nike founder and CEO Phil Knight shares the inside story of the company’s early days as an intrepid start-up and its evolution into one of the world’s most iconic, game-changing, and profitable brands. In 1962, fresh out of business school, Phil Knight borrowed $50 from his father and created a company with a simple mission: import high-quality, low-cost athletic shoes from Japan. Selling the shoes from the trunk of his lime green Plymouth Valiant, Knight grossed $8,000 his first year. Today, Nike’s annual sales top $30 billion.",Biography,Adult
"Shobu Samurai, Project Aryoku (#3)",29.06,3,In stock,http://books.toscrape.com/catalogue/shobu-samurai-project-aryoku-3_830/index.html,"Welcome to the Ark. In a place known as the Six Civilizations all is not as it seems, the six leaders though living in peace for the last decade soon find themselves struck by tragedy again! When the grandson of Chaos P. Karafuta, the world's infamous scientist and inventor, King and his best friend Shabu accidently unlock the secrets to a weapon known simply as ‘Project Aryoku'. In his greed for power King will sacrifice everyone he loves to obtain its power. However, it falls into the hands of his nephew, Shobu Samurai. At the sight of losing his parents, his unbound power obliterates his hometown with no recollect",Fantasy,Young Adult
Secrets and Lace (Fatal Hearts #1),20.27,1,In stock,http://books.toscrape.com/catalogue/secrets-and-lace-fatal-hearts-1_829/index.html,"Chloe Parker has the world at her feet. Her career in magazine publishing is flourishing, and she’s about to be married to Miles Durant, a gorgeous billionaire, and the man of her dreams. But one month before her wedding, she receives a countdown card. No sender. No return address. No message. Only a piece of lace stained with blood. As the wedding gets closer the cards keep coming to",Thriller,Adult
Scarlett Epstein Hates It Here,43.55,5,In stock,http://books.toscrape.com/catalogue/scarlett-epstein-hates-it-here_828/index.html,"Meet Scarlett Epstein, BNF (Big Name Fan) in her online community of fanfiction writers, world-class nobody at Melville High. Her best (read: only) IRL friends are Avery, a painfully shy and annoyingly attractive bookworm, and Ruth, her weed-smoking, possibly insane seventy-three-year-old neighbor. When Scarlett’s beloved TV show is canceled and her longtime crush, Gideon, is sucked out of her orbit and into the dark and distant world of Populars, Scarlett turns to the fanfic message boards for comfort. This time, though, her subjects aren’t the swoon-worthy stars of her fave series—they’re the real-life kids from her",Fiction,Young Adult
Romero and Juliet: A Tragic Tale of Love and Zombies,36.94,1,In stock,http://books.toscrape.com/catalogue/romero-and-juliet-a-tragic-tale-of-love-and-zombies_827/index.html,"You all know the tale. Star-crossed lovers meet; all they want is what they cannot have. Each other. It's a story as old as time - or is it? The headstrong Romero of the house of Montague holds nothing but contempt for the cowardly DeCapulets. Until, that is, he meets Juliet. Beautiful; deadly; her skill with a bow is matched by no other, and she fires an arrow straight through young Romero's heart. Torn between their warring families and trapped by the waves of the undead crashing against the city walls, what chance do our young couple stand at having a future together?",Fantasy,Young Adult
Redeeming Love,20.47,5,In stock,http://books.toscrape.com/catalogue/redeeming-love_826/index.html,"California's gold country, 1850. A time when men sold their souls for a bag of gold and women sold their bodies for a place to sleep. Angel expects nothing from men but betrayal. Sold into prostitution as a child she survives by keeping her hatred alive. And what she hates most are the men who use her, leaving her empty and dead inside. Then she meets Michael Hosea. A man who seeks his Father's heart in everything, Michael obeys God's call to marry Angel and to love her unconditionally. Slowly, day by day, he defies Angel's every bitter expectation, until despite her resistance, her frozen heart begins to thaw.",Fiction,Adult
Poses for Artists Volume 1 - Dynamic and Sitting Poses: An Essential Reference for Figure Drawing and the Human Form,41.06,1,In stock,http://books.toscrape.com/catalogue/poses-for-artists-volume-1-dynamic-and-sitting-poses-an-essential-reference-for-figure-drawing-and-the-human-form_825/index.html,"This book was created by an artist who understands that sometimes, you just need a creative nudge to help get the pencil moving and break that pesky block. By simplifying the human form, we hope to remove the inevitable anxiety that comes with drawing a person, and speed-up your art, over time, increasing your own understanding of human anatomy, proportions and movement.",Non-Fiction,Adult
Poems That Make Grown Women Cry,14.19,4,In stock,http://books.toscrape.com/catalogue/poems-that-make-grown-women-cry_824/index.html,"Following the success of their anthology Poems That Make Grown Men Cry, father-and-son team Anthony and Ben Holden, working with Amnesty International, have asked the same revealing question of 100 remarkable women. What poem has moved you to tears? The poems chosen range from the eighth century to today, from Rumi and Shakespeare to Sylvia Plath, W.H. Auden to Carol Ann Duffy, Pablo Neruda and Derek Walcott to Imtiaz Dharker and Warsan Shire. Their themes range from love and loss, through mortality and mystery, war and peace, to the beauty and variety of nature.",Anthology,Adult
"Nightingale, Sing",38.28,1,In stock,http://books.toscrape.com/catalogue/nightingale-sing_823/index.html,"A teenage vigilante and a ruthless gangster compete to solve a trail of riddles and find a mythical flower. This powerful YA thriller is perfect for fans of The Raven Boys, Six of Crows, and The Conspiracy of Us. A STREETWISE VIGILANTE who will do anything to cure her dying sister A RUTHLESS GANGSTER on a grisly quest to attain immortality A DESPERATE FATHER who crossed oceans to free his enslaved son A TRAIL OF RIDDLES and the mythical treasure they all seek: THE SERENGETI SAPPHIRE",Thriller,Young Adult
Night Sky with Exit Wounds,41.05,1,In stock,http://books.toscrape.com/catalogue/night-sky-with-exit-wounds_822/index.html,"Reading Vuong is like watching a fish move: he manages the varied currents of English with muscled intuition. His poems are by turns graceful and wonderstruck. His lines are both long and short, his pose narrative and lyric, his diction formal and insouciant. From the outside, Vuong has fashioned a poetry of inclusion.—The New YorkerOcean Vuong's first full-length collection aims straight for the perennial 'big'—and very human—subjects of romance, family, memory, grief, war, and melancholia. None of these he allows to overwhelm his spirit or his poems, which demonstrate, through breath and cadence and unrepentant e",Poetry,Adult
Mrs. Houdini,30.25,5,In stock,http://books.toscrape.com/catalogue/mrs-houdini_821/index.html,"A captivating debut novel, meticulously researched and beautifully imagined, about the passionate marriage of Harry and Bess Houdini—a love story that defied death itself. Before escape artist Harry Houdini died, he vowed he would find a way to speak to his beloved wife Bess from beyond the grave using a coded message known only to the two of them. When a widowed Bess begins seeing this code in seemingly impossible places, it becomes clear that Harry has an urgent message to convey. Unlocking the puzzle will set Bess on a course back through the pair’s extraordinary romance, which swept the illusionist and his bride.",Fiction,Adult
Modern Romance,28.26,5,In stock,http://books.toscrape.com/catalogue/modern-romance_820/index.html,"Now a New York Times BestsellerA hilarious, thoughtful, and in-depth exploration of the pleasures and perils of modern romance from one of this generation’s sharpest comedic voicesAt some point, every one of us embarks on a journey to find love. We meet people, date, get into and out of relationships, all with the hope of finding someone with whom we share a deep connection. This seems standard now, but it’s wildly different from what people did even just decades ago. Single people today have more romantic options than at any point in human history. With technology, our abilities to connect with and sort through thes",Non-Fiction,Adult
Miss Peregrine’s Home for Peculiar Children (Miss Peregrine’s Peculiar Children #1),10.76,1,In stock,http://books.toscrape.com/catalogue/miss-peregrines-home-for-peculiar-children-miss-peregrines-peculiar-children-1_819/index.html,"A mysterious island. An abandoned orphanage. A strange collection of curious photographs. A horrific family tragedy sets sixteen-year-old Jacob journeying to a remote island off the coast of Wales, where he discovers the crumbling ruins of Miss Peregrine’s Home for Peculiar Children. As Jacob explores its abandoned bedrooms and hallways, it becomes clear that the children were more than just peculiar. They may have been dangerous. They may have been quarantined on a deserted island for good reason. And somehow—impossible though it seems—they may still be alive. A spine-tingling fantasy illustrated with haunting vintage.",Fantasy,Young Adult
Louisa: The Extraordinary Life of Mrs. Adams,16.85,2,In stock,http://books.toscrape.com/catalogue/louisa-the-extraordinary-life-of-mrs-adams_818/index.html,"An intimate portrait of Louisa Catherine Adams, the wife of John Quincy Adams, who witnessed firsthand the greatest transformations of her time. Born in London to an American father and a British mother on the eve of the Revolutionary War, Louisa Catherine Johnson was raised in circumstances very different from the New England upbringing of the future president John Quincy Adams, whose life had been dedicated to public service from the earliest age. And yet John Quincy fell in love with her, almost despite himself. Their often tempestuous but deeply close marriage lasted half a century.",Biography,Adult
Little Red,13.47,3,In stock,http://books.toscrape.com/catalogue/little-red_817/index.html,"On her way to Grandmas house, Little Red Riding Hood meets a wolf. Now, that might scare some little girlsbut not this little girl! She knows just what the wolf is up to, and shes not going to let him get away with it. In this updated fairy tale with a mischievous twist, talented newcomer Bethan Woollvin uses sly humor, striking visuals, and a dark irreverence to turn a familiar tale on its head.",Fantasy,Children
Library of Souls (Miss Peregrine’s Peculiar Children #3),48.56,5,In stock,http://books.toscrape.com/catalogue/library-of-souls-miss-peregrines-peculiar-children-3_816/index.html,"A boy with extraordinary powers. An army of deadly monsters. An epic battle for the future of peculiardom. The adventure that began with Miss Peregrine’s Home for Peculiar Children and continued in Hollow City comes to a thrilling conclusion with Library of Souls. As the story opens, sixteen-year-old Jacob discovers a powerful new ability, and soon he’s diving through history to rescue his peculiar companions from a heavily guarded fortress. Accompanying Jacob on his journey are Emma Bloom, a girl with fire at her fingertips, and Addison MacHenry, a dog with a nose for sniffing out lost children.",Fantasy,Young Adult
Large Print Heart of the Pride,19.15,2,In stock,http://books.toscrape.com/catalogue/large-print-heart-of-the-pride_815/index.html,"Paranormal Romance Erotic Werelion Thrill Ride. Book 1 of the Fur, Lust & Magic series. Alexis is finally getting to go to school, to study music. Since her Mom died in a suspicious car crash, her Dad has filled her life with a swinging door of bodyguards and kept her home. After gaining weight and having no freedom she feels like the only 24 year old that has never had a boyfriend in America. Her new bodyguard Derek turns out to be more than muscle. She falls for him hard and even more shocking he falls for her! Of course, she has no idea Derek and his muscle bound friends are all Werecats.",Romance,Adult
I Had a Nice Time And Other Lies...: How to find love & sh*t like that,57.36,4,In stock,http://books.toscrape.com/catalogue/i-had-a-nice-time-and-other-lies-how-to-find-love-sht-like-that_814/index.html,"The New York Times bestselling authors of Nice Is Just a Place in France and creators of the online humor and advice phenomenon Betches.com and Instagram account @Betches explain the brutal truths of how to date like a true betch, with insights from the Head Pro. In the age of Tinder, Hinge, or any other dating app that matches you with randos, the dating game has grown complex and confusing. Cue the Betches—first, we helped you win at basically everything, and now we’re going to help you win the most important battle a betch can face. Maybe you’re a Delusional Dater who needs to get in touch with reality (seriously,",Non-Fiction,Young Adult
Hollow City (Miss Peregrine’s Peculiar Children #2),42.98,1,In stock,http://books.toscrape.com/catalogue/hollow-city-miss-peregrines-peculiar-children-2_813/index.html,"Miss Peregrine’s Home for Peculiar Children was the surprise best seller of 2011—an unprecedented mix of YA fantasy and vintage photography that enthralled readers and critics alike. Publishers Weekly called it “an enjoyable, eccentric read, distinguished by well-developed characters, a believable Welsh setting, and some very creepy monsters.” This second novel begins in 1940, immediately after the first book ended. Having escaped Miss Peregrine’s island by the skin of their teeth, Jacob and his new friends must journey to London, the peculiar capital of the world. Along the way, they encounter new allies, a menagerie",Fantasy,Young Adult
Grumbles,22.16,2,In stock,http://books.toscrape.com/catalogue/grumbles_812/index.html,Grumbles is a little Nid that goes on her first day to school and has to answer the question of what she wants to be when she grows up.,Children,Children
Full Moon over Noah’s Ark: An Odyssey to Mount Ararat and Beyond,49.43,4,In stock,http://books.toscrape.com/catalogue/full-moon-over-noahs-ark-an-odyssey-to-mount-ararat-and-beyond_811/index.html,"Acclaimed travel writer Rick Antonson sets his adventurous compass on Mount Ararat, exploring the region’s long history, religious mysteries, and complex politics. Mount Ararat is the most fabled mountain in the world. For millennia this massif in eastern Turkey has been rumored as the resting place of Noah’s Ark following the Great Flood. But it also plays a significant role in the longstanding conflict between Turkey and Armenia. Author Rick Antonson joined a five-member expedition to the mountain’s nearly 17,000-foot summit, trekking alongside a contingent of Armenians, for whom Mount Ararat is the stolen symbol of",Travel,Adult
Frostbite (Vampire Academy #2),29.99,5,In stock,http://books.toscrape.com/catalogue/frostbite-vampire-academy-2_810/index.html,"WHEN LOVE AND JEALOUSY COLLIDE ON THE SLOPES, WINTER BREAK TURNS DEADLY...Lissa Dragomir is a Moroi princess: a mortal vampire with a rare gift for harnessing the earth's magic. She must be protected at all times from Strigoi; the fiercest vampires - the ones who never die. The powerful blend of human and vampire blood that flows through Rose Hathaway, Lissa's best friend, makes her a dhampir. Rose is dedicated to a dangerous life of protecting Lissa from the Strigoi, who are hell-bent on making Lissa one of them.Rose has serious guy trouble. Her gorgeous tutor, Dimitri, has his eye on someone else, her friend Mason",Fantasy,Young Adult
Follow You Home,21.36,1,In stock,http://books.toscrape.com/catalogue/follow-you-home_809/index.html,"It was supposed to be the trip of a lifetime, a final adventure before settling down. After a perfect start, Daniel and Laura’s travels end abruptly when they are thrown off a night train in the middle of nowhere. To find their way back to civilisation, they must hike along the tracks through a forest…a haunting journey that ends in unimaginable terror. Back in London, Daniel and Laura vow never to talk about what they saw that night. But as they try to fit back into their old lives, it becomes clear that their nightmare is just beginning…Follow You Home is a chilling tale of secrets, lies and deadly consequences from",Thriller,Adult
First Steps for New Christians (Print Edition),29.0,1,In stock,http://books.toscrape.com/catalogue/first-steps-for-new-christians-print-edition_808/index.html,"Our enemy, the devil, prowls around like a lion. (1 Peter 5:8) All he wants to do is steal, kill and destroy (John 10:10). And much like the pattern we find in the wild, the ancient serpent will stalk the youngest of the flock because they’re the easiest target. So I’m writing these short readings to encourage new Christians during the most vulnerable part of their journey. I want to remind new followers of the “Way” that the Christian life is best lived in community with others who are striving to follow Jesus. One of our first responsibilities as a new Christian is to spend as much time as possible with others who a",Non-Fiction,Adult
Finders Keepers (Bill Hodges Trilogy #2),53.53,5,In stock,http://books.toscrape.com/catalogue/finders-keepers-bill-hodges-trilogy-2_807/index.html,"A masterful, intensely suspenseful novel about a reader whose obsession with a reclusive writer goes far too far—a book about the power of storytelling, starring the same trio of unlikely and winning heroes King introduced in Mr. Mercedes“Wake up, genius.” So begins King’s instantly riveting story about a vengeful reader. The genius is John Rothstein, an iconic author who created a famous character, Jimmy Gold, but who hasn’t published a book for decades. Morris Bellamy is livid, not just because Rothstein has stopped providing books, but because the nonconformist Jimmy Gold has sold out for a career in advertising.",Fiction,Adult
"Fables, Vol. 1: Legends in Exile (Fables #1)",41.62,4,In stock,http://books.toscrape.com/catalogue/fables-vol-1-legends-in-exile-fables-1_806/index.html,"When a savage creature known only as the Adversary conquered the fabled lands of legends and fairy tales, all of the infamous inhabitants of folklore were forced into exile. Disguised among the normal citizens of modern-day New York, these magical characters have created their own peaceful and secret society within an exclusive luxury apartment building called Fabletown. But when Snow White's party-girl sister, Rose Red, is apparently murdered, it is up to Fabletown's sheriff, a reformed and pardoned Big Bad Wolf (Bigby Wolf), to determine if the killer is Bluebeard, Rose's ex-lover and notorious wife killer, or Jack.",Fantasy,Adult
Eureka Trivia 6.0,54.59,4,In stock,http://books.toscrape.com/catalogue/eureka-trivia-60_805/index.html,"Eureka Trivia 6.0 is a great trivia book for all Eureka fans. With over 300 questions, this trivia book is designed so you can play single games, group games, or just read at your leisure. It was vital for us as fans to provide this book with only the best of questions so you can relive each moment. We have included answer sheets, cutouts, and all references to the questions. We want you to know exactly where we found them. Whether you play on your own; play in group play, or just read through for your enjoyment, we hope you have a Eureka fun time! Game Play: • A Stand-Alone Read • Single & Group Play • Level Chart (",Trivia,Adult
Drive: The Surprising Truth About What Motivates Us,34.95,4,In stock,http://books.toscrape.com/catalogue/drive-the-surprising-truth-about-what-motivates-us_804/index.html,"Forget everything you thought you knew about how to motivate people—at work, at school, at home. It's wrong. As Daniel H. Pink (author of To Sell Is Human: The Surprising Truth About Motivating Others) explains in his paradigm-shattering book Drive, the secret to high performance and satisfaction in today's world is the deeply human need to direct our own lives, to learn and create new things, and to do better by ourselves and our world.Drawing on four decades of scientific research on human motivation, Pink exposes the mismatch between what science knows and what business does—and how that affects every aspect of ou",Non-Fiction,Adult
Done Rubbed Out (Reightman & Bailey #1),37.72,5,In stock,http://books.toscrape.com/catalogue/done-rubbed-out-reightman-bailey-1_803/index.html,"In this first book of the Reightman & Bailey Series, deceit, corruption and murder tangle together with vivid, unconventional characters in a story of unlikely friendships and their power to change us. Things are going well at the Time Out Spa, but the night young proprietor Toby Bailey discovers his former lover naked and dead on a massage table, more things are spoiled than just his white leather shoes. Detective Melba Reightman and partner, Sam Jackson are called in to investigate and soon become embroiled in the most perplexing homicide case seen in years.After a hunting knife engraved with Toby's name is found in a",Mystery,Adult
Doing It Over (Most Likely To #1),35.61,3,In stock,http://books.toscrape.com/catalogue/doing-it-over-most-likely-to-1_802/index.html,"Voted Most Likely to Succeed, Melanie Bartlett ended up anything but. The down-on-her-luck single mom wants a complete do-over—is that too much to ask? With her family long gone from River Bend, strong, independent Mel is as surprised as anyone to end up in the quaint small town she once called home. But with her friends, Jo and Zoe, by her side, and a comfortable room at Miss Gina’s quirky bed-and-breakfast, she just might have turned the corner on a new life. Wyatt Gibson never liked the big city. River Bend suits the ruggedly handsome builder just fine. Wyatt knows he’s home, even if that means being charmed by the",Romance,Adult
"Deliciously Ella Every Day: Quick and Easy Recipes for Gluten-Free Snacks, Packed Lunches, and Simple Meals",42.16,3,In stock,http://books.toscrape.com/catalogue/deliciously-ella-every-day-quick-and-easy-recipes-for-gluten-free-snacks-packed-lunches-and-simple-meals_801/index.html,"Delicious plant-based, gluten-free recipes and lifestyle tips for packed lunches, snacks, and simple meals that are easy and accessible to everyone—from the author of the international bestseller Deliciously Ella. It’s easy to be healthy until you get hungry. Making healthy eating sustainable is about two things. One: it’s got to be doable in the context of a time starved life. Two: it’s got to be delicious. Ella Woodward’s newest cookbook Deliciously Ella Every Day offers fantastically appealing and quick recipes for breakfasts, packed lunches, snacks on the go, and stress-free meals.",Non-Fiction,Adult
Dark Notes,19.19,5,In stock,http://books.toscrape.com/catalogue/dark-notes_800/index.html,"They call me a slut. Maybe I am. Sometimes I do things I despise. Sometimes men take without asking. But I have a musical gift, only a year left of high school, and a plan. With one obstacle. Emeric Marceaux doesn’t just take. He seizes my will power and bangs it like a dark note. When he commands me to play, I want to give him everything. I kneel for his punishments, tremble for his touch, and risk it all for our stolen moments. He’s my obsession, my master, my music. And my teacher.",Romance,Young Adult
"Daring Greatly: How the Courage to Be Vulnerable Transforms the Way We Live, Love, Parent, and Lead",19.43,3,In stock,http://books.toscrape.com/catalogue/daring-greatly-how-the-courage-to-be-vulnerable-transforms-the-way-we-live-love-parent-and-lead_799/index.html,"Researcher and thought leader Dr. Brené Brown offers a powerful new vision that encourages us to dare greatly: to embrace vulnerability and imperfection, to live wholeheartedly, and to courageously engage in our lives. “It is not the critic who counts; not the man who points out how the strong man stumbles, or where the doer of deeds could have done them better. The credit belongs to the man who is actually in the arena, whose face is marred by dust and sweat and blood; who strives valiantly; . . . who at best knows in the end the triumph of high achievement, and who at worst, if he fails, at least fails while daring.",Self-Help,Adult
Close to You,49.46,4,In stock,http://books.toscrape.com/catalogue/close-to-you_798/index.html,"A disgraced scholar running from her past and an entrepreneur chasing his future find themselves thrown together—and fall in love—on a Tolkien tour of New Zealand. Allison Shire (yes, like where the Hobbits live) is a disgraced academic who is done with love. Her belief in “happily ever after” ended the day she discovered her husband was still married to a wife she knew nothing about. She finally finds a use for her English degree by guiding tours through the famous sites featured in the Lord of the Rings and The Hobbit movies. By living life on the road and traveling New Zealand as a luxury tour guide, Allison manage",Romance,Adult
Chasing Heaven: What Dying Taught Me About Living,37.8,2,In stock,http://books.toscrape.com/catalogue/chasing-heaven-what-dying-taught-me-about-living_797/index.html,"From the author of the New York Times bestseller, Waking Up in Heaven, comes an extraordinary story about Crystal McVea’s personal transformation after visiting heaven and how readers can experience heaven themselves—and live a more meaningful life. On December 10, 2009, Crystal McVea was being treated in a hospital for pancreatitis. Her heart stopped pumping for nine minutes before doctors managed to revive her. In those nine minutes, she went to heaven, stood with God, and was forever changed. Ever since Crystal’s incredible experience, her life has been profoundly different. She has become a brand new person in ever",Non-Fiction,Adult
Big Magic: Creative Living Beyond Fear,30.8,3,In stock,http://books.toscrape.com/catalogue/big-magic-creative-living-beyond-fear_796/index.html,"Readers of all ages and walks of life have drawn inspiration and empowerment from Elizabeth Gilbert’s books for years. Now this beloved author digs deep into her own generative process to share her wisdom and unique perspective about creativity. With profound empathy and radiant generosity, she offers potent insights into the mysterious nature of inspiration. She asks us to embrace our curiosity and let go of needless suffering. She shows us how to tackle what we most love, and how to face down what we most fear. She discusses the attitudes, approaches, and habits we need in order to live our most creative lives.",Non-Fiction,Adult
Becoming Wise: An Inquiry into the Mystery and Art of Living,27.43,2,In stock,http://books.toscrape.com/catalogue/becoming-wise-an-inquiry-into-the-mystery-and-art-of-living_795/index.html,"I’m a person who listens for a living. I listen for wisdom, and beauty, and for voices not shouting to be heard. This book chronicles some of what I’ve learned in what has become a conversation across time and generations, across disciplines and denominations. Peabody Award-winning broadcaster and National Humanities Medalist Krista Tippett has interviewed the most extraordinary voices examining the great questions of meaning for our time. The heart of her work on her national public radio program and podcast, On Being, has been to shine a light on people whose insights kindle in us a sense of wonder and courage.",Non-Fiction,Adult
Beauty Restored (Riley Family Legacy Novellas #3),11.11,2,In stock,http://books.toscrape.com/catalogue/beauty-restored-riley-family-legacy-novellas-3_794/index.html,"While volunteering at a youth camp in the Ozark Mountains, Carmen Riley sponsors a challenging group of teenage girls. She longs to make a difference in their lives, but unsettling news from home rattles her confidence. When Carmen meets a charming young pastor, will his wise advice give her the courage she desperately needs? After discovering that the camp is in danger of closing, Pastor Andrew vows to save it. With Carmen's help, he rallies a group of sponsors to come up with a plan of action. However, the task could cost him much more than he bargains for. In a race against time, a common goal unites them, but unf",Fiction,Young Adult
Batman: The Long Halloween (Batman),36.5,2,In stock,http://books.toscrape.com/catalogue/batman-the-long-halloween-batman_793/index.html,"Taking place during Batman's early days of crime fighting, this new edition of the classic mystery tells the story of a mysterious killer who murders his prey only on holidays. Working with District Attorney Harvey Dent and Lieutenant James Gordon, Batman races against the calendar as he tries to discover who Holiday is before he claims his next victim each month. A mystery that has the reader continually guessing the identity of the killer, this story also ties into the events that transform Harvey Dent into Batman's deadly enemy, Two-Face. This edition includes original 13-issue series as well as four additional stories.",Mystery,Adult
Batman: The Dark Knight Returns (Batman),15.38,5,In stock,http://books.toscrape.com/catalogue/batman-the-dark-knight-returns-batman_792/index.html,"This masterpiece of modern comics storytelling brings to vivid life a dark world and an even darker man. Together with inker Klaus Janson and colorist Lynn Varley, writer/artist Frank Miller completely reinvents the legend of Batman in his saga of a near-future Gotham City gone to rot, ten years after the Dark Knight's retirement. Crime runs rampant in the streets, and the man who was Batman is still tortured by the memories of his parents' murders. As civil society crumbles around him, Bruce Wayne's long-suppressed vigilante side finally breaks free of its self-imposed shackles. The Dark Knight returns in a blaze of",Fiction,Adult
Ayumi's Violin,15.48,2,In stock,http://books.toscrape.com/catalogue/ayumis-violin_791/index.html,"In 1959 when her mother dies, twelve-year-old Ayumi leaves her home in Japan to find her American father. Biracial, she is confronted with a resentful half-sister and a racist stepmother. She wants to be accepted by her new family, but how much of her true self must she give up? Ayumi’s only solace is her music. When she is deprived of her violin, she shocks even herself by doing the unthinkable.",Fiction,Young Adult
Anonymous,46.82,4,In stock,http://books.toscrape.com/catalogue/anonymous_790/index.html,"Logan Matthews is a father, architect, and widower. He lives in Brooklyn, New York with his three year old son, Liam. His life is as ordinary as any single father with a toddler. Lara Miller is a single mother raising her nine year old daughter, Olivia in New York City, the city that never sleeps. She lives with her roommate, Erin and finds that she enjoys life just the way it is. Logan and Lara have all but given up on love. However, fate has another plan for these parents because they both share something that will draw them together in a way they never thought possible. Their daughter.",Romance,Adult
Amy Meets the Saints and Sages,18.46,3,In stock,http://books.toscrape.com/catalogue/amy-meets-the-saints-and-sages_789/index.html,"All major religions have saints and sages that are pinnacles of love and integrity. Wouldn't your child benefit from having them as role models? Wouldn't it empower your child to know that these saints/sages are real people, some of whom are living right now? In ""Amy Meets the Saints and Sages, A Young Person's Adventures in Spirituality"" your child gets to meet six saints/sages from six different traditions: Islam, Catholicism, Judaism, Native American, Tibetan Buddhism, and Hinduism. Three of the saints/sages are women; three are men. Three are still with us; three have passed on. Your child is introduced to these s",Children,Children
Amid the Chaos,36.58,1,In stock,http://books.toscrape.com/catalogue/amid-the-chaos_788/index.html,"Some people call Eritrea the “North Korea of Africa.” But to two friends Chenkelo and Misghe, it is home. In the picturesque capital of Asmara, these two educated young men are forced to choose between poverty and hustle as they hide from a national service conscription that would send them to the front lines. Charismatic Misghe is a charmer, a philosopher, and a loving son who is capable of having any woman in the city. But he’s about to flee his oppressive homeland—putting his longtime friendship with Chenkelo at stake. Chenkelo is a consummate hustler, resentful of his lot but in love with his city and his country.",Fiction,Young Adult
Amatus,50.54,5,In stock,http://books.toscrape.com/catalogue/amatus_787/index.html,"Crispian, who has lived in a city of darkness all his life, must make a choice: remain safe in his home, but forever wonder what the mysterious light on the horizon could be--or trust a young woman to guide him to a wonderful realm he's never seen, and risk being deceived and led to a terrible death.",Fantasy,Young Adult
Agnostic: A Spirited Manifesto,12.51,5,In stock,http://books.toscrape.com/catalogue/agnostic-a-spirited-manifesto_786/index.html,"A widely admired writer on religion celebrates agnosticism as the most vibrant, engaging—and ultimately the most honest—stance toward the mysteries of existence. One in four Americans reject any affiliation with organized religion, and nearly half of those under thirty describe themselves as “spiritual but not religious.” But as the airwaves resound with the haranguing of preachers and pundits, who speaks for the millions who find no joy in whittling the wonder of existence to a simple yes/no choice? Lesley Hazleton does. In this provocative, brilliant book, she gives voice to the case for agnosticism, breaks it free",Non-Fiction,Adult
Zealot: The Life and Times of Jesus of Nazareth,24.7,3,In stock,http://books.toscrape.com/catalogue/zealot-the-life-and-times-of-jesus-of-nazareth_785/index.html,"From the internationally bestselling author of No god but God comes a fascinating, provocative, and meticulously researched biography that challenges long-held assumptions about the man we know as Jesus of Nazareth. Two thousand years ago, an itinerant Jewish preacher and miracle worker walked across the Galilee, gathering followers to establish what he called the “Kingdom of God.” The revolutionary movement he launched was so threatening to the established order that he was captured, tortured, and executed as a state criminal. Within decades after his shameful death, his followers would call him God.",Biography,Adult
You (You #1),43.61,5,In stock,http://books.toscrape.com/catalogue/you-you-1_784/index.html,"When a beautiful, aspiring writer strides into the East Village bookstore where Joe Goldberg works, he does what anyone would do: he Googles the name on her credit card. There is only one Guinevere Beck in New York City. She has a public Facebook account and Tweets incessantly, telling Joe everything he needs to know: she is simply Beck to her friends, she went to Brown University, she lives on Bank Street, and she’ll be at a bar in Brooklyn tonight—the perfect place for a “chance” meeting. As Joe invisibly and obsessively takes control of Beck’s life, he orchestrates a series of events to ensure Beck finds herself in",Thriller,Adult
"Wonder Woman: Earth One, Volume One (Wonder Woman: Earth One #1)",37.34,4,In stock,http://books.toscrape.com/catalogue/wonder-woman-earth-one-volume-one-wonder-woman-earth-one-1_783/index.html,"Following the New York Times #1 bestselling original graphic novels Batman: Earth One, Volume One and Superman: Earth One Volumes One and Two comes Wonder Woman: Earth One, Volume One! Critically acclaimed, best-selling writer Grant Morrison (All-Star Superman, Batman, Inc.) once again pushes the boundaries of the graphic novel page in his mind-bending new take on the most powerful woman in the DC Universe. With stunning art by Yanick Paquette (Swamp Thing), Wonder Woman: Earth One, Volume One is an easily accessible jumping on point for new readers.",Graphic Novel,Young Adult
Wild Swans,14.36,2,In stock,http://books.toscrape.com/catalogue/wild-swans_782/index.html,"The summer before Ivy’s senior year is going to be golden; all bonfires, barbeques, and spending time with her best friends. For once, she will just get to be. No summer classes, none of Granddad’s intense expectations to live up to the family name. For generations, the Milbourn women have lead extraordinary lives—and died young and tragically. Granddad calls it a legacy, but Ivy considers it a curse. Why else would her mother have run off and abandoned her as a child? But when her mother unexpectedly returns home with two young daughters in tow, all of the stories Ivy wove to protect her heart start to unravel.",Fiction,Young Adult
Why the Right Went Wrong: Conservatism--From Goldwater to the Tea Party and Beyond,52.65,4,In stock,http://books.toscrape.com/catalogue/why-the-right-went-wrong-conservatism-from-goldwater-to-the-tea-party-and-beyond_781/index.html,Dionne's expertise is evident in this finely crafted and convincing work.” —The Los Angeles TimesFrom one of our most engaging political reporters and the author of Why Americans Hate Politics; the story of conservatism from the Goldwater 1960s to the present day Tea Party that has resulted in broken promises and an ideological purity that drives moderate Republicans away. Why the Right Went Wrong offers a historical view of the right since the 1960s. Its core contention is that American conservatism and the Republican Party took a wrong turn when they adopted Barry Goldwater’s worldview during and after the 1964 cam,Non-Fiction,Adult
Whole Lotta Creativity Going On: 60 Fun and Unusual Exercises to Awaken and Strengthen Your Creativity,38.2,4,In stock,http://books.toscrape.com/catalogue/whole-lotta-creativity-going-on-60-fun-and-unusual-exercises-to-awaken-and-strengthen-your-creativity_780/index.html,"Be your own kind of creative. Everyone has a creative core. Everyone! But, in order for it to thrive, it needs to be nurtured. That's where ""Whole Lotta Creativity Going On"" can help. It's not a crafts or how-to book, but rather a fun book, filled with 10 different types of unusual and thought-provoking activities and exercises, which can be used to ignite and invigorate your creative spark. Sometimes, those that don't feel they are creative, surprise themselves the most when they unlock the door, clear away the dust, and begin to discover and unleash the creative side of themselves.",Self-Help,Adult
What's It Like in Space?: Stories from Astronauts Who've Been There,19.6,2,In stock,http://books.toscrape.com/catalogue/whats-it-like-in-space-stories-from-astronauts-whove-been-there_779/index.html,"Everyone wonders what it's really like in space, but very few of us have ever had the chance to experience it firsthand. This captivating illustrated collection brings together stories from dozens of international astronauts—men and women who've actually been there—who have returned with accounts of the sometimes weird, often funny, and awe-inspiring sensations and realities of being in space. With playful artwork accompanying each, here are the real stories behind backwards dreams, ""moon face,"" the tricks of sleeping in zero gravity and aiming your sneeze during a spacewalk, the importance of packing hot sauce.",Non-Fiction,Adult
"We Are Robin, Vol. 1: The Vigilante Business (We Are Robin #1)",53.9,1,In stock,http://books.toscrape.com/catalogue/we-are-robin-vol-1-the-vigilante-business-we-are-robin-1_778/index.html,"The teenagers of Gotham City have adopted the “R” and made it their own. A new Robin? No, hundreds of new Robins! The Boy Wonder has inspired a movement in Gotham, where different people of all creeds, colors, genders and religions have donned the “R” insignia to combat crime. But will this clean up the city...or make more trouble for everyone? Collecting WE ARE ROBIN #1-6 and the sneak peek story from CONVERGENCE: NEW TEEN TITANS #2!",Fiction,Young Adult
Walt Disney's Alice in Wonderland,12.96,5,In stock,http://books.toscrape.com/catalogue/walt-disneys-alice-in-wonderland_777/index.html,"The fantastical tale of a young girl chasing her White Rabbit has delighted children since Lewis Carroll wrote it generations ago. Here his Wonderland shines anew, viewed through the looking glasses of two incomparable artists. Mary Blair's vibrant art helped shape the look of Walt Disney's classic animated film. Collected in a picture book for the first time, her illustrations capture the essence of such memorable characters as the Queen of Hearts and the Mad Hatter with stunning immediacy. Jon Scieszka's captivating text celebrates all that is curious-and all that is nonsensical-about the world that holds Alice spel",Fantasy,Children
V for Vendetta (V for Vendetta Complete),37.1,4,In stock,http://books.toscrape.com/catalogue/v-for-vendetta-v-for-vendetta-complete_776/index.html,"Remember, remember the fifth of November... A frightening and powerful tale of the loss of freedom and identity in a chillingly believable totalitarian world, V for Vendetta stands as one of the highest achievements of the comics medium and a defining work for creators Alan Moore and David Lloyd. Set in an imagined future England that has given itself over to fascism, this groundbreaking story captures both the suffocating nature of life in an authoritarian police state and the redemptive power of the human spirit which rebels against it. Crafted with sterling clarity and intelligence, V for Vendetta brings an unequaled narrative.",Fiction,Adult
Until Friday Night (The Field Party #1),46.31,2,In stock,http://books.toscrape.com/catalogue/until-friday-night-the-field-party-1_775/index.html,"To everyone who knows him, West Ashby has always been that guy: the cocky, popular, way-too-handsome-for-his-own-good football god who led Lawton High to the state championships. But while West may be Big Man on Campus on the outside, on the inside he’s battling the grief that comes with watching his father slowly die of cancer. Two years ago, Maggie Carleton’s life fell apart when her father murdered her mother. And after she told the police what happened, she stopped speaking and hasn’t spoken since. Even the move to Lawton, Alabama, couldn’t draw Maggie back out. So she stayed quiet, keeping her sorrow and her frac",Fiction,Young Adult
"Unbroken: A World War II Story of Survival, Resilience, and Redemption",45.95,2,In stock,http://books.toscrape.com/catalogue/unbroken-a-world-war-ii-story-of-survival-resilience-and-redemption_774/index.html,"On a May afternoon in 1943, an Army Air Forces bomber crashed into the Pacific Ocean and disappeared, leaving only a spray of debris and a slick of oil, gasoline, and blood. Then, on the ocean surface, a face appeared. It was that of a young lieutenant, the plane’s bombardier, who was struggling to a life raft and pulling himself aboard. So began one of the most extraordinary odysseys of the Second World War. The lieutenant’s name was Louis Zamperini. In boyhood, he’d been a cunning and incorrigible delinquent, breaking into houses, brawling, and fleeing his home to ride the rails. As a teenager, he had channeled his",Biography,Adult
Twenty Yawns,22.08,2,In stock,http://books.toscrape.com/catalogue/twenty-yawns_773/index.html,"Featuring lyrical text and beautiful illustrations, this bedtime tale from Pulitzer Prize winner Jane Smiley and Caldecott Honor recipient Lauren Castillo evokes the splashy fun of the beach and the quietude of a moonlit night, with twenty yawns sprinkled in for children to discover and count. As her mom reads a bedtime story, Lucy drifts off. But later, she awakens in a dark, still room, and everything looks mysterious. How will she ever get back to sleep?",Children,Children
Through the Woods,25.38,2,In stock,http://books.toscrape.com/catalogue/through-the-woods_772/index.html,"'It came from the woods. Most strange things do.' Five mysterious, spine-tingling stories follow journeys into (and out of?) the eerie abyss. These chilling tales spring from the macabre imagination of acclaimed and award-winning comic creator Emily Carroll. Come take a walk in the woods and see what awaits you there...",Fiction,Young Adult
This Is Where It Ends,27.12,2,In stock,http://books.toscrape.com/catalogue/this-is-where-it-ends_771/index.html,"10:00 a.m. The principal of Opportunity High School finishes her speech, welcoming the entire student body to a new semester and encouraging them to excel and achieve. 10:02 a.m. The students get up to leave the auditorium for their next class. 10:03 a.m. The auditorium doors won't open. 10:05 a.m. Someone starts shooting. Told from four different perspectives over the span of fifty-four harrowing minutes, terror reigns as one student’s calculated revenge turns into the ultimate game of survival.",Thriller,Young Adult
The Year of Magical Thinking,43.04,2,In stock,http://books.toscrape.com/catalogue/the-year-of-magical-thinking_770/index.html,"From one of America's iconic writers, this is a portrait of a marriage and a life - in good times and bad - that will speak to anyone who has ever loved a husband or wife or child. This is a stunning book of electric honesty and passion. Several days before Christmas 2003, John Gregory Dunne and Joan Didion saw their only daughter, Quintana, fall ill. At first they thought it was flu, then pneumonia, then complete septic shock. She was put into an induced coma and placed on life support. Days later - the night before New Year's Eve - the Dunnes were just sitting down to dinner after visiting the hospital when John suff",Biography,Adult
The Wright Brothers,56.8,4,In stock,http://books.toscrape.com/catalogue/the-wright-brothers_769/index.html,"Two-time winner of the Pulitzer Prize David McCullough tells the dramatic story-behind-the-story about the courageous brothers who taught the world how to fly: Wilbur and Orville Wright. On a winter day in 1903, in the Outer Banks of North Carolina, two unknown brothers from Ohio changed history. But it would take the world some time to believe what had happened: the age of flight had begun, with the first heavier-than-air, powered machine carrying a pilot. Who were these men and how was it that they achieved what they did? David McCullough, two-time winner of the Pulitzer Prize, tells the surprising, profoundly America",Biography,Adult
The White Queen (The Cousins' War #1),25.91,5,In stock,http://books.toscrape.com/catalogue/the-white-queen-the-cousins-war-1_768/index.html,"Philippa Gregory presents the first of a new series set amid the deadly feuds of England known as the Wars of the Roses. Brother turns on brother to win the ultimate prize, the throne of England, in this dazzling account of the wars of the Plantagenets. They are the claimants and kings who ruled England before the Tudors, and now Philippa Gregory brings them to life through the dramatic and intimate stories of the secret players: the indomitable women, starting with Elizabeth Woodville, the White Queen. The White Queen tells the story of a woman of extraordinary beauty and ambition who, catching the eye of the newly cr",Historical Fiction,Adult
The Wedding Pact (The O'Malleys #2),32.61,3,In stock,http://books.toscrape.com/catalogue/the-wedding-pact-the-omalleys-2_767/index.html,"New York Times and USA Today bestselling author Katee Robert continues her smoking-hot series about the O'Malleys—wealthy, powerful, and full of scandalous family secrets. Carrigan O'Malley has always known her arranged marriage would be more about power and prestige than passion. But after one taste of the hard-bodied, whiskey-voiced James Halloran, she's ruined for anyone else. Too bad James and his family are enemy number 1. Hallorans vs. O'Malleys—that's how it's always been. James should be thinking more about how to expand his family's empire instead of how silky Carrigan's skin is against his and how he can nex",Romance,Adult
The Time Keeper,27.88,5,In stock,http://books.toscrape.com/catalogue/the-time-keeper_766/index.html,"In this fable, the first man on earth to count the hours becomes Father Time. The inventor of the world's first clock is punished for trying to measure God's greatest gift. He is banished to a cave for centuries and forced to listen to the voices of all who come after him seeking more days, more years. Eventually, with his soul nearly broken, Father Time is granted his freedom, along with a magical hourglass and a mission: a chance to redeem himself by teaching two earthly people the true meaning of time. He returns to our world - now dominated by the hour-counting he so innocently began - and commences a journey with",Fantasy,Adult
The Testament of Mary,52.67,4,In stock,http://books.toscrape.com/catalogue/the-testament-of-mary_765/index.html,"Provocative, haunting, and indelible, Colm Tóibín’s portrait of Mary presents her as a solitary older woman still seeking to understand the events that become the narrative of the New Testament and the foundation of Christianity. In the ancient town of Ephesus, Mary lives alone, years after her son's crucifixion. She has no interest in collaborating with the authors of the Gospel—her keepers, who provide her with food and shelter and visit her regularly. She does not agree that her son is the Son of God; nor that his death was “worth it;” nor that the “group of misfits he gathered around him, men who could not look a w",Fiction,Adult
The Star-Touched Queen,46.02,5,In stock,http://books.toscrape.com/catalogue/the-star-touched-queen_764/index.html,"Fate and fortune. Power and passion. What does it take to be the queen of a kingdom when you're only seventeen? Maya is cursed. With a horoscope that promises a marriage of Death and Destruction, she has earned only the scorn and fear of her father's kingdom. Content to follow more scholarly pursuits, her whole world is torn apart when her father, the Raja, arranges a wedding of political convenience to quell outside rebellions. Soon Maya becomes the queen of Akaran and wife of Amar. Neither roles are what she expected: As Akaran's queen, she finds her voice and power. As Amar's wife, she finds something else entirely.",Fantasy,Young Adult
The Songs of the Gods,44.48,5,In stock,http://books.toscrape.com/catalogue/the-songs-of-the-gods_763/index.html,"The Songs of the Gods is a collection of poems reaching deep into the human soul. Love, hate, search, longing and reality are carefully tested and presented; from the subtle dreams of being in love to the cruelty of the inescapable reality. The power of the writing resembles the magnitude of poets like Arthur Rimbaud and William Blake.",Poetry,Adult
The Song of Achilles,37.4,5,In stock,http://books.toscrape.com/catalogue/the-song-of-achilles_762/index.html,"Greece in the age of heroes. Patroclus, an awkward young prince, has been exiled to the court of King Peleus and his perfect son Achilles. Despite their difference, Achilles befriends the shamed prince, and as they grow into young men skilled in the arts of war and medicine, their bond blossoms into something deeper - despite the displeasure of Achilles' mother Thetis, a cruel sea goddess. But when word comes that Helen of Sparta has been kidnapped, Achilles must go to war in distant Troy and fulfill his destiny. Torn between love and fear for his friend, Patroclus goes with him, little knowing that the years that follow will change everything.",Fiction,Young Adult
The Rosie Project (Don Tillman #1),54.04,1,In stock,http://books.toscrape.com/catalogue/the-rosie-project-don-tillman-1_761/index.html,"An international sensation, this hilarious, feel-good novel is narrated by an oddly charming and socially challenged genetics professor on an unusual quest: to find out if he is capable of true love. Don Tillman, professor of genetics, has never been on a second date. He is a man who can count all his friends on the fingers of one hand, whose lifelong difficulty with social rituals has convinced him that he is simply not wired for romance. So when an acquaintance informs him that he would make a “wonderful” husband, his first reaction is shock. Yet he must concede to the statistical probability that there is someone f",Fiction,Adult
The Power of Habit: Why We Do What We Do in Life and Business,16.88,3,In stock,http://books.toscrape.com/catalogue/the-power-of-habit-why-we-do-what-we-do-in-life-and-business_760/index.html,"A young woman walks into a laboratory. Over the past two years, she has transformed almost every aspect of her life. She has quit smoking, run a marathon, and been promoted at work. The patterns inside her brain, neurologists discover, have fundamentally changed. Marketers at Procter & Gamble study videos of people making their beds. They are desperately trying to figure out how to sell a new product called Febreze, on track to be one of the biggest flops in company history. Suddenly, one of them detects a nearly imperceptible pattern—and with a slight shift in advertising, Febreze goes on to earn a billion dollars a year.",Non-Fiction,Adult
The Marriage of Opposites,28.08,4,In stock,http://books.toscrape.com/catalogue/the-marriage-of-opposites_759/index.html,"From the New York Times bestselling author of The Dovekeepers and The Museum of Extraordinary Things: a forbidden love story set on the tropical island of St. Thomas about the extraordinary woman who gave birth to painter Camille Pissarro; the Father of Impressionism. Growing up on idyllic St. Thomas in the early 1800s, Rachel dreams of life in faraway Paris. Rachel's mother, a pillar of their small refugee community of Jews who escaped the Inquisition, has never forgiven her daughter for being a difficult girl who refuses to live by the rules. Growing up, Rachel's salvation is their maid Adelle's belief in her strength.",Fiction,Adult
The Lucifer Effect: Understanding How Good People Turn Evil,10.4,1,In stock,http://books.toscrape.com/catalogue/the-lucifer-effect-understanding-how-good-people-turn-evil_758/index.html,"Renowned social psychologist and creator of the 'Stanford Prison Experiment,' Philip Zimbardo explores the mechanisms that make good people do bad things, how moral people can be seduced into acting immorally, and what this says about the line separating good from evil. The Lucifer Effect explains how—and the myriad reasons why—we are all susceptible to the lure of 'the dark side.' Drawing on examples from history as well as his own trailblazing research, Zimbardo details how situational forces and group dynamics can work in concert to make monsters out of decent men and women.",Non-Fiction,Adult
The Long Haul (Diary of a Wimpy Kid #9),44.07,1,In stock,http://books.toscrape.com/catalogue/the-long-haul-diary-of-a-wimpy-kid-9_757/index.html,Greg Heffley and his family hit the road in author-illustrator Jeff Kinney's latest installment of the phenomenally bestselling Diary of a Wimpy Kid series.,Fiction,Children
The Loney,23.4,1,In stock,http://books.toscrape.com/catalogue/the-loney_756/index.html,"If it had another name, I never knew, but the locals called it the Loney - that strange nowhere between the Wyre and the Lune where Hanny and I went every Easter time with Mummer, Farther, Mr and Mrs Belderboss and Father Wilfred, the parish priest. It was impossible to truly know the place. It changed with each influx and retreat, and the neap tides would reveal the skeletons of those who thought they could escape its insidious currents. No one ever went near the water. No one apart from us, that is. I suppose I always knew that what happened there wouldn't stay hidden for ever, no matter how much I wanted it to.",Fiction,Adult
The Literature Book (Big Ideas Simply Explained),17.43,3,In stock,http://books.toscrape.com/catalogue/the-literature-book-big-ideas-simply-explained_755/index.html,"A global look at the greatest works of Eastern and Western literature and the themes that unite them, for students and lovers of literature and reading. The Literature Book is a fascinating journey through the greatest works of world literature, from the Iliad to Don Quixote to The Great Gatsby. Around 100 crystal-clear articles explore landmark novels, short stories, plays, and poetry that reinvented the art of writing in their time, whether Ancient Greece, post-classical Europe, or modern-day Korea. As part of DK's award-winning Big Ideas Simply Explained series, The Literature Book uses infographics and images to ex",Non-Fiction,Adult
The Last Mile (Amos Decker #2),54.21,2,In stock,http://books.toscrape.com/catalogue/the-last-mile-amos-decker-2_754/index.html,"In his #1 New York Times bestseller Memory Man, David Baldacci introduced the extraordinary detective Amos Decker-the man who can forget nothing. Now, Decker returns in a spectacular new thriller . . . THE LAST MILEConvicted murderer Melvin Mars is counting down the last hours before his execution--for the violent killing of his parents twenty years earlier--when he's granted an unexpected reprieve. Another man has confessed to the crime.Amos Decker, newly hired on an FBI special task force, takes an interest in Mars's case after discovering the striking similarities to his own life: Both men were talented football p",Thriller,Adult
The Immortal Life of Henrietta Lacks,40.67,2,In stock,http://books.toscrape.com/catalogue/the-immortal-life-of-henrietta-lacks_753/index.html,"Henrietta Lacks, as HeLa, is known to present-day scientists for her cells from cervical cancer. She was a poor Southern tobacco farmer who worked the same land as her slave ancestors, yet her cells were taken without her knowledge and still live decades after her death. Cells descended from her may weigh more than 50M metric tons. HeLa cells were vital for developing the polio vaccine; uncovered secrets of cancer, viruses, and the atom bomb’s effects; helped lead to important advances like in vitro fertilization, cloning, and gene mapping; and have been bought and sold by the billions. Yet Henrietta Lacks was buried",Biography,Adult
The Hidden Oracle (The Trials of Apollo #1),52.26,2,In stock,http://books.toscrape.com/catalogue/the-hidden-oracle-the-trials-of-apollo-1_752/index.html,"How do you punish an immortal? By making him human. After angering his father Zeus, the god Apollo is cast down from Olympus. Weak and disorientated, he lands in New York City as a regular teenage boy. Now, without his godly powers, the four-thousand-year-old deity must learn to survive in the modern world until he can somehow find a way to regain Zeus's favour. But Apollo has many enemies - gods, monsters and mortals who would love to see the former Olympian permanently destroyed. Apollo needs help, and he can think of only one place to go . . . an enclave of modern demigods known as Camp Half-Blood.",Fantasy,Young Adult
The Help Yourself Cookbook for Kids: 60 Easy Plant-Based Recipes Kids Can Make to Stay Healthy and Save the Earth,28.77,3,In stock,http://books.toscrape.com/catalogue/the-help-yourself-cookbook-for-kids-60-easy-plant-based-recipes-kids-can-make-to-stay-healthy-and-save-the-earth_751/index.html,"Struggling to get your kids to eat their fruits and vegetables? Try letting them help themselves! Experts tell us the best way to teach kids healthy eating habits is to involve them in the process. This irresistibe cookbook presents 60 appealing recipes kids will beg to make themselves, in fun and charming illustrations they will love. Bursting with color, humor, cute animal characters, and cool facts (Did you know your brain actually shrinks when you’re dehydrated? Drink water, quick!), Help Yourself empowers children to take charge of their own nutrition — for now and for life! Recipes include: fun-to-munch hand-hel",Non-Fiction,Children
The Guilty (Will Robie #4),13.82,2,In stock,http://books.toscrape.com/catalogue/the-guilty-will-robie-4_750/index.html,"Will Robie is the government's most professional, disciplined, and lethal assassin. He infiltrates the most hostile countries in the world, defeats our enemies' advanced security measures, and eliminates threats before they ever reach our shores. But now, his skills have left him. Sent overseas on a critical assignment, he fails, unable to pull the trigger. Absent his talents, Robie is a man without a mission, and without a purpose. To recover what he has lost, Robie must confront what he has tried to forget for over twenty years: his own past.",Thriller,Adult
The First Hostage (J.B. Collins #2),25.85,3,In stock,http://books.toscrape.com/catalogue/the-first-hostage-jb-collins-2_749/index.html,"“The president of the United States . . . is missing.”With these words, New York Times journalist J. B. Collins, reporting from the scene of a devastating attack by ISIS terrorists in Amman, Jordan, puts the entire world on high alert. The leaders of Israel and Palestine are critically injured, Jordan’s king is fighting for his life, and the U.S. president is missing and presumed captured.As the U.S. government faces a constitutional crisis and Jordan battles for its very existence, Collins must do his best to keep the world informed while working to convince the FBI that his stories are not responsible for the terro",Thriller,Adult
The Dovekeepers,48.78,1,In stock,http://books.toscrape.com/catalogue/the-dovekeepers_748/index.html,"Blends mythology, magic, archaeology and women. Traces four women, their path to the Masada massacre. In 70 CE, nine hundred Jews held out for months against armies of Romans on a mountain in the Judean desert, Masada. According to the ancient historian Josephus, two women and five children survived. Four bold, resourceful, and sensuous women come to Masada by a different path. Yael’s mother died in childbirth, and her father never forgave her for that death. Revka, a village baker’s wife, watched the horrifically brutal murder of her daughter by Roman soldiers; she brings to Masada her twin grandsons, rendered mute b",Historical Fiction,Adult
The Darkest Lie,35.35,5,In stock,http://books.toscrape.com/catalogue/the-darkest-lie_747/index.html,"“The mother I knew would never do those things.But maybe I never knew her after all.”Clothes, jokes, coded messages…Cecilia Brooks and her mom shared everything. At least, CeCe thought they did. Six months ago, her mom killed herself after accusations of having sex with a student, and CeCe’s been the subject of whispers and taunts ever since. Now, at the start of her high school senior year, between dealing with her grieving, distracted father, and the social nightmare that has become her life, CeCe just wants to fly under the radar. Instead, she’s volunteering at the school’s crisis hotline—the same place her mother",Fiction,Young Adult
The Bane Chronicles (The Bane Chronicles #1-11),44.73,4,In stock,http://books.toscrape.com/catalogue/the-bane-chronicles-the-bane-chronicles-1-11_746/index.html,"Fans of The Mortal Instruments and The Infernal Devices can get to know warlock Magnus Bane like never before in this collection of New York Times bestselling tales, in print for the first time with an exclusive new story and illustrated material. This collection of eleven short stories illuminates the life of the enigmatic Magnus Bane, whose alluring personality, flamboyant style, and sharp wit populate the pages of the #1 New York Times bestselling series, The Mortal Instruments and The Infernal Devices. Originally released one-by-one as e-only short stories by Cassandra Clare, Maureen Johnson, and Sarah Rees Brennan.",Fantasy,Young Adult
The Bad-Ass Librarians of Timbuktu: And Their Race to Save the World’s Most Precious Manuscripts,15.77,1,In stock,http://books.toscrape.com/catalogue/the-bad-ass-librarians-of-timbuktu-and-their-race-to-save-the-worlds-most-precious-manuscripts_745/index.html,"To save precious centuries-old Arabic texts from Al Qaeda, a band of librarians in Timbuktu pulls off a brazen heist worthy of Ocean’s Eleven. In the 1980s, a young adventurer and collector for a government library, Abdel Kader Haidara, journeyed across the Sahara Desert and along the Niger River, tracking down and salvaging tens of thousands of ancient Islamic and secular manuscripts that had fallen into obscurity. The Bad-Ass Librarians of Timbuktu tells the incredible story of how Haidara, a mild-mannered archivist and historian from the legendary city of Timbuktu, later became one of the world’s greatest and most b",Non-Fiction,Adult
The 14th Colony (Cotton Malone #11),39.24,1,In stock,http://books.toscrape.com/catalogue/the-14th-colony-cotton-malone-11_744/index.html,"Shot down over Siberia in what was to be a simple meet-and-greet-mission, ex-Justice Department agent Cotton Malone is forced into a fight for survival against Aleksandr Zorin, whose loyalty to the former Soviet Union has festered for decades into an intense hatred of the United States. Before escaping, Malone learns that Zorin and another ex-KGB officer, this one a sleeper still imbedded in the West, are headed overseas to Washington D.C. Inauguration Day-noon on January 20th-is only hours away. A flaw in the Constitution, and an even more flawed presidential succession act, have opened the door to political chaos an",Thriller,Adult
That Darkness (Gardiner and Renner #1),13.92,1,In stock,http://books.toscrape.com/catalogue/that-darkness-gardiner-and-renner-1_743/index.html,"As a forensic investigator for the Cleveland Police Department, Maggie Gardiner has seen her share of Jane Does. The latest is an unidentified female in her early teens, discovered in a local cemetery. More shocking than the girl’s injuries—for Maggie at least—is the fact that no one has reported her missing. She and the detectives assigned to the case (including her cop ex-husband) are determined to follow every lead, run down every scrap of evidence. But the monster they seek is watching each move, closer to them than they could ever imagine. Jack Renner is a killer. He doesn’t murder because he savors it, or becau",Thriller,Adult
Tastes Like Fear (DI Marnie Rome #3),10.69,1,In stock,http://books.toscrape.com/catalogue/tastes-like-fear-di-marnie-rome-3_742/index.html,"Sarah Hilary won the 2015 Theakston's Crime Novel of the Year with her debut, the 2014 Richard and Judy pick SOMEONE ELSE'S SKIN. She followed up with NO OTHER DARKNESS, proclaimed as 'riveting' by Lisa Gardner and 'truly mesmerising' by David Mark. Now D.I. Marnie Rome returns in her third novel.Home is where Harm lies...The young girl who causes the fatal car crash disappears from the scene.A runaway who doesn't want to be found, she only wants to go home.To the one man who understands her.Gives her shelter. Just as he gives shelter to the other lost girls who live in his house.He's the head of her new family.",Thriller,Adult
Take Me with You,45.21,3,In stock,http://books.toscrape.com/catalogue/take-me-with-you_741/index.html,"August Shroeder, a burned-out teacher, has been sober since his 19-year-old son died. Every year he's spent the summer on the road, but making it to Yellowstone this year means everything. The plan had been to travel there with his son, but now August is making the trip with Philip's ashes instead. An unexpected twist of fate lands August with two extra passengers for his journey, two half-orphans with nowhere else to go. What none of them could have known was how transformative both the trip and the bonds that develop between them would prove, driving each to create a new destiny together.",Fiction,Adult
Swell: A Year of Waves,45.58,1,In stock,http://books.toscrape.com/catalogue/swell-a-year-of-waves_740/index.html,"Wave watchers around the world know that no two waves are the same. Yet each and every wave that rises, peaks, and crashes onto the beach is generated by a much larger force originating thousands of miles away. Surf journalist team Evan Slater and Peter Taras capture the essence of waves and the swells that produce them in this breathtaking collection of wave photography. Slater characterizes four distinct swells from different corners of the globe and traces their journeys throughout the year from storm to seashore. His reflective, informative essays amplify these powerful images of hundreds of waves frozen in time.",Non-Fiction,Adult
Superman Vol. 1: Before Truth (Superman by Gene Luen Yang #1),11.89,5,In stock,http://books.toscrape.com/catalogue/superman-vol-1-before-truth-superman-by-gene-luen-yang-1_739/index.html,"Superman is going through some changes. First, there's his new ""solar flare"" power, which releases tremendous amounts of energy but leaves him functionally human - fragile, vulnerable, prone to hangovers - for 24 hours. But an even bigger change is coming. A new company called Hordr has sprung up, and its business is secrets. If you have one that you want to keep hidden, Hordr can control you - and no one has a bigger secret than Clark Kent. Now, Hordr is threatening to expose Clark's alter ego unless he does everything they command. Will Superman play into the hands of blackmailers to keep his loved ones out of danger?",Fiction,Adult
Still Life with Bread Crumbs,26.41,3,In stock,http://books.toscrape.com/catalogue/still-life-with-bread-crumbs_738/index.html,"A superb love story from Anna Quindlen, the #1 New York Times bestselling author of Rise and Shine, Blessings, and A Short Guide to a Happy Life Still Life with Bread Crumbs begins with an imagined gunshot and ends with a new tin roof. Between the two is a wry and knowing portrait of Rebecca Winter, a photographer whose work made her an unlikely heroine for many women. Her career is now descendent, her bank balance shaky, and she has fled the city for the middle of nowhere. There she discovers, in a tree stand with a roofer named Jim Bates, that what she sees through a camera lens is not all there is to life.",Fiction,Adult
Steve Jobs,39.5,5,In stock,http://books.toscrape.com/catalogue/steve-jobs_737/index.html,"From best-selling author Walter Isaacson comes the landmark biography of Apple co-founder Steve Jobs. In Steve Jobs: The Exclusive Biography, Isaacson provides an extraordinary account of Jobs' professional and personal life. Drawn from three years of exclusive and unprecedented interviews Isaacson has conducted with Jobs as well as extensive interviews with Jobs' family members and key colleagues from Apple and its competitors, Steve Jobs: The Exclusive Biography is the definitive portrait of the greatest innovator of his generation.",Biography,Adult
Sorting the Beef from the Bull: The Science of Food Fraud Forensics,44.74,4,In stock,http://books.toscrape.com/catalogue/sorting-the-beef-from-the-bull-the-science-of-food-fraud-forensics_736/index.html,"Horse meat in our burgers, melamine in our infant formula, artificial colors in our fish and fruit--as our urban lifestyle takes us farther away from our food sources, there are increasing opportunities for dishonesty, duplicity, and profit-making shortcuts. Food adulteration, motivated by money, is an issue that has spanned the globe throughout human history. Whether it's a matter of making a good quality oil stretch a bit further by adding a little extra 'something' or labeling a food falsely to appeal to current consumer trends--it's all food fraud. Consumers may pay the ultimate costs for these crimes, with their",Non-Fiction,Adult
Someone Like You (The Harrisons #2),52.79,5,In stock,http://books.toscrape.com/catalogue/someone-like-you-the-harrisons-2_735/index.html,"Pierce Harrison--yes, that Pierce Harrison, black sheep of the wealthy Harrison clan--has come home to his family's luxurious Long Island compound. The big question is why the dangerously sexy soccer star agreed to coach a kids' soccer team. His co-coach Abby McCord should be grateful. Instead she's fending off some seriously smoldering advances from the scandal-ridden athlete. Good thing bad boys are so not her type . . . Abby is definitely not lacking in passion, but the sweet-faced beauty needs to learn a thing or two about taking a team to the championship--and a whole lot about how to let a man into her once-broken heart.",Romance,Adult
"So Cute It Hurts!!, Vol. 6 (So Cute It Hurts!! #6)",35.43,4,In stock,http://books.toscrape.com/catalogue/so-cute-it-hurts-vol-6-so-cute-it-hurts-6_734/index.html,"The Kobayashi twins, Megumu and Mitsuru, were named after historical figures, but only Megumu has grown up with a taste for history. So when Mitsuru is in danger of losing his weekends to extra history classes, he convinces his sister to swap clothes with him and ace his tests! After all, how hard can it be for them to play each other? Megumu is considering a career as a manga artist, but as Mitsuru so helpfully points out, her drawing skills could use a lot of improvement. That doesn’t dim her enthusiasm, and she vows to practice drawing every day. But her first sketching session in a park is interrupted by an intens",Fiction,Young Adult
Shtum,55.84,4,In stock,http://books.toscrape.com/catalogue/shtum_733/index.html,"Powerful, darkly funny and heart-breaking, Shtum is a story about fathers and sons, autism, and dysfunctional relationships. Ben Jewell has hit breaking point. His ten-year-old son Jonah has severe autism and Ben and his wife, Emma, are struggling to cope. When Ben and Emma fake a separation - a strategic decision to further Jonah's case in an upcoming tribunal - Ben and Jonah move in with Georg, Ben's elderly father. In a small house in North London, three generations of men - one who can't talk; two who won't - are thrown together. A powerful, emotional, but above all enjoyable read, perfect for fans of THE SHOCK OF T",Fiction,Adult
See America: A Celebration of Our National Parks & Treasured Sites,48.87,3,In stock,http://books.toscrape.com/catalogue/see-america-a-celebration-of-our-national-parks-treasured-sites_732/index.html,"To coincide with the 2016 centennial anniversary of the National Parks Service, the Creative Action Network has partnered with the National Parks Conservation Association to revive and reimagine the legacy of WPA travel posters. Artists from all over the world have participated in the creation of this new, crowdsourced collection of See America posters for a modern era. Featuring artwork for 75 national parks and monuments across all 50 states, this engaging keepsake volume celebrates the full range of our nation's landmarks and treasured wilderness.",Art,Adult
salt.,46.78,4,In stock,http://books.toscrape.com/catalogue/salt_731/index.html,"Salt is a journey through warmth and sharpness. This collection of poetry explores the realities of multiple identities, language, diasporic life & pain, the self, community, healing, celebration, and love.",Poetry,Adult
Robin War,47.82,3,In stock,http://books.toscrape.com/catalogue/robin-war_730/index.html,"It’s Robins vs. cops! Robins vs. Robins! Robins vs. Batman! Robins vs. the Court of Owls‽Collecting: Robin War 1-2, Grayson 15, Detective Comics 47, We Are Robin... 7, Robin: Son of Batman 7, Gotham Academy 13, Red Hood/Arsenal 7, & Teen Titans 15",Fantasy,Young Adult
"Red Hood/Arsenal, Vol. 1: Open for Business (Red Hood/Arsenal #1)",25.48,2,In stock,http://books.toscrape.com/catalogue/red-hoodarsenal-vol-1-open-for-business-red-hoodarsenal-1_729/index.html,"Red Hood and Arsenal are open for business! After working for the mysterious Tara Battleworth as on-staff outlaws, Roy and Jason have decided to branch out on their own as freelance problem solvers, investigators, and general butt-kicking specialists. But when the sinister corporate scourge of Underbelly rears its ugly head, can our heroes overcome pure evil and corruption made manifest? Collects RED HOOD/ARSENAL #1-6.",Fiction,Young Adult
Rain Fish,23.57,3,In stock,http://books.toscrape.com/catalogue/rain-fish_728/index.html,"Get to know the “rain fish” that come to life during rainstorms in this gorgeous exploration of nature with vibrant collage artwork from the Caldecott Honor–winning illustrator of Chicka Chicka Boom Boom. When blue sky turns gray and it rains all day, sometimes rain fish come out and play. They swim among discards and debris. Do you see them, too? Or is it just me? Through lyrical text and her incomparable mixed-media collage illustrations, Lois Ehlert introduces readers to “rain fish”—the varied, colorful, and unique little collections of materials that float along on streams of rain water during storms. From a scrap",Children,Children
"Quarter Life Poetry: Poems for the Young, Broke and Hangry",50.89,5,In stock,http://books.toscrape.com/catalogue/quarter-life-poetry-poems-for-the-young-broke-and-hangry_727/index.html,"The creator of the popular Tumblr and Instagram ""Quarter Life Poetry"" tackles the real-life truths of work, money, sex, and many other challenges 20-somethings face in a laugh-out-loud collection of poetry. Samantha Jayne knows that life post-college isn't as glamorous as all undergrads think it's going to be... because she's currently living it. A graphic artist, Sam started creating doodles and funny poems about her life as a 25-year-old. And when she decided to put them on Instagram, the captions were full of other people tagging friends and saying, ""This is literally us.""",Poetry,Young Adult
Pet Sematary,10.56,3,In stock,http://books.toscrape.com/catalogue/pet-sematary_726/index.html,"Sometimes dead is better....When the Creeds move into a beautiful old house in rural Maine, it all seems too good to be true: physician father, beautiful wife, charming little daughter, adorable infant son -- and now an idyllic home. As a family, they've got it all...right down to the friendly cat.But the nearby woods hide a blood-chilling truth -- more terrifying than death itself...and hideously more powerful.",Horror,Adult
"Overload: How to Unplug, Unwind, and Unleash Yourself from the Pressure of Stress",52.15,3,In stock,http://books.toscrape.com/catalogue/overload-how-to-unplug-unwind-and-unleash-yourself-from-the-pressure-of-stress_725/index.html,"#1 New York Times bestselling author Joyce Meyer shows readers how to become free from the burden of stress so that they can achieve God's best for their lives. As technology increases your accessibility, it becomes harder to mute the background noise of your life and receive God's guidance. Joyce Meyer calls this OVERLOAD, when the demands of your busy life become all-consuming and overwhelming. But to experience the joyful life God has planned, you must make time to focus on His Word. Then you'll receive His healing calmness and gain the strength to take on life's challenges, from physical ailments to problems in relationships.",Self-Help,Adult
Once Was a Time,18.28,2,In stock,http://books.toscrape.com/catalogue/once-was-a-time_724/index.html,"In the war-ravaged England of 1940, Charlotte Bromley is sure of only one thing: Kitty McLaughlin is her best friend in the whole world. But when Charlotte's scientist father makes an astonishing discovery that the Germans will covet for themselves, Charlotte is faced with an impossible choice between danger and safety. Should she remain with her friend or journey to another time and place? Her split-second decision has huge consequences, and when she finds herself alone in the world, unsure of Kitty's fate, she knows that somehow, some way, she must find her way back to her friend. Written in the spirit of classic t",Fiction,Young Adult
Old School (Diary of a Wimpy Kid #10),11.83,5,In stock,http://books.toscrape.com/catalogue/old-school-diary-of-a-wimpy-kid-10_723/index.html,"In the latest installment of the phenomenally bestselling Diary of a Wimpy Kid series, author-illustrator Jeff Kinney brings the series back to its roots, as Greg starts a new school year and faces a challenge he never could've imagined.",Children,Children
No Dream Is Too High: Life Lessons From a Man Who Walked on the Moon,21.95,2,In stock,http://books.toscrape.com/catalogue/no-dream-is-too-high-life-lessons-from-a-man-who-walked-on-the-moon_722/index.html,"Beloved American hero Buzz Aldrin reflects on the wisdom, guiding principles, and irreverent anecdotes he's gathered through his event-filled life—both in outer space and on earth—in this inspiring guide-to-life for the next generation. Everywhere he goes, crowds gather to meet Buzz Aldrin. He is a world-class hero, a larger-than-life figurehead, best known of a generation of astronauts whose achievements surged in just a few years from first man in space to first men on the moon. Now he pauses to reflect and share what he has learned, from the vantage point not only of outer space but also of time: still a non-stop",Biography,Adult
"Naruto (3-in-1 Edition), Vol. 14: Includes Vols. 40, 41 & 42 (Naruto: Omnibus #14)",38.39,2,In stock,http://books.toscrape.com/catalogue/naruto-3-in-1-edition-vol-14-includes-vols-40-41-42-naruto-omnibus-14_721/index.html,"Naruto is a young shinobi with an incorrigible knack for mischief. He’s got a wild sense of humor, but Naruto is completely serious about his mission to be the world’s greatest ninja! It’s Deidara vs. Sasuke, but even Deidara’s Ultimate Art may be no match for the all-powerful new Sasuke. The battle culminates in a giant explosion, leaving members of Team Kakashi concerned, especially when Karin cannot sense Sasuke’s chakra. Plus, deep inside the Land of Rain lies an Akatsuki secret that sheds doubt on the organization’s true intentions, as well as their mysterious leader, Pain.",Fantasy,Young Adult
My Name Is Lucy Barton,41.56,1,In stock,http://books.toscrape.com/catalogue/my-name-is-lucy-barton_720/index.html,"A new book by Pulitzer Prize winner Elizabeth Strout is cause for celebration. Her bestselling novels, including Olive Kitteridge and The Burgess Boys, have illuminated our most tender relationships. Now, in My Name Is Lucy Barton, this extraordinary writer shows how a simple hospital visit becomes a portal to the most tender relationship of all—the one between mother and daughter. Lucy Barton is recovering slowly from what should have been a simple operation. Her mother, to whom she hasn’t spoken for many years, comes to see her. Gentle gossip about people from Lucy’s childhood in Amgash, Illinois, seems to reconnect them.",Fiction,Adult
My Mrs. Brown,24.48,3,In stock,http://books.toscrape.com/catalogue/my-mrs-brown_719/index.html,"From William Norwich, the well-known fashion writer and editor, an unforgettable novel about a woman with a secret who travels to New York City on a determined quest to buy a special dress that represents everything she wants to say about that secret…and herself. Sometimes a dress isn’t just a dress. Emilia Brown is a woman of a certain age. She has spent a frugal, useful, and wholly restrained life in Ashville, a small town in Rhode Island. Overlooked especially by the industries of fashion and media, Mrs. Brown is one of today’s silent generations of women whose quiet no-frills existences would make them seem invisib",Fiction,Adult
My Kind of Crazy,40.36,1,In stock,http://books.toscrape.com/catalogue/my-kind-of-crazy_718/index.html,"Despite the best of intentions, seventeen-year old, wisecracking Hank Kirby can’t quite seem to catch a break. It’s not that he means to screw things up all the time, it just happens. A lot. Case in point: his attempt to ask out the girl he likes literally goes up in flames when he spells “Prom” in sparklers on her lawn…and nearly burns down her house. As if that wasn’t bad enough, Peyton Breedlove, a brooding loner and budding pyromaniac, witnesses the whole thing. Much to Hank’s dismay, Peyton takes an interest in him—and his “work.” The two are thrust into an unusual friendship, but their boundaries are tested whe",Fiction,Young Adult
Mr. Mercedes (Bill Hodges Trilogy #1),28.9,1,In stock,http://books.toscrape.com/catalogue/mr-mercedes-bill-hodges-trilogy-1_717/index.html,"In the frigid pre-dawn hours, in a distressed Midwestern city, hundreds of desperate unemployed folks are lined up for a spot at a job fair. Without warning, a lone driver plows through the crowd in a stolen Mercedes, running over the innocent, backing up, and charging again. Eight people are killed; fifteen are wounded. The killer escapes. In another part of town, months later, a retired cop named Bill Hodges is still haunted by the unsolved crime. When he gets a crazed letter from someone who self-identifies as the 'perk' and threatens an even more diabolical attack, Hodges wakes up from his depressed and vacant ret.",Thriller,Adult
More Than Music (Chasing the Dream #1),37.61,2,In stock,http://books.toscrape.com/catalogue/more-than-music-chasing-the-dream-1_716/index.html,"Classical musician Maddie Taylor secretly dreams of a louder life, but geeky girls like her don't get to be rock stars. That is, until tattooed singer Jared Cross catches her playing guitar and invites her to join his band on The Sound, a reality TV show competition. Once on the show, Maddie discovers there's more to Jared than his flirty smile and bad boy reputation. With each performance their attraction becomes impossible to ignore, but when the show pressures them to stay single, they're forced to keep their relationship secret. As the competition heats up, Jared will do whatever it takes for his band to win, and Ma",Romance,Young Adult
Made to Stick: Why Some Ideas Survive and Others Die,38.85,5,In stock,http://books.toscrape.com/catalogue/made-to-stick-why-some-ideas-survive-and-others-die_715/index.html,"Mark Twain once observed, “A lie can get halfway around the world before the truth can even get its boots on.” His observation rings true: Urban legends, conspiracy theories, and bogus public-health scares circulate effortlessly. Meanwhile, people with important ideas–business people, teachers, politicians, journalists, and others–struggle to make their ideas “stick.” Why do some ideas thrive while others die? And how do we improve the chances of worthy ideas? In Made to Stick, accomplished educators and idea collectors Chip and Dan Heath tackle head-on these vexing questions. Inside, the brothers Heath reveal the ana",Non-Fiction,Adult
Luis Paints the World,53.95,3,In stock,http://books.toscrape.com/catalogue/luis-paints-the-world_714/index.html,"Luis wishes Nico wasn't leaving for the Army. To show Nico he doesn't need to go, Luis begins a mural on the alleyway wall. Their house, the river, the Parque de las Ardillas—it's the world, all right there. Won't Nico miss Mami's sweet flan? What about their baseball games in the street? But as Luis awaits his brother's return from duty, his own world expands as well, through swooping paint and the help of their bustling Dominican neighborhood.",Fiction,Young Adult
Luckiest Girl Alive,49.83,3,In stock,http://books.toscrape.com/catalogue/luckiest-girl-alive_713/index.html,"HER PERFECT LIFE IS A PERFECT LIE.As a teenager at the prestigious Bradley School, Ani FaNelli endured a shocking, public humiliation that left her desperate to reinvent herself. Now, with a glamorous job, expensive wardrobe, and handsome blue blood fiancé, she’s this close to living the perfect life she’s worked so hard to achieve.But Ani has a secret.There’s something else buried in her past that still haunts her, something private and painful that threatens to bubble to the surface and destroy everything.With a singular voice and twists you won’t see coming, Luckiest Girl Alive explores the unbearable pressure tha",Fiction,Adult
Lowriders to the Center of the Earth (Lowriders in Space #2),51.51,2,In stock,http://books.toscrape.com/catalogue/lowriders-to-the-center-of-the-earth-lowriders-in-space-2_712/index.html,"The lovable trio from the acclaimed Lowriders in Space are back! Lupe Impala, Elirio Malaria, and El Chavo Octopus are living their dream at last. They're the proud owners of their very own garage. But when their beloved cat Genie goes missing, they need to do everything they can to find him. Little do they know the trail will lead them to the realm of Mictlantecuhtli, the Aztec god of the Underworld, who is keeping Genie prisoner! With cool Spanish phrases on every page, a glossary of terms, and an action-packed plot that sneaks in science as well as Aztec lore, Lowriders to the Center of the Earth is a linguistic a",Children,Children
Love Is a Mix Tape (Music #1),18.03,1,In stock,http://books.toscrape.com/catalogue/love-is-a-mix-tape-music-1_711/index.html,"In this stunning memoir, Rob Sheffield, a veteran rock and pop culture critic and staff writer for Rolling Stone magazine, tells the story of his musical coming of age, and how rock music, the first love of his life, led him to his second, a girl named Renee. Rob and Renee's life together - they wed after graduate school, both became music journalists, and were married only five years when Renee died suddenly on Mother's Day, 1997 - is shared through the window of the mix tapes they obsessively compiled. There are mixes to court each other, mixes for road trips, mixes for doing the dishes, mixes for sleeping - and, e",Biography,Adult
Looking for Lovely: Collecting the Moments that Matter,29.14,5,In stock,http://books.toscrape.com/catalogue/looking-for-lovely-collecting-the-moments-that-matter_710/index.html,"I want you to take every step of your life with excitement for where you are headed. And I want you to feel beautiful and confident as you do.” But how? When the enemy whispers lies that you are not smart enough, pretty enough, or rich enough? Or you are too dumb, too loud, too quiet, too thin, too fat, too much or not enough? What if you don’t have what it takes to be who you really want to be? In Looking for Lovely, Annie F. Downs shares personal stories, biblical truth, and examples of how others have courageously walked the path God paved for their lives by remembering all God had done, loving what was right in",Self-Help,Adult
"Living Leadership by Insight: A Good Leader Achieves, a Great Leader Builds Monuments",46.91,4,In stock,http://books.toscrape.com/catalogue/living-leadership-by-insight-a-good-leader-achieves-a-great-leader-builds-monuments_709/index.html,"Learning not shared is learning wasted. In my thirty-five years of experience in the oil and banking industries, including ascending levels of management and leadership responsibilities, I have gained what I believe to be valuable insight into many styles of leadership. Former President of the United States, Harry S. Truman, once said “It’s what you learn after you know it all that really counts.” We must continue our education if we want to keep pace with progress. The learning process that begins with our parents and through the influence of others with whom we associate continues throughout life. The insight I hav",Non-Fiction,Adult
Let It Out: A Journey Through Journaling,26.79,5,In stock,http://books.toscrape.com/catalogue/let-it-out-a-journey-through-journaling_708/index.html,"You want change. Maybe your career isn’t what you thought it would be . . . or your relationships aren’t what you had hoped. Perhaps you have a grand vision for your life but not the smallest clue on the steps to get there. Whether you’ve read the entire self-help section of the bookstore in vain or feel completely stuck on where to begin, you wish you had someone to hold your hand and guide you. You do. And it’s only a blank page away. In Let It Out, millennial blogger, speaker, and podcast host Katie Dalebout shares the transformative practice that will rocket your life to the next level—journaling. Discovering in her",Self-Help,Young Adult
Lady Midnight (The Dark Artifices #1),16.28,5,In stock,http://books.toscrape.com/catalogue/lady-midnight-the-dark-artifices-1_707/index.html,"In a kingdom by the sea…In a secret world where half-angel warriors are sworn to fight demons, parabatai is a sacred word.A parabatai is your partner in battle. A parabatai is your best friend. Parabatai can be everything to each other—but they can never fall in love.Emma Carstairs is a warrior, a Shadowhunter, and the best in her generation. She lives for battle. Shoulder to shoulder with her parabatai, Julian Blackthorn, she patrols the streets of Los Angeles, where vampires party on the Sunset Strip, and faeries—the most powerful of supernatural creatures—teeter on the edge of open war with Shadowhunters.",Fantasy,Young Adult
"It's All Easy: Healthy, Delicious Weeknight Meals in under 30 Minutes",19.55,1,In stock,http://books.toscrape.com/catalogue/its-all-easy-healthy-delicious-weeknight-meals-in-under-30-minutes_706/index.html,"For fans of It's All Good-or just delicious food-here is the cookbook that will help anyone make delectable, healthy meals in no time! Gwyneth Paltrow is back to share more than 125 of her favorite recipes that can be made in the time it would take to order takeout (which often contains high quantities of fat, sugar, and processed ingredients). All the dishes are surprisingly tasty, with little or no sugar, fat, or gluten. From easy breakfasts to lazy suppers, this book has something for everybody. Yummy recipes include Chocolate Cinnamon Overnight Oats, Soft Polenta with Cherry Tomatoes, Chicken Enchiladas, Pita Bre",Cookbook,Adult
Island of Dragons (Unwanteds #7),29.65,1,In stock,http://books.toscrape.com/catalogue/island-of-dragons-unwanteds-7_705/index.html,"Twins Alex and Aaron Stowe are put to the ultimate test to fulfill their destinies and save both Quill and Artimé from the deadliest enemy the cities have ever faced in the thrilling conclusion of the New York Times bestselling Unwanteds series, which Kirkus Reviews called “The Hunger Games meets Harry Potter.” Head mage Alexander Stowe and his friends successfully fended off the latest threat to their magical world of Artimé with the help of a surprise ally. But old enemies have secretly been plotting against them. Now Alex must lead his people in a final epic battle, one they can’t hope to win alone. Will Artimé fin",Fantasy,Young Adult
I Know What I'm Doing -- and Other Lies I Tell Myself: Dispatches from a Life Under Construction,25.98,4,In stock,http://books.toscrape.com/catalogue/i-know-what-im-doing-and-other-lies-i-tell-myself-dispatches-from-a-life-under-construction_704/index.html,"New York Times bestselling author and stand-up comedian Jen Kirkman delivers a hilarious, candid memoir about marriage, divorce, sex, turning forty, and still not quite having life figured out. Jen Kirkman wants to be the voice in your head that says, Hey, you’re okay. Even if you sometimes think you aren’t! And especially if other people try to tell you you’re not. In I Know What I’m Doing—and Other Lies I Tell Myself, Jen offers up all the gory details of a life permanently in progress. She reassures you that it’s okay to not have life completely figured out, even when you reach middle age (and find your first gray p",Biography,Adult
I Am Pilgrim (Pilgrim #1),10.6,4,In stock,http://books.toscrape.com/catalogue/i-am-pilgrim-pilgrim-1_703/index.html,"A breakneck race against time...and an implacable enemy.An anonymous young woman murdered in a run-down hotel, all identifying characteristics dissolved by acid. A father publicly beheaded in the blistering heat of a Saudi Arabian public square. A notorious Syrian biotech expert found eyeless in a Damascus junkyard. Smoldering human remains on a remote mountainside in Afghanistan. A flawless plot to commit an appalling crime against humanity. One path links them all, and only one man can make the journey.Pilgrim.",Thriller,Adult
"Hyperbole and a Half: Unfortunate Situations, Flawed Coping Mechanisms, Mayhem, and Other Things That Happened",14.75,5,In stock,http://books.toscrape.com/catalogue/hyperbole-and-a-half-unfortunate-situations-flawed-coping-mechanisms-mayhem-and-other-things-that-happened_702/index.html,"This is a book I wrote. Because I wrote it, I had to figure out what to put on the back cover to explain what it is. I tried to write a long, third-person summary that would imply how great the book is and also sound vaguely authoritative--like maybe someone who isn’t me wrote it--but I soon discovered that I’m not sneaky enough to pull it off convincingly. So I decided to just make a list of things that are in the book: Pictures Words Stories about things that happened to me Stories about things that happened to other people because of me Eight billion dollars* Stories about dogs The secret to eternal happiness**",Non-Fiction,Adult
"Hush, Hush (Hush, Hush #1)",47.02,3,In stock,http://books.toscrape.com/catalogue/hush-hush-hush-hush-1_701/index.html,"Romance was not part of Nora Grey's plan. She's never been particularly attracted to the boys at her school, no matter how hard her best friend, Vee, pushes them at her. Not until Patch comes along. With his easy smile and eyes that seem to see inside her, Patch draws Nora to him against her better judgment. But after a series of terrifying encounters, Nora's not sure whom to trust. Patch seems to be everywhere she is and seems to know more about her than her closest friends. She can't decide whether she should fall into his arms or run and hide. And when she tries to seek so",Romance,Young Adult
Hold Your Breath (Search and Rescue #1),28.82,1,In stock,http://books.toscrape.com/catalogue/hold-your-breath-search-and-rescue-1_700/index.html,"In the remote Rocky Mountains, lives depend on the Search & Rescue brotherhood. But in a place this far off the map, trust is hard to come by and secrets can be murder...As the captain of Field County's ice rescue dive team, Callum Cook is driven to perfection. But when he meets new diver Louise ""Lou"" Sparks, all that hard-won order is obliterated in an instant. Lou is a hurricane. A walking disaster. And with her, he's never felt more alive...even if keeping her safe may just kill him.Lou's new to the Rockies, intent on escaping her controlling ex, and she's determined to make it on her own terms...no matter how temptin",Romance,Adult
Hamilton: The Revolution,58.79,3,In stock,http://books.toscrape.com/catalogue/hamilton-the-revolution_699/index.html,"Lin-Manuel Miranda's groundbreaking musical Hamilton is as revolutionary as its subject, the poor kid from the Caribbean who fought the British, defended the Constitution, and helped to found the United States. Fusing hip-hop, pop, R&B, and the best traditions of theater, this once-in-a-generation show broadens the sound of Broadway, reveals the storytelling power of rap, and claims our country's origins for a diverse new generation.HAMILTON: THE REVOLUTION gives readers an unprecedented view of both revolutions, from the only two writers able to provide it. Miranda, along with Jeremy McCarter, a cultural critic and thea",Musical,Adult
Greek Mythic History,10.23,5,In stock,http://books.toscrape.com/catalogue/greek-mythic-history_698/index.html,"As far back as the fifth century BCE Pherecydes and others attempted to integrate city-state stories into a coherent mythic Greek pre-history. Science unavailable to ancient sources helped guide author Spencer Clevenger to critical insights and intriguing results. In 'Greek Mythic History,' he weaves myths concerning gods, kings, and heroes into their intended time and place and offers a concise retelling of Greek myths from a historic perspective. Capitalizing on modern discoveries, Clevenger tells the story in chronological order, starting with the creation of the cosmos and ending in the Dark Ages when poets began.",History,Adult
God: The Most Unpleasant Character in All Fiction,30.03,5,In stock,http://books.toscrape.com/catalogue/god-the-most-unpleasant-character-in-all-fiction_697/index.html,"What words come to mind when we think of God? Merciful? Just? Compassionate? In fact, the Bible lays out God’s primary qualities clearly: jealous, petty, unforgiving, bloodthirsty, vindictive—and worse! Originally conceived as a joint presentation between influential thinker and bestselling author Richard Dawkins and former evangelical preacher Dan Barker, this unique book provides an investigation into what may be the most unpleasant character in all fiction. Barker combs through both the Old and New Testament (as well as thirteen different editions of the “Good Book”), presenting powerful evidence for why the Scrip",Non-Fiction,Adult
Glory over Everything: Beyond The Kitchen House,45.84,3,In stock,http://books.toscrape.com/catalogue/glory-over-everything-beyond-the-kitchen-house_696/index.html,"From the author of the New York Times bestseller and beloved book club favorite The Kitchen House, a novel of family and long-buried secrets along the treacherous Underground Railroad. Jamie Pyke, son of both a slave and master of Tall Oakes, has a deadly secret that compels him to take a treacherous journey through the Underground Railroad. Published in 2010, The Kitchen House became a grassroots bestseller. Fans connected so deeply to the book’s characters that the author, Kathleen Grissom, found herself being asked over and over 'what happens next?' The wait is finally over. This new, stand-alone novel opens in 1830.",Fiction,Adult
Feathers: Displays of Brilliant Plumage,49.05,3,In stock,http://books.toscrape.com/catalogue/feathers-displays-of-brilliant-plumage_695/index.html,"Exquisite images from award-winning National Geographic photographer Robert Clark offer a captivating perspective on the vast beauty and myriad functions of a seemingly simple thing: the bird feather. Each detailed close-up is paired with informative text about the utility and evolution of the feather it depicts, making this handsome marriage of art and science the ideal gift for bird lovers, natural history buffs, and photography enthusiasts.",Non-Fiction,Adult
"Far & Away: Places on the Brink of Change: Seven Continents, Twenty-Five Years",15.06,4,In stock,http://books.toscrape.com/catalogue/far-away-places-on-the-brink-of-change-seven-continents-twenty-five-years_694/index.html,"From the winner of the National Book Award and the National Books Critics’ Circle Award—and one of the most original thinkers of our time—a riveting collection of essays about places in dramatic transition. Far and Away collects Andrew Solomon’s writings about places undergoing seismic shifts—political, cultural, and spiritual. Chronicling his stint on the barricades in Moscow in 1991, when he joined artists in resisting the coup whose failure ended the Soviet Union, his 2002 account of the rebirth of culture in Afghanistan following the fall of the Taliban, his insightful appraisal of a Myanmar seeped in contradiction.",Non-Fiction,Adult
Every Last Word,46.47,3,In stock,http://books.toscrape.com/catalogue/every-last-word_693/index.html,"If you could read my mind, you wouldn't be smiling. Samantha McAllister looks just like the rest of the popular girls in her junior class. But hidden beneath the straightened hair and expertly applied makeup is a secret that her friends would never understand: Sam has Purely-Obsessional OCD and is consumed by a stream of dark thoughts and worries that she can't turn off. Second-guessing every move, thought, and word makes daily life a struggle, and it doesn't help that her lifelong friends will turn toxic at the first sign of a wrong outfit, wrong lunch, or wrong crush. Yet Sam knows she'd be truly crazy to leave the",Fiction,Young Adult
Eligible (The Austen Project #4),27.09,3,In stock,http://books.toscrape.com/catalogue/eligible-the-austen-project-4_692/index.html,"This version of the Bennet family—and Mr. Darcy—is one that you have and haven’t met before: Liz is a magazine writer in her late thirties who, like her yoga instructor older sister, Jane, lives in New York City. When their father has a health scare, they return to their childhood home in Cincinnati to help—and discover that the sprawling Tudor they grew up in is crumbling and the family is in disarray. Youngest sisters Kitty and Lydia are too busy with their CrossFit workouts and Paleo diets to get jobs. Mary, the middle sister, is earning her third online master’s degree.",Fiction,Adult
El Deafo,57.62,5,In stock,http://books.toscrape.com/catalogue/el-deafo_691/index.html,"Starting at a new school is scary, even more so with a giant hearing aid strapped to your chest! At her old school, everyone in Cece's class was deaf. Here she is different. She is sure the kids are staring at the Phonic Ear, the powerful aid that will help her hear her teacher. Too bad it also seems certain to repel potential friends. Then Cece makes a startling discovery. With the Phonic Ear she can hear her teacher not just in the classroom, but anywhere her teacher is in school--in the hallway...in the teacher's lounge...in the bathroom! This is power. Maybe even superpower! Cece is on her way to becoming El Deaf.",Children,Young Adult
Eight Hundred Grapes,14.39,4,In stock,http://books.toscrape.com/catalogue/eight-hundred-grapes_690/index.html,"There are secrets you share, and secrets you hide…Growing up on her family’s Sonoma vineyard, Georgia Ford learned some important secrets. The secret number of grapes it takes to make a bottle of wine: eight hundred. The secret ingredient in her mother’s lasagna: chocolate. The secret behind ending a fight: hold hands.But just a week before her wedding, thirty-year-old Georgia discovers her beloved fiancé has been keeping a secret so explosive, it will change their lives forever.Georgia does what she’s always done: she returns to the family vineyard, expecting the comfort of her long-married parents, and her brothers",Fiction,Adult
"Eaternity: More than 150 Deliciously Easy Vegan Recipes for a Long, Healthy, Satisfied, Joyful Life",51.75,5,In stock,http://books.toscrape.com/catalogue/eaternity-more-than-150-deliciously-easy-vegan-recipes-for-a-long-healthy-satisfied-joyful-life_689/index.html,"Vegan chef and wellness expert Jason Wrobel offers up a comprehensive recipe and lifestyle book with practical tips for creating drool-worthy dishes with specific nutritional benefits. While at its core Eaternity is a cookbook, it’s so much more than that. In it, Jason explains which foods contain active ingredients to support health and longevity. Now, you might be thinking, “What’s the big deal about living a long time?” Well, if you’re having a pretty good time here on planet Earth, wouldn’t you want to stick around as long as possible to enjoy it? And wouldn’t you want to feel great the entire time?",Non-Fiction,Adult
"Eat Fat, Get Thin",54.07,2,In stock,http://books.toscrape.com/catalogue/eat-fat-get-thin_688/index.html,Originally released by Hachettee Audio A2015.,Fiction,Adult
Don't Get Caught,55.35,1,In stock,http://books.toscrape.com/catalogue/dont-get-caught_687/index.html,"10:00 tonight at the water tower. Tell no one. -Chaos ClubWhen Max receives a mysterious invite from the untraceable, epic prank-pulling Chaos Club, he has to ask: why him? After all, he's Mr. 2.5 GPA, Mr. No Social Life. He's Just Max. And his favorite heist movies have taught him this situation calls for Rule #4: Be suspicious. But it's also his one shot to leave Just Max in the dust...Yeah, not so much. Max and four fellow students-who also received invites-are standing on the newly defaced water tower when campus security 'catches' them. Definitely a setup. And this time, Max has had enough. It's time for Rule #7",Fiction,Young Adult
Doctor Sleep (The Shining #2),40.12,2,In stock,http://books.toscrape.com/catalogue/doctor-sleep-the-shining-2_686/index.html,"Stephen King returns to the characters and territory of one of his most popular novels ever, The Shining, in this instantly riveting novel about the now middle-aged Dan Torrance (the boy protagonist of The Shining) and the very special twelve-year-old girl he must save from a tribe of murderous paranormals. On highways across America, a tribe of people called The True Knot travel in search of sustenance. They look harmless—mostly old, lots of polyester, and married to their RVs. But as Dan Torrance knows, and spunky twelve-year-old Abra Stone learns, The True Knot are quasi-immortal, living off the “steam” that childre",Fiction,Adult
Demigods & Magicians: Percy and Annabeth Meet the Kanes (Percy Jackson & Kane Chronicles Crossover #1-3),37.51,5,In stock,http://books.toscrape.com/catalogue/demigods-magicians-percy-and-annabeth-meet-the-kanes-percy-jackson-kane-chronicles-crossover-1-3_685/index.html,"Magic, monsters, and mayhem abound when Percy Jackson and Annabeth Chase meet Carter and Sadie Kane for the first time. Weird creatures are appearing in unexpected places, and the demigods and magicians have to team up to take them down. As they battle with Celestial Bronze and glowing hieroglyphs, the four heroes find that they have a lot in common--and more power than they ever thought possible. But will their combined forces be enough to foil an ancient enemy who is mixing Greek and Egyptian incantations for an evil purpose? Rick Riordan wields his usual storytelling magic in this adrenaline-fueled adventure.",Fantasy,Young Adult
Dear Mr. Knightley,11.21,5,In stock,http://books.toscrape.com/catalogue/dear-mr-knightley_684/index.html,"Dear Mr. Knightley is a contemporary epistolary novel with a delightful dash of Jane Austen. Samantha Moore survived years of darkness in the foster care system by hiding behind her favorite characters in literature, even adopting their very words. Her fictional friends give her an identity, albeit a borrowed one. But most importantly, they protect her from revealing her true self and encountering more pain. After college, Samantha receives an extraordinary opportunity. The anonymous “Mr. Knightley” offers her a full scholarship to earn her graduate degree at the prestigious Medill School of Journalism. The sole condit",Fiction,Young Adult
Daily Fantasy Sports,36.58,1,In stock,http://books.toscrape.com/catalogue/daily-fantasy-sports_683/index.html,"The businesses of the Fantasy Sports Trade Association have helped propel one of America’s most beloved pastimes into a 26 billion dollar industry. The advent of daily fantasy sports has created thousands of jobs, raised millions in tax dollars, and has given consumers endless ways to play fantasy sports. Unfortunately, all that may be coming to an end if the government and special interest groups have their way. Daily Fantasy Sports, the book, explores the impact of fantasy sports in America today. Take a stroll in fantasyland and discover everything there is to know about daily fantasy sports. Learn about the legal",Non-Fiction,Adult
Crazy Love: Overwhelmed by a Relentless God,47.72,2,In stock,http://books.toscrape.com/catalogue/crazy-love-overwhelmed-by-a-relentless-god_682/index.html,"Have you ever wondered if we're missing it? It's crazy, if you think about it. The God of the universe—the Creator of nitrogen and pine needles, galaxies and E-minor—loves us with a radical, unconditional, self-sacrificing love. And what is our typical response? We go to church, sing songs, and try not to cuss. Whether you've verbalized it yet or not, we all know something's wrong. Does something deep inside your heart long to break free from the status quo? Are you hungry for an authentic faith that addresses the problems of our world with tangible, even radical, solutions? God is calling you to a passionate love re",Non-Fiction,Adult
Cometh the Hour (The Clifton Chronicles #6),25.01,3,In stock,http://books.toscrape.com/catalogue/cometh-the-hour-the-clifton-chronicles-6_681/index.html,"Cometh the Hour opens with the reading of a suicide note, which has devastating consequences for Harry and Emma Clifton, Giles Barrington and Lady Virginia. Giles must decide if he should withdraw from politics and try to rescue Karin, the woman he loves, from behind the Iron Curtain. But is Karin truly in love with him, or is she a spy? Lady Virginia is facing bankruptcy, and can see no way out of her financial problems, until she is introduced to the hapless Cyrus T. Grant III from Baton Rouge, Louisiana, who's in England to see his horse run at Royal Ascot. Sebastian Clifton is now the Chief Executive of Farthings Ba",Fiction,Adult
Code Name Verity (Code Name Verity #1),22.13,4,In stock,http://books.toscrape.com/catalogue/code-name-verity-code-name-verity-1_680/index.html,"I have two weeks. You'll shoot me at the end no matter what I do. That's what you do to enemy agents. It's what we do to enemy agents. But I look at all the dark and twisted roads ahead and cooperation is the easy way out. Possibly the only way out for a girl caught red-handed doing dirty work like mine - and I will do anything, anything to avoid SS-Hauptsturmführer von Linden interrogating me again. He has said that I can have as much paper as I need. All I have to do is cough up everything I can remember about the British War Effort. And I'm going to. But the story of how I came to be here starts with my friend Maddi.",Thriller,Young Adult
Clockwork Angel (The Infernal Devices #1),44.14,1,In stock,http://books.toscrape.com/catalogue/clockwork-angel-the-infernal-devices-1_679/index.html,"In a time when Shadowhunters are barely winning the fight against the forces of darkness, one battle will change the course of history forever. Welcome to the Infernal Devices trilogy, a stunning and dangerous prequel to the New York Times bestselling Mortal Instruments series. The year is 1878. Tessa Gray descends into London’s dark supernatural underworld in search of her missing brother. She soon discovers that her only allies are the demon-slaying Shadowhunters—including Will and Jem, the mysterious boys she is attracted to. Soon they find themselves up against the Pandemonium Club, a secret organization of vampir",Fantasy,Young Adult
City of Glass (The Mortal Instruments #3),56.02,4,In stock,http://books.toscrape.com/catalogue/city-of-glass-the-mortal-instruments-3_678/index.html,"To save her mother's life, Clary must travel to the City of Glass, the ancestral home of the Shadowhunters - never mind that entering the city without permission is against the Law, and breaking the Law could mean death. To make things worse, she learns that Jace does not want her there, and Simon has been thrown in prison by the Shadowhunters, who are deeply suspicious of a vampire who can withstand sunlight. As Clary uncovers more about her family's past, she finds an ally in mysterious Shadowhunter Sebastian. With Valentine mustering the full force of his",Fantasy,Young Adult
City of Fallen Angels (The Mortal Instruments #4),11.23,4,In stock,http://books.toscrape.com/catalogue/city-of-fallen-angels-the-mortal-instruments-4_677/index.html,"The Mortal War is over, and sixteen-year-old Clary Fray is back home in New York, excited about all the possibilities before her. She’s training to become a Shadowhunter and to use her unique power. Her mother is getting married to the love of her life. Downworlders and Shadowhunters are at peace at last. And—most importantly of all—she can finally call Jace her boyfriend. But nothing comes without a price. Someone is murdering Shadowhunters, provoking tensions between Downworlders and Shadowhunters that could lead to a second, bloody war. Clary’s best friend, Simon, can’t help her—his mother just found out that he’s a",Fantasy,Young Adult
City of Bones (The Mortal Instruments #1),43.28,1,In stock,http://books.toscrape.com/catalogue/city-of-bones-the-mortal-instruments-1_676/index.html,"When fifteen-year-old Clary Fray heads out to the Pandemonium Club in New York City, she hardly expects to witness a murder― much less a murder committed by three teenagers covered with strange tattoos and brandishing bizarre weapons. Then the body disappears into thin air. It's hard to call the police when the murderers are invisible to everyone else and when there is nothing―not even a smear of blood―to show that a boy has died. Or was he a boy? This is Clary's first meeting with the Shadowhunters, warriors dedicated to ridding the earth of demons. It's also her first encounter with Jace, a Shadowhunter who looks a",Fantasy,Young Adult
City of Ashes (The Mortal Instruments #2),47.27,1,In stock,http://books.toscrape.com/catalogue/city-of-ashes-the-mortal-instruments-2_675/index.html,"Clary Fray just wishes that her life would go back to normal. But what's normal when you're a demon-slaying Shadowhunter, your mother is in a magically induced coma, and you can suddenly see Downworlders like werewolves, vampires, and faeries? If Clary left the world of the Shadowhunters behind, it would mean more time with her best friend, Simon, who's becoming more than a friend. But the Shadowhunting world isn't ready to let her go — especially her handsome, infuriating, newfound brother, Jace. And Clary's only chance to help her mother is to track down ro",Fantasy,Young Adult
Cell,20.29,4,In stock,http://books.toscrape.com/catalogue/cell_674/index.html,"Witness Stephen King's triumphant, blood-spattered return to the genre that made him famous. Cell, the king of horror's homage to zombie films (the book is dedicated in part to George A. Romero) is his goriest, most horrific novel in years, not to mention the most intensely paced. Casting aside his love of elaborate character and town histories and penchant for delayed gratification, King yanks readers off their feet within the first few pages; dragging them into the fray and offering no chance catch their breath until the very last page. In Cell King taps into readers fears of technological warfare and terrorism.",Horror,Adult
Catching Jordan (Hundred Oaks),50.83,3,In stock,http://books.toscrape.com/catalogue/catching-jordan-hundred-oaks_673/index.html,"What girl doesn't want to be surrounded by gorgeous jocks day in and day out? Jordan Woods isn't just surrounded by hot guys, though-she leads them as the captain and quarterback of her high school football team. They all see her as one of the guys and that's just fine. As long as she gets her athletic scholarship to a powerhouse university. But everything she's ever worked for is threatened when Ty Green moves to her school. Not only is he an amazing QB, but he's also amazingly hot. And for the first time, Jordan's feeling vulnerable. Can she keep her head in the game while her heart's on the line?",Romance,Young Adult
"Carry On, Warrior: Thoughts on Life Unarmed",31.85,3,In stock,http://books.toscrape.com/catalogue/carry-on-warrior-thoughts-on-life-unarmed_672/index.html,"An inspirational, sidesplittingly funny exploration of the power of living with love, forgiveness, and honesty. In Carry On, Warrior, Glennon Doyle Melton shares new stories and the best-loved material from Momastery.com She recounts her mistakes and triumphs with candor and humor, and gives language to our universal (yet often secret) experiences. She believes that by shedding our armor, we can stop hiding, competing, striving for the mirage of perfection, and making motherhood, marriage, and friendship harder by pretending they’re not hard. In this one woman trying to love herself and others, readers find a wise and",Non-Fiction,Adult
Carrie,46.23,2,In stock,http://books.toscrape.com/catalogue/carrie_671/index.html,"Carrie knew she should not use the terrifying power she possessed... But one night at her senior prom, Carrie was scorned and humiliated just one time too many, and in a fit of uncontrollable fury she turned her clandestine game into a weapon of horror and destruction...",Fiction,Young Adult
Buying In: The Secret Dialogue Between What We Buy and Who We Are,37.8,4,In stock,http://books.toscrape.com/catalogue/buying-in-the-secret-dialogue-between-what-we-buy-and-who-we-are_670/index.html,"Fascinating … A compelling blend of cultural anthropology and business journalism.” — Andrea Sachs, Time Magazine “An often startling tour of new cultural terrain.” — Laura Miller, Salon “Marked by meticulous research and careful conclusions, this superbly readable book confirms New York Times journalist Walker as an expert on consumerism. … [A] thoughtful and unhurried investigation into consumerism that pushes the analysis to the maximum…” — Publisher’s Weekly (starred review) Brands are dead. Advertising no longer works. Weaned on TiVo, the Internet, and other emerging technologies, the short-attention-span gener",Non-Fiction,Adult
Brain on Fire: My Month of Madness,49.32,5,In stock,http://books.toscrape.com/catalogue/brain-on-fire-my-month-of-madness_669/index.html,"An award-winning memoir and instant New York Times bestseller that goes far beyond its riveting medical mystery, Brain on Fire is the powerful account of one woman’s struggle to recapture her identity. When twenty-four-year-old Susannah Cahalan woke up alone in a hospital room, strapped to her bed and unable to move or speak, she had no memory of how she’d gotten there. Days earlier, she had been on the threshold of a new, adult life: at the beginning of her first serious relationship and a promising career at a major New York newspaper. Now she was labeled violent, psychotic, a flight risk. What happened? In a swift a",Biography,Adult
Batman: Europa,32.01,2,In stock,http://books.toscrape.com/catalogue/batman-europa_668/index.html,"The long-awaited 4-issue miniseries is collected in a new hardcover! The impossible has happened and Batman is on the verge of being taken down by an enemy he cannot defeat: a virus for which there is no cure! And the only hope for his salvation is The Joker! Who infected Batman, what does the Clown Prince of Crime know, and how will the Dark Knight get that information? Together, the enemies crisscross Europe, desperate to find answers before time runs out.",Fiction,Adult
Barefoot Contessa Back to Basics,28.01,1,In stock,http://books.toscrape.com/catalogue/barefoot-contessa-back-to-basics_667/index.html,"#1 NEW YORK TIMES BESTSELLERBarefoot Contessa Back to Basics is the essential Ina Garten cookbook, focusing on the techniques behind her elegant food and easy entertaining style, and offering nearly a hundred brand-new recipes that will become trusted favorites. Ina Garten’ s bestselling cookbooks have consistently provided accessible, subtly sophisticated recipes ranging from French classics made easy to delicious, simple home cooking. In Barefoot Contessa Back to Basics, Ina truly breaks down her ideas on flavor, examining the ingredients and techniques that are the foundation of her easy, refined style.",Cookbook,Adult
Barefoot Contessa at Home: Everyday Recipes You'll Make Over and Over Again,50.62,5,In stock,http://books.toscrape.com/catalogue/barefoot-contessa-at-home-everyday-recipes-youll-make-over-and-over-again_666/index.html,"Throughout the years that she has lived and worked in East Hampton, Ina Garten has catered and attended countless parties and dinners. She will be the first to tell you, though, that nothing beats a cozy dinner, surrounded by the people you love most, in the comfort that only your own home can provide. In Barefoot Contessa at Home, Ina shares her life in East Hampton, the recipes she loves, and her secrets to making guests feel welcome and comfortable. For Ina, it’s friends and family–gathered around the dinner table or cooking with her in the kitchen–that really make her house feel like home.",Non-Fiction,Adult
Balloon Animals,17.03,3,In stock,http://books.toscrape.com/catalogue/balloon-animals_665/index.html,"BALLOON ANIMALS is a pilgrimage and road-trip of unusual dimensions. Follow me, Jonny Rowe, on a wild goose-chase from Ireland to the USA with my American grandfather's remains in my red birthday balloon. I use 'remains' in the loosest sense of the word: my grandfather, 45, puffed his last breaths of air into my birthday balloon before suffering a massive heart attack right there at my birthday party which becomes his deathday party. Feeling responsible for 45's death, and as a thank-you for filling Clinical Dad's void after leaving that questionable suicide note, I make it my quest to return 45 to his birthplace among",Fiction,Young Adult
Art Ops Vol. 1,48.8,3,In stock,http://books.toscrape.com/catalogue/art-ops-vol-1_664/index.html,"Reggie Riot is no one’s idea of a cultural savior. The latchkey child of a busy single mother, he’s grown up to be a resentful slacker whose idea of high culture is getting stoned and admiring the graffiti in the alley where he scores his weed. His mother, however, is not your average working parent. She’s the head of a secret organization called Art Ops, whose mission is protecting the artistic treasures of the world—which have a lot more life in them than a casual observer might realize. Reggie has always shunned his mom’s high-culture scene, but a devastating encounter with the shadowy forces menacing the world’",Fiction,Young Adult
Aristotle and Dante Discover the Secrets of the Universe (Aristotle and Dante Discover the Secrets of the Universe #1),58.14,4,In stock,http://books.toscrape.com/catalogue/aristotle-and-dante-discover-the-secrets-of-the-universe-aristotle-and-dante-discover-the-secrets-of-the-universe-1_663/index.html,"This Printz Honor Book is a “tender, honest exploration of identity” (Publishers Weekly) that distills lyrical truths about family and friendship. Aristotle is an angry teen with a brother in prison. Dante is a know-it-all who has an unusual way of looking at the world. When the two meet at the swimming pool, they seem to have nothing in common. But as the loners start spending time together, they discover that they share a special friendship—the kind that changes lives and lasts a lifetime. And it is through this friendship that Ari and Dante will learn the most important truths about themselves and the kind of people.",Fiction,Young Adult
Angels Walking (Angels Walking #1),34.2,2,In stock,http://books.toscrape.com/catalogue/angels-walking-angels-walking-1_662/index.html,"When former national baseball star Tyler Ames suffers a career-ending injury, all he can think about is putting his life back together the way it was before. He has lost everyone he loves on his way to the big leagues. Then just when things seem to be turning around, Tyler hits rock bottom. Across the country, Tyler’s one true love Sami Dawson has moved on. A series of small miracles leads Tyler to a maintenance job at a retirement home and a friendship with Virginia Hutcheson, an old woman with Alzheimer’s who strangely might have the answers he so desperately seeks.",Fiction,Adult
Angels & Demons (Robert Langdon #1),51.48,3,In stock,http://books.toscrape.com/catalogue/angels-demons-robert-langdon-1_661/index.html,"When world-renowned Harvard symbologist Robert Langdon is summoned to a Swiss research facility to analyze a mysterious symbol—seared into the chest of a murdered physicist—he discovers evidence of the unimaginable: the resurgence of an ancient secret brotherhood known as the Illuminati ... the most powerful underground organization ever to walk the earth. The Illuminati has now surfaced to carry out the final phase of its legendary vendetta against its most hated enemy—the Catholic Church. Langdon’s worst fears are confirmed on the eve of the holy conclave, when a messenger of the Illuminati announces they have hidd",Thriller,Adult
All the Light We Cannot See,29.87,5,In stock,http://books.toscrape.com/catalogue/all-the-light-we-cannot-see_660/index.html,"WINNER OF THE PULITZER PRIZEFrom the highly acclaimed, multiple award-winning Anthony Doerr, the beautiful, stunningly ambitious instant New York Times bestseller about a blind French girl and a German boy whose paths collide in occupied France as both try to survive the devastation of World War II.Marie-Laure lives with her father in Paris near the Museum of Natural History, where he works as the master of its thousands of locks. When she is six, Marie-Laure goes blind and her father builds a perfect miniature of their neighborhood so she can memorize it by touch and navigate her way home. When she is twelve, the Na",Fiction,Adult
"Adulthood Is a Myth: A ""Sarah's Scribbles"" Collection",10.9,2,In stock,http://books.toscrape.com/catalogue/adulthood-is-a-myth-a-sarahs-scribbles-collection_659/index.html,"Are you a special snowflake? Do you enjoy networking to advance your career? Is adulthood an exciting new challenge for which you feel fully prepared? Ugh. Please go away. This book is for the rest of us. These comic document the wasting of entire beautiful weekends on the internet, the unbearable agony of holding hands on the street with a gorgeous guy, dreaming all day of getting home and back into pajamas, and wondering when, exactly, this adulthood thing begins. In other words, the horrors and awkwardnesses of young modern life.",Humor,Young Adult
Abstract City,56.37,5,In stock,http://books.toscrape.com/catalogue/abstract-city_658/index.html,"In July 2008, illustrator and designer Christoph Niemann began Abstract City, a visual blog for the New York Times. His posts were inspired by the desire to re-create simple and everyday observations and stories from his own life that everyone could relate to. In Niemann’s hands, mundane experiences such as riding the subway or trying to get a good night’s sleep were transformed into delightful flights of visual fancy. The struggle to keep up with housework became a battle against adorable but crafty goblins, and nostalgia about New York manifested in simple but strikingly spot-on LEGO creations. This brilliantly ill",Non-Fiction,Adult
A Time of Torment (Charlie Parker #14),48.35,5,In stock,http://books.toscrape.com/catalogue/a-time-of-torment-charlie-parker-14_657/index.html,"Jerome Burnel was once a hero. He intervened to prevent multiple killings and in doing so damned himself. His life was torn apart. He was imprisoned, brutalized. But in his final days, with the hunters circling, he tells his story to private detective Charlie Parker. He speaks of the girl who was marked for death but was saved, of the ones who tormented him, and an entity that hides in a ruined stockade. Parker is not like other men. He died, and was reborn. He is ready to wage war. Now he will descend upon a strange, isolated community called the Cut, and face down a force of men who rule by terror, intimidation, and m",Thriller,Adult
A Study in Scarlet (Sherlock Holmes #1),16.73,2,In stock,http://books.toscrape.com/catalogue/a-study-in-scarlet-sherlock-holmes-1_656/index.html,"In the debut of literature's most famous sleuth, a dead man is discovered in a bloodstained room in Brixton. The only clues are a wedding ring, a gold watch, a pocket edition of Boccaccio's Decameron, and a word scrawled in blood on the wall. With this investigation begins the partnership of Sherlock Holmes and Dr. Watson. Their search for the murderer uncovers a story of love and revenge-and heralds a franchise of detective mysteries starring the formidable Holmes.",Mystery,Adult
"A Series of Catastrophes and Miracles: A True Story of Love, Science, and Cancer",56.48,2,In stock,http://books.toscrape.com/catalogue/a-series-of-catastrophes-and-miracles-a-true-story-of-love-science-and-cancer_655/index.html,"A wry, witty account of what it is like to face death—and be restored to life. After being diagnosed in her early 40s with metastatic melanoma—a ""rapidly fatal"" form of cancer—journalist and mother of two Mary Elizabeth Williams finds herself in a race against the clock. She takes a once-in-a-lifetime chance and joins a clinical trial for immunotherapy, a revolutionary drug regimen that trains the body to vanquish malignant cells. Astonishingly, her cancer disappears entirely in just a few weeks. But at the same time, her best friend embarks on a cancer journey of her own—with very different results. Williams's experi",Biography,Adult
A People's History of the United States,40.79,2,In stock,http://books.toscrape.com/catalogue/a-peoples-history-of-the-united-states_654/index.html,"Known for its lively, clear prose as well as its scholarly research, A People's History of the United States is the only volume to tell America's story from the point of view of - and in the words of - America's women, factory workers, African Americans, Native Americans, working poor, and immigrant laborers.",History,Adult
A Man Called Ove,39.72,1,In stock,http://books.toscrape.com/catalogue/a-man-called-ove_653/index.html,"A grumpy yet loveable man finds his solitary world turned on its head when a boisterous young family moves in next door. Meet Ove. He's a curmudgeon, the kind of man who points at people he dislikes as if they were burglars caught outside his bedroom window. He has staunch principles, strict routines, and a short fuse. People call him the bitter neighbor from hell, but must Ove be bitter just because he doesn't walk around with a smile plastered to his face all the time? Behind the cranky exterior there is a story and a sadness. So when one November morning a chatty young couple with two chatty young daughters move in",Fiction,Adult
A Distant Mirror: The Calamitous 14th Century,14.58,3,In stock,http://books.toscrape.com/catalogue/a-distant-mirror-the-calamitous-14th-century_652/index.html,"Barbara W. Tuchman--the acclaimed author of the Pulitzer Prize–winning classic The Guns of August--once again marshals her gift for character, history, and sparkling prose to compose an astonishing portrait of medieval Europe. The fourteenth century reflects two contradictory images: on the one hand, a glittering age of crusades, cathedrals, and chivalry; on the other, a world plunged into chaos and spiritual agony. In this revelatory work, Tuchman examines not only the great rhythms of history but the grain and texture of domestic life: what childhood was like; what marriage meant; how money, taxes, and war dominated",History,Adult
A Brush of Wings (Angels Walking #3),55.51,1,In stock,http://books.toscrape.com/catalogue/a-brush-of-wings-angels-walking-3_651/index.html,"From #1 New York Times bestselling author Karen Kingsbury comes the third novel in the unforgettable Angels Walking series about divine intervention and the trials and triumphs of life for a group of friends. Despite needing a heart transplant and against the advice of her doctor, Mary Catherine moves to Uganda to work at a brand new orphanage. Whatever time she has left, Mary Catherine wants to spend it helping children—especially since there will be no children of her own. The only problem is Major League Baseball player Marcus Dillinger, the man she never meant to fall in love with.",Fiction,Adult
1491: New Revelations of the Americas Before Columbus,21.8,3,In stock,http://books.toscrape.com/catalogue/1491-new-revelations-of-the-americas-before-columbus_650/index.html,"In this groundbreaking work of science, history, and archaeology, Charles C. Mann radically alters our understanding of the Americas before the arrival of Columbus in 1492. Contrary to what so many Americans learn in school, the pre-Columbian Indians were not sparsely settled in a pristine wilderness; rather, there were huge numbers of Indians who actively molded and influenced the land around them. The astonishing Aztec capital of Tenochtitlan had running water and immaculately clean streets, and was larger than any contemporary European city. Mexican cultures created corn in a specialized breeding process that it h",Non-Fiction,Adult
"The Three Searches, Meaning, and the Story",13.33,3,In stock,http://books.toscrape.com/catalogue/the-three-searches-meaning-and-the-story_649/index.html,"Human societies have always been preoccupied with three main searches: the Search for Technology, the Search for Truth, and the Search for Meaning. Social structures; currents of action and thought; philosophies; and history, all are driven and honed by the Three Searches. And the most frequent and conscious of these searches is that for Meaning. The Story is indispensable for the Search for Meaning. In this second part of The Story in Three Parts, John H.T. Francis presents a philosophical essay on the central role of the Story in our lives and in our general understanding of the world.",Philosophy,Adult
Searching for Meaning in Gailana,38.73,1,In stock,http://books.toscrape.com/catalogue/searching-for-meaning-in-gailana_648/index.html,"Gailana is the central island of the world; Aurganots, Reminos, Hindarassis, Pelanese, and Free People, different societies with different customs and values, live in it. Gailana is old, with a history rich in events and civilisations. The mother island has undergone important changes in recent decades, including a devastating war from which the Aurganots emerged victorious. Following this war, Aurganot has become a country of wealth, technology, and power, dominating all others. In this modern age, Aurganots value their new found joie de vivre; Pelanese love commerce and business; Reminos are still dedicated to honou",Fantasy,Young Adult
Rook,37.86,4,In stock,http://books.toscrape.com/catalogue/rook_647/index.html,"History has a way of repeating itself. In the Sunken City that was once Paris, all who oppose the new revolution are being put to the blade. Except for those who disappear from their prison cells, a red-tipped rook feather left in their place. The mysterious Red Rook a savior of the innocent, and a criminal in the eyes of the government. Meanwhile, across the sea in the Commonwealth, Sophia Bellamy's arranged marriage to the wealthy René Hasard is the last chance to save her family from ruin. But when the search for the Red Rook comes straight to her doorstep, Sophia discovers that her fiancé is not all he seems.",Fantasy,Young Adult
My Kitchen Year: 136 Recipes That Saved My Life,11.53,2,In stock,http://books.toscrape.com/catalogue/my-kitchen-year-136-recipes-that-saved-my-life_646/index.html,"In the fall of 2009, the food world was rocked when Gourmet magazine was abruptly shuttered by its parent company. No one was more stunned by this unexpected turn of events than its beloved editor in chief, Ruth Reichl, who suddenly faced an uncertain professional future. As she struggled to process what had seemed unthinkable, Reichl turned to the one place that had always provided sanctuary. “I did what I always do when I’m confused, lonely, or frightened,” she writes. “I disappeared into the kitchen.” My Kitchen Year follows the change of seasons—and Reichl’s emotions—as she slowly heals th",Biography,Adult
13 Hours: The Inside Account of What Really Happened In Benghazi,27.06,1,In stock,http://books.toscrape.com/catalogue/13-hours-the-inside-account-of-what-really-happened-in-benghazi_645/index.html,"The harrowing, true account from the brave men on the ground who fought back during the Battle of Benghazi. 13 HOURS presents, for the first time ever, the true account of the events of September 11, 2012, when terrorists attacked the US State Department Special Mission Compound and a nearby CIA station called the Annex in Benghazi, Libya. A team of six American security operators fought to repel the attackers and protect the Americans stationed there. Those men went beyond the call of duty, performing extraordinary acts of courage and heroism, to avert tragedy on a much larger scale. This is their personal account, ne",Non-Fiction,Adult
Will You Won't You Want Me?,13.86,3,In stock,http://books.toscrape.com/catalogue/will-you-wont-you-want-me_644/index.html,"Marjorie Plum never meant to peak in high school. She was Queen Bee. Now, 10 years later, she's lost her sparkle. At her bleakest moment, she’s surprised by renewed interest from a questionable childhood crush, and the bickering with her cranky boss—at a potentially game-changing new job—grows increasingly like flirtatious banter. Suddenly, she’s faced with a choice between the life she always dreamed of and one she never thought to imagine. With the help of a precocious 11-year-old tutee, who unknowingly becomes the Ghost of Marjorie Past, and a musician roommate, who looks like a pixie and talks like the Dalai Lama.",Fiction,Adult
Tipping Point for Planet Earth: How Close Are We to the Edge?,37.55,1,In stock,http://books.toscrape.com/catalogue/tipping-point-for-planet-earth-how-close-are-we-to-the-edge_643/index.html,"Tipping Point for Planet Earth explains why Earth is headed for a tipping point, a change so fast, dramatic, and unexpected that humanity will reel at the consequences. Midway through this century, there will be more than nine billion people on the planet. Already we are using most of the arable land that exists and overfishing the oceans. Water, too, is becoming scarce in many places. The services that humans depend upon--like a supply of clean water, food production, and protection from disease--are subject to dangerous threats as well. We can still keep humanity moving forward by ensuring that the negative changes tha",Non-Fiction,Adult
The Star-Touched Queen,32.3,5,In stock,http://books.toscrape.com/catalogue/the-star-touched-queen_642/index.html,"Fate and fortune. Power and passion. What does it take to be the queen of a kingdom when you’re only seventeen? Maya is cursed. With a horoscope that promises a marriage of death and destruction, she has earned only the scorn and fear of her father’s kingdom. Content to follow more scholarly pursuits, her whole world is torn apart when her father, the Raja, arranges a wedding of political convenience to quell outside rebellions. Soon Maya becomes the queen of Akaran and wife of Amar. Neither roles are what she expected: As Akaran’s queen, she finds her voice and power. As Amar’s wife, she finds something else entirely.",Fantasy,Young Adult
The Silent Sister (Riley MacPherson #1),46.29,5,In stock,http://books.toscrape.com/catalogue/the-silent-sister-riley-macpherson-1_641/index.html,"In The Silent Sister, Riley MacPherson has spent her entire life believing that her older sister Lisa committed suicide as a teenager. Now, over twenty years later, her father has passed away and she's in New Bern, North Carolina cleaning out his house when she finds evidence to the contrary. Lisa is alive. Alive and living under a new identity. But why exactly was she on the run all those years ago, and what secrets are being kept now? As Riley works to uncover the truth, her discoveries will put into question everything she thought she knew about her family. Riley must decide what the past means for her present.",Fiction,Adult
The Midnight Watch: A Novel of the Titanic and the Californian,26.2,1,In stock,http://books.toscrape.com/catalogue/the-midnight-watch-a-novel-of-the-titanic-and-the-californian_640/index.html,"As the Titanic and her passengers sank slowly into the Atlantic Ocean after striking an iceberg late in the evening of April 14, 1912, a nearby ship looked on. Second Officer Herbert Stone, in charge of the midnight watch on the SS Californian sitting idly a few miles north, saw the distress rockets that the Titanic fired. He alerted the captain, Stanley Lord, who was sleeping in the chartroom below, but Lord did not come to the bridge. Eight rockets were fired during the dark hours of the midnight watch, and eight rockets were ignored. The next morning, the Titanic was at the bottom of the sea and more than 1,500 pe",History,Adult
The Lonely City: Adventures in the Art of Being Alone,33.26,2,In stock,http://books.toscrape.com/catalogue/the-lonely-city-adventures-in-the-art-of-being-alone_639/index.html,"An expertly crafted work of reportage, memoir and biography on the subject of loneliness told through the lives of iconic artists, by the acclaimed author of The Trip to Echo Spring. What does it mean to be lonely? How do we live, if we're not intimately engaged with another human being? How do we connect with other people? Does technology draw us closer together or trap us behind screens? When Olivia Laing moved to New York City in her mid-thirties, she found herself inhabiting loneliness on a daily basis. Increasingly fascinated by this most shameful of experiences, she began to explore the lonely city by way of art.",Biography,Adult
The Gray Rhino: How to Recognize and Act on the Obvious Dangers We Ignore,59.15,4,In stock,http://books.toscrape.com/catalogue/the-gray-rhino-how-to-recognize-and-act-on-the-obvious-dangers-we-ignore_638/index.html,"A ""gray rhino"" is a highly probable, high impact yet neglected threat: kin to both the elephant in the room and the improbable and unforeseeable black swan. Gray rhinos are not random surprises, but occur after a series of warnings and visible evidence. The bursting of the housing bubble in 2008, the devastating aftermath of Hurricane Katrina and other natural disasters, the new digital technologies that upended the media world, the fall of the Soviet Union...all were evident well in advance. Why do leaders and decision makers keep failing to address obvious dangers before they spiral out of control? Drawing on her ex",Non-Fiction,Adult
The Golden Condom: And Other Essays on Love Lost and Found,39.43,1,In stock,http://books.toscrape.com/catalogue/the-golden-condom-and-other-essays-on-love-lost-and-found_637/index.html,"Dr. Jeanne Safer has dedicated much of her decades' long career in psychotherapy to exploring taboo subjects that we all think about in private but seldom discuss in public. From conflicted sibling relationships to the choice not to have children, Safer's work has always been unflinching in its aim to dive deep into topics that make most of us blush, but which are present in all of our lives. In The Golden Condom, Safer turns her sharp and fearless eye to a subject perhaps more universal than any other-love in all its permutations. In The Golden Condom Safer interweaves her own experiences with those of a variety of me",Non-Fiction,Adult
The Epidemic (The Program 0.6),14.44,5,In stock,http://books.toscrape.com/catalogue/the-epidemic-the-program-06_636/index.html,"Can one girl help others find closure by slipping into the identities of their loved ones? Find out in this riveting sequel to The Remedy and companion to the New York Times bestselling The Treatment and The Program. In a world before The Program… Quinlan McKee has spent her life acting as other people. She was a closer—a person hired to play the role of the recently deceased in order to give their families closure. Through this process, Quinn learned to read people and situations, even losing a bit of herself to do so. But she couldn’t have guessed how her last case would bring down her entire world.",Fiction,Young Adult
The Dinner Party,56.54,2,In stock,http://books.toscrape.com/catalogue/the-dinner-party_635/index.html,"This Passover Seder is not just any Passover Seder. Yes, there will be a quick service and then a festive meal afterwards, but this night is different from all other nights. This will be the night the Golds of Greenwich meet the Rothschilds of New York City. The Rothschilds are the stuff of legends. They control banks, own vineyards in Napa, diamond mines in Africa, and even an organic farm somewhere in the Midwest that produces the most popular Romaine lettuce consumed in this country. And now, Sylvia Gold's daughter is dating one of them.",Fiction,Adult
The Diary of a Young Girl,59.9,3,In stock,http://books.toscrape.com/catalogue/the-diary-of-a-young-girl_634/index.html,"Discovered in the attic in which she spent the last years of her life, Anne Frank's remarkable diary has since become a world classic—a powerful reminder of the horrors of war and an eloquent testament to the human spirit. In 1942, with Nazis occupying Holland, a thirteen-year-old Jewish girl and her family fled their home in Amsterdam and went into hiding. For the next two years, until their whereabouts were betrayed to the Gestapo, they and another family lived cloistered in the 'Secret Annexe' of an old office building. Cut off from the outside world, they faced hunger, boredom, the constant cruelties of living in",Biography,Young Adult
The Children,11.88,3,In stock,http://books.toscrape.com/catalogue/the-children_633/index.html,"From New York Times bestselling author Ann Leary comes the captivating story of a wealthy, but unconventional New England family, told from the perspective of a reclusive 29-year-old who has a secret (and famous) life on the Internet. Charlotte Maynard rarely leaves her mother’s home, the sprawling Connecticut lake house that belonged to her late stepfather, Whit Whitman, and the generations of Whitmans before him. While Charlotte and her sister, Sally, grew up at “Lakeside,” their stepbrothers, Spin and Perry, were welcomed as weekend guests. Now the grown boys own the estate, which Joan occupies by their grace—and a",Fiction,Adult
Stars Above (The Lunar Chronicles #4.5),48.05,2,In stock,http://books.toscrape.com/catalogue/stars-above-the-lunar-chronicles-45_632/index.html,"The enchantment continues....The universe of the Lunar Chronicles holds stories—and secrets—that are wondrous, vicious, and romantic. How did Cinder first arrive in New Beijing? How did the brooding soldier Wolf transform from young man to killer? When did Princess Winter and the palace guard Jacin realize their destinies?With nine stories—five of which have never before been published—and an exclusive never-before-seen excerpt from Marissa Meyer’s upcoming novel, Heartless, about the Queen of Hearts from Alice in Wonderland, Stars Above is essential for fans of the bestselling and beloved Lunar Chronicles.",Fantasy,Young Adult
Snatched: How A Drug Queen Went Undercover for the DEA and Was Kidnapped By Colombian Guerillas,21.21,3,In stock,http://books.toscrape.com/catalogue/snatched-how-a-drug-queen-went-undercover-for-the-dea-and-was-kidnapped-by-colombian-guerillas_631/index.html,"Snatched is the electric tale, by the New York Times bestselling author of Blow, Bruce Porter, that tells the true story of a woman caught between two worlds, with her life dangling in the balance. Raised an aristocrat in Colombia and educated in European schools, Pilar transfixes everyone with her charm and her guile. She also falls for dangerous men and finds herself drawn into the highest levels of the cocaine trade. After two failed marriages and a harrowing escape from the drug life, she settles down to a quiet existence in Florida with her children--until her second husband tries to cut short his prison term by g",Biography,Adult
Raspberry Pi Electronics Projects for the Evil Genius,49.67,4,In stock,http://books.toscrape.com/catalogue/raspberry-pi-electronics-projects-for-the-evil-genius_630/index.html,"10 brand new DIY projects for your Raspberry Pi! This fully illustrated TAB guide shows how to construct and program all kinds of fun and innovative gadgets with your Raspberry Pi. ""Raspberry Pi Electronics Projects for the Evil Genius"" features 10 complete projects that showcase cool RasPi applications in computing, communications, robotics, photography, and video. Each inexpensive Evil Genius project includes a detailed list of materials, sources for parts, schematics, and clear, step-by-step assembly and programming instructions. This entertaining, easy-to-follow book gets you up-and-running quickly on C, Java, and",Non-Fiction,Adult
Quench Your Own Thirst: Business Lessons Learned Over a Beer or Two,43.14,1,In stock,http://books.toscrape.com/catalogue/quench-your-own-thirst-business-lessons-learned-over-a-beer-or-two_629/index.html,"Founder of The Boston Beer Company, brewer of Samuel Adams Boston Lager, and a key catalyst of the American craft beer revolution, Jim Koch offers his unique perspective when it comes to business, beer, and turning your passion into a successful company or career. In 1984, it looked like an unwinnable David and Goliath struggle: one guy against the mammoth American beer industry. When others scoffed at Jim Koch’s plan to leave his consulting job and start a brewery that would challenge American palates, he chose a nineteenth-century family recipe and launched Samuel Adams. Now one of America’s leading craft breweries,",Biography,Adult
Psycho: Sanitarium (Psycho #1.5),36.97,5,In stock,http://books.toscrape.com/catalogue/psycho-sanitarium-psycho-15_628/index.html,"The original Psycho novel by Robert Bloch was published in 1959 and became an instant hit, leading to the smash movie only a year later, which brought Norman Bates's terrifying story into the public consciousness, where it still remains (proven by the success of the tv series, Bates Motel). It took Bloch 23 years to write another Psycho novel, revealing that Norman had been in a mental institution the entire time. In that sequel, Norman quickly escapes the sanitarium and goes on a killing spree in Hollywood. But what happened in that asylum during those two decades? Until now, no one has known. It's 1960. Norman Bates",Thriller,Adult
Poisonous (Max Revere Novels #3),26.8,3,In stock,http://books.toscrape.com/catalogue/poisonous-max-revere-novels-3_627/index.html,"Teen-aged Internet bully Ivy Lake fell off a cliff and few people cared ... except her mentally-challenged eighteen-year-old step-brother, Tommy. He loved her in spite of her cruelty. He's distraught and doesn't understand why his blended family is falling apart. After a year, the police still have no answers: Ivy could have jumped, could have been pushed, or it could have been an accident. With too many suspects and not enough evidence, the investigation has grown cold. Tommy thinks that if someone can figure out what happened to his step-sister, everything will go back to normal, so he writes to investigative report",Mystery,Young Adult
One with You (Crossfire #5),15.71,4,In stock,http://books.toscrape.com/catalogue/one-with-you-crossfire-5_626/index.html,"Gideon Cross. Falling in love with him was the easiest thing I've ever done. It happened instantly. Completely. Irrevocably. Marrying him was a dream come true. Staying married to him is the fight of my life. Love transforms. Ours is both a refuge from the storm and the most violent of tempests. Two damaged souls entwined as one. We have bared our deepest, ugliest secrets to one another. Gideon is the mirror that reflects all my flaws ... and all the beauty I couldn't see. He has given me everything. Now, I must prove I can be the rock, the shelter for him that he is for me. Together, we could stand against those who w",Romance,Adult
No Love Allowed (Dodge Cove #1),54.65,4,In stock,http://books.toscrape.com/catalogue/no-love-allowed-dodge-cove-1_625/index.html,"It's all fun and parties until someone falls in love in this modern fairy tale from author Kate Evangelista. Caleb desperately needs a fake girlfriend. Either he attends a series of parties for his father’s law firm with a pretty girl on his arm, or he gets shipped off to Yale to start a future he’s not ready for and isn’t sure he wants. And sadly, the last unattached girl in his social circle has just made the grievous mistake of falling in love with him. Fortunately, Didi, recently fired waitress and aspiring painter, is open to new experiences. As the summer ticks by in a whirl of lavish parties, there’s only one ru",Romance,Young Adult
Murder at the 42nd Street Library (Raymond Ambler #1),54.36,4,In stock,http://books.toscrape.com/catalogue/murder-at-the-42nd-street-library-raymond-ambler-1_624/index.html,"Murder at the 42nd Street Library opens with a murder in a second floor office of the iconic, beaux-arts flagship of the New York Public Library. Ray Ambler, the curator of the library's crime fiction collection, joins forces with NYPD homicide detective Mike Cosgrove in hopes of bringing a murderer to justice. In his search for the reasons behind the murder, Ambler uncovers hidden--and profoundly disturbing--relationships between visitors to the library. These include a celebrated mystery writer who has donated his papers to the library's crime fiction collection, that writer's missing daughter, a New York society wo",Mystery,Adult
Most Wanted,35.28,3,In stock,http://books.toscrape.com/catalogue/most-wanted_623/index.html,"Lisa Scottoline delivers another searing, powerful blockbuster novel that explores hot-button issues within the framework of an intricately plotted thriller. When a woman and her husband, desperate for a baby, find themselves unable to conceive, they decide to take further steps. Since it is the husband who is infertile, the heroine decides to use a donor. And all seems to be well. Three months pass and she is happily pregnant. But a shocking revelation occurs when she discovers that a man arrested for a series of brutal murders is her donor - the biological father of the child she is carrying.",Thriller,Adult
"Love, Lies and Spies",20.55,2,In stock,http://books.toscrape.com/catalogue/love-lies-and-spies_622/index.html,"Juliana Telford is not your average nineteenth-century young lady. She’s much more interested in researching ladybugs than marriage, fashionable dresses, or dances. So when her father sends her to London for a season, she’s determined not to form any attachments. Instead, she plans to secretly publish their research. Spencer Northam is not the average young gentleman of leisure he appears. He is actually a spy for the War Office, and is more focused on acing his first mission than meeting eligible ladies. Fortunately, Juliana feels the same, and they agree to pretend to fall for each other.",Fiction,Young Adult
How to Speak Golf: An Illustrated Guide to Links Lingo,58.32,5,In stock,http://books.toscrape.com/catalogue/how-to-speak-golf-an-illustrated-guide-to-links-lingo_621/index.html,"From ace to zinger, How to Speak Golf includes over 125 golf terms paired with charming and clever illustrations that decode the words and phrases that fly around a golf course. Clubhouse Chatter sections are sprinkled throughout where you'll learn about everything from the origins of golf, the worst courses and biggest sand bunkers in the world, to the reason why there are so many bird references in golf terminology, a history of famous holes-in-one, and much, much more! Some of the terms included in the book are:-Army golf: The inconsistent hitting of the ball from one side of the fairway to the other. (Think: Left,",Non-Fiction,Adult
Hide Away (Eve Duncan #20),11.84,1,In stock,http://books.toscrape.com/catalogue/hide-away-eve-duncan-20_620/index.html,"Iris Johansen's beloved forensic sculptor Eve Duncan is back and now the stakes are higher than ever. Dramatic changes are on the horizon for Eve and Joe Quinn and their relationship may never be the same. Faced with the task of protecting Cara Delaney, a young girl with ruthless enemies who want to see her dead, Eve takes her away to the remote Scottish Highlands where they join Jane MacGuire in search of a hidden treasure. But nowhere is far enough away to protect Cara from danger. With enemies closing in from all sides, Hide Away is a high-octane thriller that fans will not want to miss.",Thriller,Adult
Furiously Happy: A Funny Book About Horrible Things,41.46,4,In stock,http://books.toscrape.com/catalogue/furiously-happy-a-funny-book-about-horrible-things_619/index.html,"In LET'S PRETEND THIS NEVER HAPPENED, Jenny Lawson baffled readers with stories about growing up the daughter of a taxidermist. In her new book, FURIOUSLY HAPPY, Jenny explores her lifelong battle with mental illness. A hysterical, ridiculous book about crippling depression and anxiety? That sounds like a terrible idea. And terrible ideas are what Jenny does best. According to Jenny: ""Some people might think that being 'furiously happy' is just an excuse to be stupid and irresponsible and invite a herd of kangaroos over to your house without telling your husband first because you suspect he would say no since he's nev",Biography,Adult
Everyday Italian: 125 Simple and Delicious Recipes,20.1,5,In stock,http://books.toscrape.com/catalogue/everyday-italian-125-simple-and-delicious-recipes_618/index.html,"In her hit Food Network show Everyday Italian, Giada De Laurentiis shows you how to cook delicious, beautiful food in a flash. And here, in her long-awaited first book, she does the same—helps you put a fabulous dinner on the table tonight, for friends or just for the kids, with a minimum of fuss and a maximum of flavor. She makes it all look easy, because it is. Everyday Italian is true to its title: the fresh, simple recipes are incredibly quick and accessible, and also utterly mouth-watering—perfect for everyday cooking. And the book is focused on the real-life considerations of what you actually have in your refrigerator.",Cookbook,Adult
Equal Is Unfair: America's Misguided Fight Against Income Inequality,56.86,1,In stock,http://books.toscrape.com/catalogue/equal-is-unfair-americas-misguided-fight-against-income-inequality_617/index.html,"We’ve all heard that the American Dream is vanishing, and that the cause is rising income inequality. The rich are getting richer by rigging the system in their favor, leaving the rest of us to struggle just to keep our heads above water. To save the American Dream, we’re told that we need to fight inequality through tax hikes, wealth redistribution schemes, and a far higher minimum wage. But what if that narrative is wrong? What if the real threat to the American Dream isn’t rising income inequality—but an all-out war on success? In Equal is Unfair, a timely and thought-provoking work, Don Watkins and Yaron Brook reve",Non-Fiction,Adult
Eleanor & Park,56.51,5,In stock,http://books.toscrape.com/catalogue/eleanor-park_616/index.html,"Two misfits. One extraordinary love. Eleanor... Red hair, wrong clothes. Standing behind him until he turns his head. Lying beside him until he wakes up. Making everyone else seem drabber and flatter and never good enough... Eleanor. Park... He knows she'll love a song before he plays it for her. He laughs at her jokes before she ever gets to the punch line. There's a place on his chest, just below his throat, that makes her want to keep promises... Park. Set over the course of one school year, this is the story of two star-crossed sixteen-year-olds—smart enough to know that first love almost never lasts, but brave and des",Fiction,Young Adult
Dirty (Dive Bar #1),40.83,4,In stock,http://books.toscrape.com/catalogue/dirty-dive-bar-1_615/index.html,"The last thing Vaughan Hewson expects to find when he returns to his childhood home is a broken hearted bride in his shower, let alone the drama and chaos that comes with her. Lydia Green doesn't know whether to burn down the church or sit and cry in a corner. Discovering the love of your life is having an affair on your wedding day is bad enough. Finding out it's with his best man is another thing all together. She narrowly escapes tying the knot and meets Vaughan only hours later. Vaughan is the exact opposite of the picture perfect, respected businessman she thought she'd marry. This former musician-turned-bartender",Romance,Adult
Can You Keep a Secret? (Fear Street Relaunch #4),48.64,1,In stock,http://books.toscrape.com/catalogue/can-you-keep-a-secret-fear-street-relaunch-4_614/index.html,"How many nightmares begin in the Fear Street Woods? Eddie and Emma are high school sweethearts from the wrong side of the tracks. Looking for an escape from their dreary lives, they embark on an overnight camping trip with four friends in the Fear Street Woods. As Eddie carves a heart in a tree, he and Emma make a shocking discovery. It’s a discovery that will lead to the end of friendships—and to murder. Meanwhile, Emmy is having strange, terrifying dreams about wolves. Are her dreams connected somehow to the real wolf attacks that plague the town of Shadyside? Emmy, it seems, is about to make a horrifying discovery abo",Thriller,Young Adult
Boar Island (Anna Pigeon #19),59.48,3,In stock,http://books.toscrape.com/catalogue/boar-island-anna-pigeon-19_613/index.html,"Bringing you a gripping mystery, Nevada Barr transports you to the wild and dangerous landscapes of America's National Parks and is sure to appeal if you like Sue Grafton and Janet Evanovich. The eighteenth sensational crime novel from New York Times bestselling author Nevada Barr featuring fearless park ranger Anna Pigeon as she battles to solve a heinous crime set amidst the wild and dangerous landscape of a US National Park.",Mystery,Adult
A Paris Apartment,39.01,4,In stock,http://books.toscrape.com/catalogue/a-paris-apartment_612/index.html,"Bienvenue à Paris! When April Vogt's boss tells her about an apartment in the ninth arrondissement that has been discovered after being shuttered for the past seventy years, the Sotheby's continental furniture specialist does not hear the words “dust” or “rats” or “decrepit.” She hears Paris. She hears escape. Once in France, April quickly learns the apartment is not merely some rich hoarder's repository. Beneath the cobwebs and stale perfumed air is a goldmine, and not because of the actual gold (or painted ostrich eggs or mounted rhinoceros horns or bronze bathtub). First, there's a portrait by one of the masters of t",Fiction,Adult
"A la Mode: 120 Recipes in 60 Pairings: Pies, Tarts, Cakes, Crisps, and More Topped with Ice Cream, Gelato, Frozen Custard, and More",38.77,1,In stock,http://books.toscrape.com/catalogue/a-la-mode-120-recipes-in-60-pairings-pies-tarts-cakes-crisps-and-more-topped-with-ice-cream-gelato-frozen-custard-and-more_611/index.html,"Are you ready to take your baking over the top? Here are sixty decadent and delightful ice creams and the sixty desserts that are their vehicles. A la Mode offers not just solid dessert recipes, from raspberry oat bars to bear claws, from chocolate pecan pie to a white chocolate pavlova, but also gives you the unforgettable pairings that make these desserts smash hits: apple cranberry pie with Camembert ice cream, chocolate sheet cake with salt caramel frozen custard, and espresso cream jelly roll with mascarpone ice cream.Let's face it: vanilla can sometimes be so... vanilla. A great a-la-mode pairing should be as d",Cookbook,Adult
Troublemaker: Surviving Hollywood and Scientology,48.39,2,In stock,http://books.toscrape.com/catalogue/troublemaker-surviving-hollywood-and-scientology_610/index.html,"The outspoken actress, talk show host, and reality television star offers up a no-holds-barred memoir, including an eye-opening insider account of her tumultuous and heart-wrenching thirty-year-plus association with the Church of Scientology. Leah Remini has never been the type to hold her tongue. That willingness to speak her mind, stand her ground, and rattle the occasional cage has enabled this tough-talking girl from Brooklyn to forge an enduring and successful career in Hollywood. But being a troublemaker has come at a cost. That was never more evident than in 2013, when Remini loudly and publicly broke with the Church.",Biography,Adult
The Widow,27.26,2,In stock,http://books.toscrape.com/catalogue/the-widow_609/index.html,"THE NEW YORK TIMES BESTSELLER For fans of Gone Girl and The Girl on the Train, an electrifying thriller that will take you into the dark spaces that exist between a husband and a wife. When the police started asking questions, Jean Taylor turned into a different woman. One who enabled her and her husband to carry on, when more bad things began to happen... But that woman’s husband died last week. And Jean doesn’t have to be her anymore. There’s a lot Jean hasn’t said over the years about the crime her husband was suspected of committing. She was too busy being the perfect wife, standing by her man while living with",Thriller,Adult
"The Sleep Revolution: Transforming Your Life, One Night at a Time",11.68,4,In stock,http://books.toscrape.com/catalogue/the-sleep-revolution-transforming-your-life-one-night-at-a-time_608/index.html,"We are in the midst of a sleep deprivation crisis, writes Arianna Huffington, the co-founder and editor in chief of The Huffington Post. And this has profound consequences – on our health, our job performance, our relationships and our happiness. What is needed, she boldly asserts, is nothing short of a sleep revolution. Only by renewing our relationship with sleep can we take back control of our lives. In her bestseller Thrive, Arianna wrote about our need to redefine success through well-being, wisdom, wonder, and giving. Her discussion of the importance of sleep as a gateway to this more fulfilling way of living.",Non-Fiction,Adult
The Improbability of Love,59.45,1,In stock,http://books.toscrape.com/catalogue/the-improbability-of-love_607/index.html,"A dazzling, witty and tenderly savage satire of London life and the art world that is also a surprising and wonderful love story. When lovelorn Annie McDee stumbles across a dirty painting in a junk shop while looking for a present for an unsuitable man, she has no idea what she has discovered. Soon she finds herself drawn unwillingly into the tumultuous London art world, populated by exiled Russian oligarchs, avaricious Sheikas, desperate auctioneers and unscrupulous dealers, all scheming to get their hands on her painting - a lost eighteenth-century masterpiece called ‘The Improbability of Love’. Delving into the pa",Fiction,Adult
The Art of Startup Fundraising,21.0,3,In stock,http://books.toscrape.com/catalogue/the-art-of-startup-fundraising_606/index.html,"The Art of Startup Fundraising takes a fresh look at raising money for startups, with a focus on the changing face of startup finance. New regulations are making the old go-to advice less relevant, as startup money is increasingly moving online. These new waters are all but uncharted—and founders need an accessible guide. This book helps you navigate the online world of startup fundraising with easy-to-follow explanations and expert perspective on the new digital world of finance. You'll find tips and tricks on raising money and investing in startups from early stage to growth stage, and develop a clear strategy base",Non-Fiction,Adult
Take Me Home Tonight (Rock Star Romance #3),53.98,3,In stock,http://books.toscrape.com/catalogue/take-me-home-tonight-rock-star-romance-3_605/index.html,"A rocker gets a taste of unexpected passion in the latest red-hot Rock Star Romance from the award-winning author of I Want You to Want Me. Calix Bourbon might seem like a free spirit, but that’s all a front. In reality he’s just trying to keep his fractured family together while working as a session musician. When Blue Fire hires him to replace their keyboardist, Calix is determined to make the most of the opportunity—but he can’t help being distracted by the band’s sexy personal chef. Mimi’s temporary gig is great, but she has her heart set on auditioning for a televised cooking show. There’s just one problem: s",Romance,Adult
Sleeping Giants (Themis Files #1),48.74,1,In stock,http://books.toscrape.com/catalogue/sleeping-giants-themis-files-1_604/index.html,"A page-turning debut in the tradition of Michael Crichton, World War Z, and The Martian, Sleeping Giants is a thriller fueled by an earthshaking mystery—and a fight to control a gargantuan power. A girl named Rose is riding her new bike near her home in Deadwood, South Dakota, when she falls through the earth. She wakes up at the bottom of a square hole, its walls glowing with intricate carvings. But the firemen who come to save her peer down upon something even stranger: a little girl in the palm of a giant metal hand. Seventeen years later, the mystery of the bizarre artifact remains unsolved—its origins, architects,",Thriller,Adult
"Setting the World on Fire: The Brief, Astonishing Life of St. Catherine of Siena",21.15,2,In stock,http://books.toscrape.com/catalogue/setting-the-world-on-fire-the-brief-astonishing-life-of-st-catherine-of-siena_603/index.html,"One of only two patron saints of Italy, the other being St. Francis of Assisi, St. Catherine was ahead of her time. As a political powerhouse in late 14th century Europe, a time of war, social unrest and one of the worst natural disasters of all time--the plague, she worked for peace between Christians while campaigning for a holy crusade against Muslims. She was illiterate but grew into a great writer by dictating to assistants. She was frail and punished herself mercilessly, often starving herself, while offering moral guidance and inspiration to kings, queens and popes.",Biography,Adult
Playing with Fire,13.71,3,In stock,http://books.toscrape.com/catalogue/playing-with-fire_602/index.html,"A beautiful violinist is haunted by a very old piece of music she finds in a strange antique shop in Rome. The first time Julia Ansdell picks up The Incendio Waltz, she knows it’s a strikingly unusual composition. But while playing the piece, Julia blacks out and awakens to find her young daughter implicated in acts of surprising violence. And when she travels to Venice to find the previous owner of the music, she uncovers a dark secret that involves dangerously powerful people—a family who would stop at nothing to keep Julia from bringing the truth to light.",Thriller,Adult
Off the Hook (Fishing for Trouble #1),47.67,3,In stock,http://books.toscrape.com/catalogue/off-the-hook-fishing-for-trouble-1_601/index.html,"Welcome to The Buoys, a West Coast haven where love comes in with the tide. Perfect for readers of Jill Shalvis and Susan Mallery, the Fishing for Trouble series features three unforgettable brothers—each of whom is a great catch. Major league pitcher Liam O'Donnell knows his best days are probably behind him, but that doesn't mean he's ready to retire and become a fishing guide. Still, after all the time he's spent chasing his dreams, he owes it to his brothers to pull his weight around the lodge. The Buoys is their father's legacy, and they can't let some developer take it from them. The one snag Liam isn't counting",Romance,Adult
Mothering Sunday,13.34,2,In stock,http://books.toscrape.com/catalogue/mothering-sunday_600/index.html,"From the Booker Award winner: a luminous, profoundly moving work of fiction that begins with an afternoon tryst in 1924 between a servant girl and the young man of the neighboring house, but then opens to reveal the whole life of a remarkable woman. Twenty-two year old Jane Fairchild, orphaned at birth, has worked as a maid at one English country estate since she was sixteen. And for almost all of those years she has been the secret lover to Paul Sheringham, the scion of the estate next door. On an unseasonably warm March afternoon, Jane and Paul will make love for the last time--though not, as Jane believes, because",Fiction,Adult
"Mother, Can You Not?",16.89,5,In stock,http://books.toscrape.com/catalogue/mother-can-you-not_599/index.html,"Based on the wildly popular Instagram account @CrazyJewishMom, Kate Siegel's essay collection about life with the woman who redefined the term ""helicopter mom"". There is nothing more wonderful than a mother’s love. There is also nothing more annoying. Who else can proudly insist that you’re perfect while simultaneously making you question every career, fashion, and relationship decision you have ever made? No one understands the delicate mother-daughter dynamic better than Kate Siegel—her own mother drove her so crazy that she decided to broadcast their hilarious conversations on Instagram.",Non-Fiction,Adult
M Train,27.18,1,In stock,http://books.toscrape.com/catalogue/m-train_598/index.html,"From the National Book Award-winning author of Just Kids: an unforgettable odyssey into the mind of this legendary artist, told through the prism of cafés and haunts she has visited and worked in around the world.M Train is a journey through eighteen ""stations."" It begins in the tiny Greenwich Village café where Smith goes every morning for black coffee, ruminates on the world as it is and the world as it was, and writes in her notebook. We then travel, through prose that shifts fluidly between dreams and reality, past and present, across a landscape of creative aspirations and inspirations: from Frida Kahlo's Casa A",Biography,Adult
Lilac Girls,17.28,2,In stock,http://books.toscrape.com/catalogue/lilac-girls_597/index.html,"Inspired by the life of a real World War II heroine, this debut novel reveals a story of love, redemption, and secrets that were hidden for decades. New York socialite Caroline Ferriday has her hands full with her post at the French consulate and a new love on the horizon. But Caroline’s world is forever changed when Hitler’s army invades Poland in September 1939—and then sets its sights on France. An ocean away from Caroline, Kasia Kuzmerick, a Polish teenager, senses her carefree youth disappearing as she is drawn deeper into her role as courier for the underground resistance movement. In a tense atmosphere of wa",Historical Fiction,Adult
Lies and Other Acts of Love,45.14,1,In stock,http://books.toscrape.com/catalogue/lies-and-other-acts-of-love_596/index.html,"Dear Carolina was praised as “Southern fiction at its best.” Now author Kristy Woodson Harvey presents a new novel about what it really means to tell the truth . . . After sixty years of marriage and five daughters, Lynn “Lovey” White knows that all of us, from time to time, need to use our little white lies. Her granddaughter, Annabelle, on the other hand, is as truthful as they come. She always does the right thing—that is, until she dumps her hedge fund manager fiancé and marries a musician she has known for three days. After all, her grandparents, who fell in love at first sight, have shared a lifetime of happi",Fiction,Adult
Lab Girl,40.85,1,In stock,http://books.toscrape.com/catalogue/lab-girl_595/index.html,"A smart, enthralling, and winning debut.” —Cheryl Strayed Acclaimed scientist Hope Jahren has built three laboratories in which she’s studied trees, flowers, seeds, and soil. Her first book is a revelatory treatise on plant life—but it is also so much more. Lab Girl is a book about work, love, and the mountains that can be moved when those two things come together. It is told through Jahren’s stories: about her childhood in rural Minnesota with an uncompromising mother and a father who encouraged hours of play in his classroom’s labs; about how she found a sanctuary in science, and learned to perform lab work done",Non-Fiction,Adult
Keep Me Posted,20.46,4,In stock,http://books.toscrape.com/catalogue/keep-me-posted_594/index.html,"Two sisters share the surprising highs and cringe-worthy lows of social media fame, when their most private thoughts become incredibly public in this fresh and funny debut novel. Sisters Cassie and Sid Sunday have not done a bang-up job of keeping in touch. In their defense, it hasn’t been easy: life veered in sharply different directions for the once-close sisters. Today, beautiful and big-hearted Sid lives an expat’s life of leisure in far-off Singapore, while harried, iPhone-clutching Cassie can’t seem to make it work as a wife and a mom to twin toddlers in Manhattan.",Fiction,Adult
It Didn't Start with You: How Inherited Family Trauma Shapes Who We Are and How to End the Cycle,56.27,3,In stock,http://books.toscrape.com/catalogue/it-didnt-start-with-you-how-inherited-family-trauma-shapes-who-we-are-and-how-to-end-the-cycle_593/index.html,"A groundbreaking approach to transforming traumatic legacies passed down in families over generations, by an acclaimed expert in the field. Depression. Anxiety. Chronic Pain. Phobias. Obsessive thoughts. The evidence is compelling: the roots of these difficulties may not reside in our immediate life experience or in chemical imbalances in our brains—but in the lives of our parents, grandparents, and even great-grandparents. The latest scientific research, now making headlines, supports what many have long intuited—that traumatic experience can be passed down through generations. It Didn’t Start with You builds on the",Non-Fiction,Adult
Grey (Fifty Shades #4),48.49,4,In stock,http://books.toscrape.com/catalogue/grey-fifty-shades-4_592/index.html,"See the world of Fifty Shades of Grey anew through the eyes of Christian Grey. In Christian's own words, and through his thoughts, reflections, and dreams, E L James offers a fresh perspective on the love story that has enthralled millions of readers around the world. Christian Grey exercises control in all things; his world is neat, disciplined, and utterly empty—until the day that Anastasia Steele falls into his office, in a tangle of shapely limbs and tumbling brown hair. He tries to forget her, but instead is swept up in a storm of emotion he cannot comprehend and cannot resist. Unlike any woman he has known before,",Romance,Adult
"Exit, Pursued by a Bear",51.34,4,In stock,http://books.toscrape.com/catalogue/exit-pursued-by-a-bear_591/index.html,"“I love you,” Polly says suddenly when I’m almost to the door.“I know,” I say.Hermione Winters has been a flyer. She’s been captain of her cheerleading team. The envied girlfriend and the undisputed queen of her school. Now it’s her last year and those days and those labels are fading fast. In a few months she’ll be a different person. She thinks she’s ready for whatever comes next. But then someone puts something in her drink at a party, and in an instant she finds herself wearing new labels, ones she never imagined: Victim. Survivor. That raped girl. Even though this was never the future she imagined, one essential th",Fiction,Young Adult
Daredevils,16.34,3,In stock,http://books.toscrape.com/catalogue/daredevils_590/index.html,"From the winner of 2014’s PEN Robert W. Bingham Prize, an unforgettable debut novel about Loretta, a teenager married off as a “sister wife,” who makes a break for freedom. At the heart of this exciting debut novel, set in Arizona and Idaho in the mid-1970s, is fifteen-year-old Loretta, who slips out of her bedroom every evening to meet her so-called gentile boyfriend. Her strict Mormon parents catch her returning one night, and promptly marry her off to Dean Harder, a devout yet materialistic fundamentalist who already has a wife and a brood of kids. The Harders relocate to his native Idaho, where Dean’s teenage neph",Fiction,Young Adult
Cravings: Recipes for What You Want to Eat,20.5,3,In stock,http://books.toscrape.com/catalogue/cravings-recipes-for-what-you-want-to-eat_589/index.html,"Though she is best known as a supermodel and Sports Illustrated swimsuit covergirl, all Chrissy Teigen really wants to do is talk about dinner—the good, the greasy, the good-for-you, and the goof-ups. Stylish but brash, witty and big-hearted, Chrissy cooks beautifully, but with the spirit of the amateur. In this book, she shows us how to make cooking part of a stylish life.",Non-Fiction,Adult
Born for This: How to Find the Work You Were Meant to Do,21.59,5,In stock,http://books.toscrape.com/catalogue/born-for-this-how-to-find-the-work-you-were-meant-to-do_588/index.html,"To the outside observer, it seems like they’ve won the career lottery—that by some stroke of luck or circumstance, they’ve found the one thing they love so much that it doesn’t even feel like work, and they’re getting paid well to do it. In reality, their good fortune has nothing to do with chance. There’s a method for finding your perfect job, and Chris Guillebeau, the bestselling author of The $100 Startup, has created a practical guide for how to do it—whether within a traditional company or business, or by striking out on your own. Finding the work you were “born to do” isn’t just about discovering your passion.",Self-Help,Adult
Arena,21.36,4,In stock,http://books.toscrape.com/catalogue/arena_587/index.html,"A fast-paced and gripping near-future science fiction debut about the gritty world of competitive gaming. Every week, Kali Ling fights to the death on national TV. She’s died hundreds of times. And it never gets easier. The RAGE tournaments—the Virtual Gaming League’s elite competition where the best gamers in the world compete in a no-holds-barred fight to the digital death. Every bloody kill is broadcast to millions. Every player is a modern gladiator—leading a life of ultimate fame, responsible only for entertaining the masses. And though their weapons and armor are digital, the pain is real.",Science Fiction,Young Adult
Adultery,20.88,5,In stock,http://books.toscrape.com/catalogue/adultery_586/index.html,"I want to change. I need to change. I'm gradually losing touch with myself. Adultery, the provocative new novel by Paulo Coelho, best-selling author of The Alchemist and Eleven Minutes, explores the question of what it means to live life fully and happily, finding the balance between life's routine and the desire for something new.",Fiction,Adult
A Mother's Reckoning: Living in the Aftermath of Tragedy,19.53,3,In stock,http://books.toscrape.com/catalogue/a-mothers-reckoning-living-in-the-aftermath-of-tragedy_585/index.html,"On April 20, 1999, Eric Harris and Dylan Klebold walked into Columbine High School in Littleton, Colorado. Over the course of minutes, they would kill twelve students and a teacher and wound twenty-four others before taking their own lives. For the last sixteen years, Sue Klebold, Dylan’s mother, has lived with the indescribable grief and shame of that day. How could her child, the promising young man she had loved and raised, be responsible for such horror? And how, as his mother, had she not known something was wrong? Were there subtle signs she had missed? What, if anything, could she have done differently?",Biography,Adult
A Gentleman's Position (Society of Gentlemen #3),14.75,5,In stock,http://books.toscrape.com/catalogue/a-gentlemans-position-society-of-gentlemen-3_584/index.html,"Power, privilege, and the rigid rules of class leave two hearts yearning for connection in the sizzling new Society of Gentlemen novel from K. J. Charles. Among his eccentric though strictly principled group of friends, Lord Richard Vane is the confidant on whom everyone depends for advice, moral rectitude, and discreet assistance. Yet when Richard has a problem, he turns to his valet, a fixer of unparalleled genius—and the object of Richard’s deepest desires. If there is one rule a gentleman must follow, it is never to dally with servants. But when David is close enough to touch, the rules of class collide with the",Romance,Adult
11/22/63,48.48,3,In stock,http://books.toscrape.com/catalogue/112263_583/index.html,"Life can turn on a dime—or stumble into the extraordinary, as it does for Jake Epping, a high school English teacher in Lisbon Falls, Maine. While grading essays by his GED students, Jake reads a gruesome, enthralling piece penned by janitor Harry Dunning: fifty years ago, Harry somehow survived his father’s sledgehammer slaughter of his entire family. Jake is blown away...but an even more bizarre secret comes to light when Jake’s friend Al, owner of the local diner, enlists Jake to take over the mission that has become his obsession—to prevent the Kennedy assassination. How? By stepping through a portal in the diner.",Fiction,Adult
"10% Happier: How I Tamed the Voice in My Head, Reduced Stress Without Losing My Edge, and Found Self-Help That Actually Works",24.57,2,In stock,http://books.toscrape.com/catalogue/10-happier-how-i-tamed-the-voice-in-my-head-reduced-stress-without-losing-my-edge-and-found-self-help-that-actually-works_582/index.html,"After having a nationally televised panic attack on Good Morning America, Dan Harris knew he had to make some changes. After learning about research that suggests meditation can do everything from lower your blood pressure to essentially rewire your brain, Harris took a deep dive into the underreported world of CEOs, scientists, and even marines who are now using it for increased calm, focus, and happiness. 10% Happier takes readers on a ride from the outer reaches of neuroscience to the inner sanctum of network news to the bizarre fringes of America's spiritual scene, and leaves them with a takeaway that could actua",Self-Help,Adult
10-Day Green Smoothie Cleanse: Lose Up to 15 Pounds in 10 Days!,49.71,5,In stock,http://books.toscrape.com/catalogue/10-day-green-smoothie-cleanse-lose-up-to-15-pounds-in-10-days_581/index.html,"The 10-Day Green Smoothie Cleanse will jump-start your weight loss, increase your energy level, clear your mind, and improve your overall health. Made up of supernutrients from leafy greens and fruits, green smoothies are filling and healthy and you will enjoy drinking them. Your body will also thank you for drinking them as your health and energy improve to levels you never thought possible. In ten days, you can expect to lose weight, reduce cravings, clear your mind, and improve digestion. It is an experience that could change your life if you stick with it! This book provides a shopping list, recipes, and detailed",Self-Help,Adult
Without Shame,48.27,5,In stock,http://books.toscrape.com/catalogue/without-shame_580/index.html,"East Pakistan, 1968: In Sariyah’s village, shame is a virtue she never mastered. As a child, she learned to read in secret, kept talismans against her father’s orders, and questioned everything, even Allah. Now she is practicing how to be a “woman with shame,” torn between promises to her family and to herself. She yearns to join a movement with her fellow Bengalis, who are gripping onto their language and cultural identity against colonial powers – but she is continuously sucked into the narrow visions of her father. In the midst of a desperate movement for Bengali freedom, a presumptuous American has come to teach.",Fiction,Young Adult
Watchmen,58.05,4,In stock,http://books.toscrape.com/catalogue/watchmen_579/index.html,"This Hugo Award-winning graphic novel chronicles the fall from grace of a group of super-heroes plagued by all-too-human failings. Along the way, the concept of the super-hero is dissected as the heroes are stalked by an unknown assassin. One of the most influential graphic novels of all time and a perennial best-seller, Watchmen has been studied on college campuses across the nation and is considered a gateway title, leading readers to other graphic novels such as V for Vendetta, Batman: The Dark Knight Returns and The Sandman series.",Graphic Novel,Adult
Unlimited Intuition Now,58.87,4,In stock,http://books.toscrape.com/catalogue/unlimited-intuition-now_578/index.html,Read Unlimited Intuition Now to develop your own psychic abilities so that you can receive guidance from your soul. How you will benefit: Pray to open your soul guidance Learn how to read the energy in your chakras with a pendulum Tune in to read your own body Discover how to read the body of another person Discern how much life force is in your food Focus to tell if food is really good for your body Practice how to muscle test yourself Raise your vibration to listen to your angels Get your ego out of the way so you can listen to divine guidance Stay connected with loved ones when you are apart Open your psychic centers of clair,Self-Help,Adult
Underlying Notes,11.82,2,In stock,http://books.toscrape.com/catalogue/underlying-notes_577/index.html,"Carla Matteo copes with life by 'tipping the bottle'--glass goddesses funneling perfume! During a midlife renaissance, the 'juice' enables Carla to find her own niche, while the ominous rose note in Paloma Picasso forces her to confront the past.",Fiction,Adult
The Shack,28.03,1,In stock,http://books.toscrape.com/catalogue/the-shack_576/index.html,"Mackenzie Allen Philips' youngest daughter, Missy, has been abducted during a family vacation, and evidence that she may have been brutally murdered is found in an abandoned shack deep in the Oregon wilderness. Four years later in the midst of his 'Great Sadness,' Mack receives a suspicious note, apparently from God, inviting him back to that shack for a weekend. Against his better judgment he arrives at the shack on a wintry afternoon and walks back into his darkest nightmare. What he finds there will change Mack's world forever. In a world where religion seems to grow increasingly irrelevant The Shack wrestles with t",Fiction,Adult
The New Brand You: Your New Image Makes the Sale for You,44.05,5,In stock,http://books.toscrape.com/catalogue/the-new-brand-you-your-new-image-makes-the-sale-for-you_575/index.html,"You want people to recognize you, like you, and trust you, so they buy from you. You may have already branded yourself with this in mind but perhaps you’re not getting the desired results. Many people think that branding is about cool logos, fancy websites and social media popularity. But this line of thought causes potential successes to fail. So what does work? In The New Brand You, Julie Broad, MBA, bestselling author, popular speaker, and award winning entrepreneur, shares the secrets of creating a trusted brand. You’ll learn what is critical in reinventing your personal brand, and why you may never have to tweet.",Self-Help,Adult
"The Moosewood Cookbook: Recipes from Moosewood Restaurant, Ithaca, New York",12.34,4,In stock,http://books.toscrape.com/catalogue/the-moosewood-cookbook-recipes-from-moosewood-restaurant-ithaca-new-york_574/index.html,"Among the most influential cookbooks of our time, the Moosewood Cookbook is such a powerful symbol that the publishers were tempted not to tamper with it. But times have changed, and knowledge about the foods we eat and their nutritional value has increased. So, after many inquiries and requests, the author has revised many of her recipes to be lighter and healthier. Illustrated.",Cookbook,Adult
The Flowers Lied,16.68,2,In stock,http://books.toscrape.com/catalogue/the-flowers-lied_573/index.html,"Remember back when you first wanted to become a rock critic? Or when you first started to read music reviews? Those are the days of The Flowers Lied, Michael Goldberg's new rock ‘n’ roll coming-of-age novel. Writerman, the narrator, is a rock critic wannabe obsessed with music – favorites include Captain Beefheart, the Blue Oyster Cult, the 13th Floor Elevators, John Coltrane, Pearls Before Swine, Slim Harpo, Neil Young, Sam Rivers and, of course, Bob Dylan. This novel is for anyone who grew up in the ‘60s or '70s—or anyone who wondered what it was really like to be a teenager back then.",Fiction,Adult
"The Fabric of the Cosmos: Space, Time, and the Texture of Reality",55.91,1,In stock,http://books.toscrape.com/catalogue/the-fabric-of-the-cosmos-space-time-and-the-texture-of-reality_572/index.html,"From Brian Greene, one of the world’s leading physicists and author the Pulitzer Prize finalist The Elegant Universe, comes a grand tour of the universe that makes us look at reality in a completely different way. Space and time form the very fabric of the cosmos. Yet they remain among the most mysterious of concepts. Is space an entity? Why does time have a direction? Could the universe exist without space and time? Can we travel to the past? Greene has set himself a daunting task: to explain non-intuitive, mathematical concepts like String Theory, the Heisenberg Uncertainty Principle, and Inflationary Cosmology with",Science,Adult
The Book of Mormon,24.57,3,In stock,http://books.toscrape.com/catalogue/the-book-of-mormon_571/index.html,"The Book of Mormon is a volume of scripture comparable to the Bible. It is a record of God's dealings with the ancient inhabitants of the Americas and contains, as does the Bible, the fullness of the everlasting gospel. The book was written by many ancient prophets by the spirit of prophecy and revelation. Their words, written on gold plates, were quoted and abridged by a prophet-historian named Mormon. The record gives an account of two great civilizations. One came from Jerusalem in 600 B.C., and afterward separated into two nations, known as the Nephites and the Lamanites. The other came much earlier when the Lord",Religious,Adult
The Art and Science of Low Carbohydrate Living,52.98,5,In stock,http://books.toscrape.com/catalogue/the-art-and-science-of-low-carbohydrate-living_570/index.html,"The Art And Science Of Low Carbohydrate Living: An Expert Guide To Making The Life-Saving Benefits Of Carbohydrate Restriction Sustainable And EnjoyableCarbohydrate restricted diets are commonly practiced but seldom taught. As a result, doctors, dietitians, nutritionists, and nurses may have strong opinions about low carbohydrate dieting, but in many if not most cases, these views are not grounded in science. Now, whether you are a curious healthcare professional or just a connoisseur of diet information, two New York Times best-selling authors provide you with the definitive resource for low carbohydrate living.",Non-Fiction,Adult
The Alien Club,54.4,1,In stock,http://books.toscrape.com/catalogue/the-alien-club_569/index.html,"When everything is your first, you’re an alien. The feelings, sensations, decisions and ramifications of your actions are uncharted territory. An alien landscape that stretches from your front door to your first love can be more bizarre, beautiful and unforgiving than any other planet in the Universe. With no handbook and nowhere to turn, you’re forced to blaze a path to greatness you’re not even sure is your destiny. A rich tale of love and war, and the interpersonal relationships that forge them both. The Alien Club follows the path forged by a ten-year-old boy, blindly clawing his way through the confusing, frighten",Fiction,Young Adult
Suzie Snowflake: One beautiful flake (a self-esteem story),54.81,5,In stock,http://books.toscrape.com/catalogue/suzie-snowflake-one-beautiful-flake-a-self-esteem-story_568/index.html,"Follow Suzie on a magical journey of discovering her true self worth within. A beautifully illustrated self-esteem story for all ages! Suzie Snowflake struggles with what she sees as ""flaws"" and ""imperfections"" in her beautiful design. ""How can I notice my outer is bright, when there are parts of myself I don't really like?"" Through the love and wisdom of her parents, Suzie discovers her true inner beauty and light. ""It's who you are inside that counts, your inner light that shines through, and who you are outside is wondrous too."" ""Look at your art, look at your design, six magical sides, created one of a kind!""",Self-Help,Children
Nap-a-Roo,25.08,1,In stock,http://books.toscrape.com/catalogue/nap-a-roo_567/index.html,"Fast, fun, and engaging, this book makes sleepy time special for children and parents alike. Follow the kangaroo through the zoo as he gets ready for a nap-a-roo. Little ones can't get enough of this adorable modern book that centers around naps. With colorful images and imaginative text, this story is easy to fall in love with. Children will enjoy taking a nap-a-roo just like the kangaroo.",Children,Children
"NaNo What Now? Finding your editing process, revising your NaNoWriMo book and building a writing career through publishing and beyond",10.41,4,In stock,http://books.toscrape.com/catalogue/nano-what-now-finding-your-editing-process-revising-your-nanowrimo-book-and-building-a-writing-career-through-publishing-and-beyond_566/index.html,"You’ve just completed a novel during the National Novel Writing Month challenge! Or maybe you completed part of one. Or signed up with really good intentions and then only wrote a couple of words. Either way, you’re staring at 30 days worth of words and wondering… What now? How exactly do you start a revision and discover your editing process? How do you know if you’re ready to hire an editor? How do you motivate yourself when faced with draft dread or editing blocks? How can you translate what you’ve accomplished so far into a professional writing career? From tips for finding beta readers, exploration of traditional publishing, and advice on self-publishing, this book will guide you through the next steps in your writing journey.",Non-Fiction,Adult
Modern Day Fables,47.44,2,In stock,http://books.toscrape.com/catalogue/modern-day-fables_565/index.html,"It is difficult to accurately summarize eleven very different stories, each of which stands alone. However, if there is a recurring theme in Modern Day Fables it is that of the eternal conflict between the individual and society, between the unique and the formulaic. Each story, or fable, looks at the issue from a different angle, and does so specifically within the context of the current way of thinking in the world. The book’s first story, Screen, takes place in the near future where a technological innovation allows for the majority of life to be lived inside a virtual world. As life in the real world becomes mor",Fiction,Adult
If I Gave You God's Phone Number....: Searching for Spirituality in America,20.91,1,In stock,http://books.toscrape.com/catalogue/if-i-gave-you-gods-phone-number-searching-for-spirituality-in-america_564/index.html,"What do a Cherokee Medicine Woman, a Death Row inmate, an Afghani Sufi Mystic, a Catholic, a Jew, several praying kids, and Mare Cromwell have in common? They all feel strongly about who or what they think God is, why things happen the way they do, and what will become of us in the future. They question, praise and criticize God in the hopes of better understanding themselves and others. In a world challenged by economic issues, climate change, war, and constant threat of terrorism, people are pausing from their daily routines.",Non-Fiction,Adult
"Fruits Basket, Vol. 9 (Fruits Basket #9)",33.95,4,In stock,http://books.toscrape.com/catalogue/fruits-basket-vol-9-fruits-basket-9_563/index.html,"Finally - summer has arrived! While Tohru struggles through bipolar days of hope and anxiety, what will happen when Yuki comes face-to-face with the new member of the student council? Meanwhile, who is that Uo-chan's hanging out with? Is she c-r-a-z-y in love? In a bonus feature, Hana-chan's past is finally disclosed!",Fiction,Young Adult
Dress Your Family in Corduroy and Denim,43.68,3,In stock,http://books.toscrape.com/catalogue/dress-your-family-in-corduroy-and-denim_562/index.html,"David Sedaris returns to his deliriously twisted domain: hilarious childhood dramas infused with melancholy; the gulf of misunderstanding that exists between people of different nations or members of the same family; and the poignant divide between one's best hopes and most common deeds. The family characters his readers love are all here, as well as the unique terrain they inhabit, strewn with comic landmines. 'The Rooster' is back, and getting married in the funniest wedding ever described. David attends a slumber party and gets the upper hand in a unique version of strip poker. 'Rubber or plastic?' The strangest q",Biography,Adult
Don't Forget Steven,33.23,1,In stock,http://books.toscrape.com/catalogue/dont-forget-steven_561/index.html,"By the author of Ruby, Between the Cracks, a winner of the Top Ten Best Books for Teens 2015 award, this unflinching look at Steven's life will stick with you long after you put it down. He never told what went on behind closed doors. But this time, he can’t remember. Things never have been easy for Steven. He accepts that, and just makes the best of things. He might not have parents or a happy home. Or enough to eat most days. But at least he has a couple of loyal friends who stand by him and help out when they can. At least he has school, someplace he can go to escape the abuse.",Fiction,Young Adult
Chernobyl 01:23:40: The Incredible True Story of the World's Worst Nuclear Disaster,35.92,2,In stock,http://books.toscrape.com/catalogue/chernobyl-012340-the-incredible-true-story-of-the-worlds-worst-nuclear-disaster_560/index.html,"At 01:23:40 on April 26th 1986, Alexander Akimov pressed the emergency shutdown button at Chernobyl’s fourth nuclear reactor. It was an act that forced the permanent evacuation of a city, killed thousands and crippled the Soviet Union. The event spawned decades of conflicting, exaggerated and inaccurate stories. This book, the result of five years of research, presents an accessible but comprehensive account of what really happened. From the desperate fight to prevent a burning reactor core from irradiating eastern Europe, to the self-sacrifice of the heroic men who entered fields of radiation so strong that machines",Non-Fiction,Adult
Art and Fear: Observations on the Perils (and Rewards) of Artmaking,48.63,4,In stock,http://books.toscrape.com/catalogue/art-and-fear-observations-on-the-perils-and-rewards-of-artmaking_559/index.html,"This is a book about making art. Ordinary art. Ordinary art means something like: all art not made by Mozart. After all, art is rarely made by Mozart-like people; essentially—statistically speaking—there aren't any people like that. Geniuses get made once-a-century or so, yet good art gets made all the time, so to equate the making of art with the workings of genius removes this intimately human activity to a strangely unreachable and unknowable place. For all practical purposes making art can be examined in great detail without ever getting entangled in the very remote problems of genius.",Non-Fiction,Adult
A Shard of Ice (The Black Symphony Saga #1),56.63,3,In stock,http://books.toscrape.com/catalogue/a-shard-of-ice-the-black-symphony-saga-1_558/index.html,"THEIR SOULS, REAWAKENED. When 13-year-old Lilix Morgan is found alive and floating on a bed of ice at sea, everyone counts it a miracle. Kidnapped nearly four weeks earlier, she remembers nothing of her mysterious abduction. When she tries to remember what happened, she hears only a melody – a faint and delicate set of notes, strung together in a tune she doesn’t understand. THEIR POWER, UNMATCHED. A year later and desperate to put the lingering nightmares of her past behind her, Lilix crosses the country to enroll at Baelmorte Academy, aiming to become the violinist she once dreamt of. Things seem to be finally going",Fantasy,Young Adult
A Hero's Curse (The Unseen Chronicles #1),50.49,3,In stock,http://books.toscrape.com/catalogue/a-heros-curse-the-unseen-chronicles-1_557/index.html,"Essie Brightsday has never heard a rock basilisk scream. She has never worn magical armor, stood up to a queen, or run from dragons. Instead, Essie, her sarcastic cat Tigrabum, (just call him ""Tig""), and her secretive family struggle to survive on their small farm nestled against the forbidding cliffs of the Valley of Fire. But all that is about to change when a rebellion against the cruel interim ruler is sparked. Forced to flee for their lives, Essie and Tig lose themselves in the twisting labyrinth of the ancient lava flow. When Essie finds proof that the missing King Mactogonii may be alive, she is given the oppor",Fantasy,Young Adult
23 Degrees South: A Tropical Tale of Changing Whether...,35.79,2,In stock,http://books.toscrape.com/catalogue/23-degrees-south-a-tropical-tale-of-changing-whether_556/index.html,"23 DEGREES SOUTH follows two 23 year-old childhood pals, Hart and Simon, on a twisting and unexpected adventure of force-fed self-discovery. The story departs from the tennis courts of Southern California traveling to the back streets of Sao Paulo.",Fiction,Adult
"Zero to One: Notes on Startups, or How to Build the Future",34.06,3,In stock,http://books.toscrape.com/catalogue/zero-to-one-notes-on-startups-or-how-to-build-the-future_555/index.html,"If you want to build a better future, you must believe in secrets. The great secret of our time is that there are still uncharted frontiers to explore and new inventions to create. In Zero to One, legendary entrepreneur and investor Peter Thiel shows how we can find singular ways to create those new things. Thiel begins with the contrarian premise that we live in an age of technological stagnation, even if we’re too distracted by shiny mobile devices to notice. Information technology has improved rapidly, but there is no reason why progress should be limited to computers or Silicon Valley. Progress can be achieved in",Non-Fiction,Adult
Why Not Me?,17.76,1,In stock,http://books.toscrape.com/catalogue/why-not-me_554/index.html,"In Why Not Me?, Kaling shares her ongoing journey to find contentment and excitement in her adult life, whether it’s falling in love at work, seeking new friendships in lonely places, attempting to be the first person in history to lose weight without any behavior modification whatsoever, or most important, believing that you have a place in Hollywood when you’re constantly reminded that no one looks like you. In “How to Look Spectacular: A Starlet’s Confessions,” Kaling gives her tongue-in-cheek secrets for surefire on-camera beauty, (“Your natural hair color may be appropriate for your skin tone, but this isn’t the",Biography,Adult
When Breath Becomes Air,39.36,2,In stock,http://books.toscrape.com/catalogue/when-breath-becomes-air_553/index.html,"At the age of thirty-six, on the verge of completing a decade’s training as a neurosurgeon, Paul Kalanithi was diagnosed with inoperable lung cancer. One day he was a doctor treating the dying, the next he was a patient struggling to live. When Breath Becomes Air chronicles Kalanithi’s transformation from a medical student asking what makes a virtuous and meaningful life into a neurosurgeon working in the core of human identity – the brain – and finally into a patient and a new.",Biography,Adult
Vagabonding: An Uncommon Guide to the Art of Long-Term World Travel,36.94,2,In stock,http://books.toscrape.com/catalogue/vagabonding-an-uncommon-guide-to-the-art-of-long-term-world-travel_552/index.html,"With a new foreword by Tim Ferriss •There’s nothing like vagabonding: taking time off from your normal life—from six weeks to four months to two years—to discover and experience the world on your own terms. In this one-of-a-kind handbook, veteran travel writer Rolf Potts explains how anyone armed with an independent spirit can achieve the dream of extended overseas travel. Now completely revised and updated, Vagabonding is an accessible and inspiring guide to • financing your travel time • determining your destination • adjusting to life on the road • working and volunteering overseas • handling travel adversity •",Non-Fiction,Adult
The Unlikely Pilgrimage of Harold Fry (Harold Fry #1),43.62,5,In stock,http://books.toscrape.com/catalogue/the-unlikely-pilgrimage-of-harold-fry-harold-fry-1_551/index.html,"Harold Fry is convinced that he must deliver a letter to an old friend in order to save her, meeting various characters along the way and reminiscing about the events of his past and people he has known, as he tries to find peace and acceptance. Recently retired, sweet, emotionally numb Harold Fry is jolted out of his passivity by a letter from Queenie Hennessy, an old friend, who he hasn't heard from in twenty years. She has written to say she is in hospice and wanted to say goodbye. Leaving his tense, bitter wife Maureen to her chores, Harold intends a quick walk to the corner mailbox to post his reply but instead,",Fiction,Adult
The New Drawing on the Right Side of the Brain,43.02,3,In stock,http://books.toscrape.com/catalogue/the-new-drawing-on-the-right-side-of-the-brain_550/index.html,"When Drawing on the Right Side of the Brain was first published in 1979, it hit the New York Times bestseller list within two weeks and stayed there for more than a year. In 1989, when Dr. Betty Edwards revised the book, it went straight to the Times list again. Now Dr. Edwards celebrates the twentieth anniversary of her classic book with a second revised edition. Over the last decade, Dr. Edwards has refined her material through teaching hundreds of workshops and seminars. Truly The New Drawing on the Right Side of the Brain, this edition includes: the very latest developments in brain research new material on using dra",Non-Fiction,Adult
"The Midnight Assassin: Panic, Scandal, and the Hunt for America's First Serial Killer",28.45,4,In stock,http://books.toscrape.com/catalogue/the-midnight-assassin-panic-scandal-and-the-hunt-for-americas-first-serial-killer_549/index.html,"A sweeping narrative history of a terrifying serial killer--America's first--who stalked Austin, Texas in 1885. In the late 1800s, the city of Austin, Texas was on the cusp of emerging from an isolated western outpost into a truly cosmopolitan metropolis. But beginning in December 1884, Austin was terrorized by someone equally as vicious and, in some ways, far more diabolical than London's infamous Jack the Ripper. For almost exactly one year, the Midnight Assassin crisscrossed the entire city, striking on moonlit nights, using axes, knives, and long steel rods to rip apart women from every race and class.",History,Adult
The Martian (The Martian #1),41.39,2,In stock,http://books.toscrape.com/catalogue/the-martian-the-martian-1_548/index.html,"A mission to Mars. A freak accident. One man's struggle to survive. Six days ago, astronaut Mark Watney became one of the first people to walk on Mars. Now, he's sure he'll be the first person to die there. After a dust storm nearly kills him and forces his crew to evacuate the planet while thinking him dead, Mark finds himself stranded on Mars' surface, completely alone, with no way to signal Earth that he’s alive. And even if he could get word out, his supplies would be gone years before a rescue could arrive. Chances are, though, Mark won't have time to starve to death. The damaged machinery, unforgiving environment or",Science Fiction,Adult
The High Mountains of Portugal,51.15,1,In stock,http://books.toscrape.com/catalogue/the-high-mountains-of-portugal_547/index.html,"In Lisbon in 1904, a young man named Tomás discovers an old journal. It hints at the existence of an extraordinary artifact that—if he can find it—would redefine history. Traveling in one of Europe’s earliest automobiles, he sets out in search of this strange treasure. Thirty-five years later, a Portuguese pathologist devoted to the murder mysteries of Agatha Christie finds himself at the center of a mystery of his own and drawn into the consequences of Tomás’s quest. Fifty years on, a Canadian senator takes refuge in his ancestral village in northern Portugal, grieving the loss of his beloved wife. But he arrives with",Mystery,Adult
The Grownup,35.88,1,In stock,http://books.toscrape.com/catalogue/the-grownup_546/index.html,"A canny young woman is struggling to survive by perpetrating various levels of mostly harmless fraud. On a rainy April morning, she is reading auras at Spiritual Palms when Susan Burke walks in. A keen observer of human behavior, our unnamed narrator immediately diagnoses beautiful, rich Susan as an unhappy woman eager to give her lovely life a drama injection. However, when the 'psychic' visits the eerie Victorian home that has been the source of Susan's terror and grief, she realizes she may not have to pretend to believe in ghosts anymore. Miles, Susan's teenage stepson, doesn't help matters with his disturbing ma",Fiction,Adult
The E-Myth Revisited: Why Most Small Businesses Don't Work and What to Do About It,36.91,1,In stock,http://books.toscrape.com/catalogue/the-e-myth-revisited-why-most-small-businesses-dont-work-and-what-to-do-about-it_545/index.html,"E-Myth  'e-,'mith n 1: the entrepreneurial myth: the myth that most people who start small businesses are entrepreneurs 2: the fatal assumption that an individual who understands the technical work of a business can successfully run a business that does that technical work. Voted #1 business book by Inc. 500 CEOs. An instant classic, this revised and updated edition of the phenomenal bestseller dispels the myths about starting your own business. Small business consultant and author Michael E. Gerber, with sharp insight gained from years of experience, points out how common assumptions, expectations, and even technical expertise can lead to failure in entrepreneurship.",Non-Fiction,Adult
South of Sunshine,28.93,1,In stock,http://books.toscrape.com/catalogue/south-of-sunshine_544/index.html,"What is Kaycee willing to risk for the sake of love? And what will she risk for acceptance? In Sunshine, Tennessee, the main event in town is Friday night football, the biggest party of the year is held in a field filled with pickup trucks, and church attendance is mandatory. For Kaycee Jean McCoy, life in Sunshine means dating guys she has no interest in, saying only “yes, ma’am” when the local bigots gossip at her mom’s cosmetics salon, and avoiding certain girls at all costs. Girls like Bren Dawson. Unlike Kaycee, Bren doesn’t really conceal who she is. But as the cool, worldly new girl, nobody at school seems to gi",Fiction,Young Adult
Smarter Faster Better: The Secrets of Being Productive in Life and Business,38.89,5,In stock,http://books.toscrape.com/catalogue/smarter-faster-better-the-secrets-of-being-productive-in-life-and-business_543/index.html,"A new book that explores the science of productivity, and why, in today’s world, managing how you think—rather than what you think—can transform your life.",Non-Fiction,Adult
Silence in the Dark (Logan Point #4),58.33,3,In stock,http://books.toscrape.com/catalogue/silence-in-the-dark-logan-point-4_542/index.html,"Two years ago, Bailey Adams broke off her engagement to Danny Maxwell and fled Logan Point for the mission field in Chihuahua, Mexico. Now she's about to return home to the States, but there's just one problem. After Bailey meets with the uncle of one of the mission children in the city, she barely escapes a sudden danger. Now she's on the run--she just doesn't know from whom. To make matters worse, people who help her along the way find themselves in danger too--including Danny. Who is after her? Will they ever let up? And in the midst of the chaos, can Bailey keep herself from falling in love with her rescuer?",Romance,Adult
Shadows of the Past (Logan Point #1),39.67,5,In stock,http://books.toscrape.com/catalogue/shadows-of-the-past-logan-point-1_541/index.html,"Psychology professor and criminal profiler Taylor Martin prides herself on being able to solve any crime, except the one she wants most desperately to solve--the disappearance of her father twenty years ago. When she finally has a lead on his whereabouts, Taylor returns home to Logan Point, Mississippi, to investigate. But as she is stalking the truth about the past, someone is stalking her. Nick Sinclair pens mystery novels for a living, but the biggest mystery to him is how he can ever get over the death of his wife--a tragedy he believes he could have prevented. With his estranged brother the only family he has left.",Mystery,Adult
Roller Girl,14.1,5,In stock,http://books.toscrape.com/catalogue/roller-girl_540/index.html,"For fans of Raina Telgemeier’s Smile, a heartwarming graphic novel about friendship and surviving junior high through the power of roller derby. Twelve-year-old Astrid has always done everything with her best friend Nicole. So when Astrid signs up for roller derby camp, she assumes Nicole will too. But Nicole signs up for dance camp with a new friend instead, and so begins the toughest summer of Astrid's life. There are bumps and bruises as Astrid learns who she is without Nicole...and what it takes to be a strong, tough roller girl.",Graphic Novel,Young Adult
Rising Strong,21.82,3,In stock,http://books.toscrape.com/catalogue/rising-strong_539/index.html,"The physics of vulnerability is simple: If we are brave enough often enough, we will fall. The author of the #1 New York Times bestsellers Daring Greatly and The Gifts of Imperfection tells us what it takes to get back up, and how owning our stories of disappointment, failure, and heartbreak gives us the power to write a daring new ending. Struggle, Brené Brown writes, can be our greatest call to courage, and rising strong our clearest path to deeper meaning, wisdom, and hope.",Self-Help,Adult
Proofs of God: Classical Arguments from Tertullian to Barth,54.21,1,In stock,http://books.toscrape.com/catalogue/proofs-of-god-classical-arguments-from-tertullian-to-barth_538/index.html,"Leading theologian Matthew Levering presents a thoroughgoing critical survey of the proofs of God's existence for readers interested in traditional Christian responses to the problem of atheism. Beginning with Tertullian and ending with Karl Barth, Levering covers twenty-one theologians and philosophers from the early church to the modern period, examining how they answered the critics of their day. He also shows the relevance of the classical arguments to contemporary debates and challenges to Christianity. In addition to students, this book will appeal to readers of apologetics.",Non-Fiction,Adult
Please Kill Me: The Uncensored Oral History of Punk,31.19,4,In stock,http://books.toscrape.com/catalogue/please-kill-me-the-uncensored-oral-history-of-punk_537/index.html,"A Time Out and Daily News Top Ten Book of the Year upon its initial release, Please Kill Me is the first oral history of the most nihilist of all pop movements. Iggy Pop, Danny Fields, Dee Dee and Joey Ramone, Malcom McLaren, Jim Carroll, and scores of other famous and infamous punk figures lend their voices to this definitive account of that outrageous, explosive era. From its origins in the twilight years of Andy Warhol’s New York reign to its last gasps as eighties corporate rock, the phenomenon known as punk is scrutinized, eulogized, and idealized by the people who were there and who made it happen.",Non-Fiction,Adult
Out of Print: City Lights Spotlight No. 14,53.64,5,In stock,http://books.toscrape.com/catalogue/out-of-print-city-lights-spotlight-no-14_536/index.html,"The third full-length collection by Julien Poirier, Out of Print is a truly bicoastal volume, reflecting the poet's years in New York as well as his return to his Bay Area roots. Consider it a meetinghouse between late New York School and contemporary California surrealism, a series of quips intercepted from America's underground poetry telegraph, or an absurdist mirror held up to consumerist culture.",Poetry,Adult
My Life Next Door (My Life Next Door ),36.39,5,In stock,http://books.toscrape.com/catalogue/my-life-next-door-my-life-next-door_535/index.html,"One thing my mother never knew, and would disapprove of most of all, was that I watched the Garretts. All the time. The Garretts are everything the Reeds are not. Loud, messy, affectionate. And every day from her rooftop perch, Samantha Reed wishes she was one of them . . . until one summer evening, Jase Garrett climbs up next to her and changes everything. As the two fall fiercely for each other, stumbling through the awkwardness and awesomeness of first love, Jase's family embraces Samantha - even as she keeps him a secret from her own. Then something unthinkable happens, and the bottom drops out of Samantha's world.",Romance,Young Adult
Miller's Valley,58.54,2,In stock,http://books.toscrape.com/catalogue/millers-valley_534/index.html,"Filled with insights that are hallmarks of Anna Quindlen’s bestsellers, this extraordinary novel is about a woman coming of age, as she unearths secrets about her family and her town, and surprising truths about herself. For generations the Millers have lived in Miller’s Valley. Mimi Miller tells about her life with intimacy and honesty. As Mimi eavesdrops on her parents and quietly observes the people around her, she discovers more and more about the toxicity of family secrets, the dangers of gossip, the flaws of marriage, the inequalities of friendship and the risks of passion, loyalty, and love.",Fiction,Adult
Man's Search for Meaning,29.48,3,In stock,http://books.toscrape.com/catalogue/mans-search-for-meaning_533/index.html,"Psychiatrist Viktor Frankl's memoir has riveted generations of readers with its descriptions of life in Nazi death camps and its lessons for spiritual survival. Between 1942 and 1945, Frankl labored in four different camps, including Auschwitz, while his parents, brother, and pregnant wife perished. Based on his own experience and the experiences of others he treated later in his practice, Frankl argues that we cannot avoid suffering, but we can choose how to cope with it, find meaning in it, and move forward with renewed purpose. Frankl's theory--known as logotherapy, from the Greek word logos ('meaning')--holds tha",Biography,Adult
"Love That Boy: What Two Presidents, Eight Road Trips, and My Son Taught Me About a Parent's Expectations",25.06,2,In stock,http://books.toscrape.com/catalogue/love-that-boy-what-two-presidents-eight-road-trips-and-my-son-taught-me-about-a-parents-expectations_532/index.html,"Tyler and I inch toward the Green Room, in line with blow-dried TV anchors and stuffy columnists. He’s practicing his handshake and hello: “It’s a pleasure to meet you, Mr. President.” When the couple in front of us steps forward for their picture, my teenager with sky-blue eyes and a soft heart looks up at me and says, “I hope I don’t let you down, Dad.” What kind of father raises a son to worry about embarrassing his dad? I want to tell Tyler not to worry, that he’d never let me down. That there’s nothing wrong with being differ",Fiction,Young Adult
Living Forward: A Proven Plan to Stop Drifting and Get the Life You Want,12.55,3,In stock,http://books.toscrape.com/catalogue/living-forward-a-proven-plan-to-stop-drifting-and-get-the-life-you-want_531/index.html,"Each of us has but one life to live on this earth. What we do with it is our choice. Are we drifting through it as spectators, reacting to our circumstances when necessary and wondering just how we got to this point anyway? Or are we directing it, maximizing the joy and potential of every day, living with a purpose or mission in mind? Too many of us are doing the former--and our lives are slipping away one day at a time. But what if we treated life like the gift that it is? What if we lived each day as though it were part of a bigger picture, a 'plan'? That's what 'New York Times' bestselling author Michael Hyatt and",Self-Help,Adult
Les Fleurs du Mal,29.04,5,In stock,http://books.toscrape.com/catalogue/les-fleurs-du-mal_530/index.html,Presents the first American translation of the complete text of Baudelaire's 1857 masterwork and includes the complete original French texts for easy comparison.,Literature,Adult
Left Behind (Left Behind #1),40.72,2,In stock,http://books.toscrape.com/catalogue/left-behind-left-behind-1_529/index.html,"An airborne Boeing 747 is headed to London when, without any warning, passengers mysteriously disappear from their seats. Terror and chaos slowly spread not only through the plane but also worldwide as unusual events continue to unfold. For those who have been left behind, the apocalypse has just begun.",Thriller,Adult
Kill 'Em and Leave: Searching for James Brown and the American Soul,45.05,5,In stock,http://books.toscrape.com/catalogue/kill-em-and-leave-searching-for-james-brown-and-the-american-soul_528/index.html,"National Book Award winner James McBride goes in search of the “real” James Brown after receiving a tip that promises to uncover the man behind the myth. His surprising journey illuminates not only our understanding of this immensely troubled, misunderstood, and complicated soul genius but the ways in which our cultural heritage has been shaped by Brown’s legacy. Kill ’Em and Leave is more than a book about James Brown. Brown’s rough-and-tumble life, through McBride’s lens, is an unsettling metaphor for American life: the tension between North and South, black and white, rich and poor. McBride’s travels take him to f",Biography,Adult
Kierkegaard: A Christian Missionary to Christians,47.13,1,In stock,http://books.toscrape.com/catalogue/kierkegaard-a-christian-missionary-to-christians_527/index.html,"Soren Kierkegaard (1813-1855) had a mission. The church had become weak, flabby and inconsequential. Being a Christian was more a cultural heritage than a spiritual reality. His mission reintroduce the Christian faith to Christians. How could he break through to people who were members of the church and thought they were Christians already? Like an Old Testament prophet, Kierkegaard used a variety of pointed and dramatic ways to shake people from their slumber. He incisively diagnosed the spiritual ailments of his age and offered a fresh take on classic Christian teaching. Mark Tietjen thinks that Kierkegaard's criti",Biography,Adult
John Vassos: Industrial Design for Modern Life,20.22,4,In stock,http://books.toscrape.com/catalogue/john-vassos-industrial-design-for-modern-life_526/index.html,"What should a television look like? How should a dial on a radio feel to the touch? These were questions John Vassos asked when the Radio Corporation of America (RCA) asked him to design the first mass-produced television receiver, the TRK-12, which had its spectacular premier at the 1939 New York World’s Fair. Vassos emigrated from Greece and arrived in the United States in 1918. His career spans the evolution of central forms of mass media in the twentieth century and offers a template for understanding their success. This is Vassos’s legacy—shaping the way we interact with our media technologies.",Biography,Adult
I'll Give You the Sun,56.48,1,In stock,http://books.toscrape.com/catalogue/ill-give-you-the-sun_525/index.html,"A brilliant, luminous story of first love, family, loss, and betrayal for fans of John Green, David Levithan, and Rainbow Rowell Jude and her twin brother, Noah, are incredibly close. At thirteen, isolated Noah draws constantly and is falling in love with the charismatic boy next door, while daredevil Jude cliff-dives and wears red-red lipstick and does the talking for both of them. But three years later, Jude and Noah are barely speaking. Something has happened to wreck the twins in different and dramatic ways . . . until Jude meets a cocky, broken, beautiful boy, as well as someone else—an even more unpredictable ne",Fiction,Young Adult
I Will Find You,44.21,1,In stock,http://books.toscrape.com/catalogue/i-will-find-you_524/index.html,"“This is it. My rape. I knew it was coming. Every woman knows. And now here it is. My turn.” When Joanna Connors was thirty years old on assignment for the Cleveland Plain Dealer to review a play at a college theater, she was held at knife point and raped by a stranger who had grown up five miles away from her. Once her assailant was caught and sentenced, Joanna never spoke of the trauma again, until 21 years later when her daughter was about to go to college. She resolved then to tell her children about her own rape so they could learn and protect themselves, and she began to realize that the man who assaulted her wa",Biography,Adult
Hystopia: A Novel,21.96,4,In stock,http://books.toscrape.com/catalogue/hystopia-a-novel_523/index.html,"By the early 1970s, President John F. Kennedy has survived several assassination attempts and--martyred, heroic--is now in his third term. Twenty-two-year-old Eugene Allen returns home from his tour of duty in Vietnam and begins to write a war novel--a book echoing Catch-22 and Slaughterhouse-Five--about veterans who have their battlefield experiences ""enfolded,"" wiped from their memories through drugs and therapy. In Eugene's fictive universe, veterans too damaged to be enfolded stalk the American heartland, reenacting atrocities on civilians and evading the Psych Corps, a federal agency dedicated to upholding the m",Fiction,Adult
Howl and Other Poems,40.45,2,In stock,http://books.toscrape.com/catalogue/howl-and-other-poems_522/index.html,"The prophetic poem that launched a generation when it was first published in 1965 is here presented in a commemorative fortieth Anniversary Edition. When the book arrived from its British printers, it was seized almost immediately by U.S. Customs, and shortly thereafter the San Francisco police arrested its publisher and editor, Lawrence Ferlinghetti, together with City Lights Bookstore manager Shigeyoshi Murao. The two of them were charged with disseminating obscene literature, and the case went to trial in the municipal court of Judge Clayton Horn. A parade of distinguished literary and academic witnesses persuaded",Poetry,Adult
History of Beauty,10.29,4,In stock,http://books.toscrape.com/catalogue/history-of-beauty_521/index.html,"Now in paperback, Umberto Eco’s groundbreaking and much-acclaimed first illustrated book has been a critical success since its first publication in 2004. What is beauty? Umberto Eco, among Italy’s finest and most important contemporary thinkers, explores the nature, the meaning, and the very history of the idea of beauty in Western culture. The profound and subtle text is lavishly illustrated with abundant examples of sublime painting and sculpture and lengthy quotations from writers and philosophers. This is the first paperback edition of History of Beauty, making this intellectual and philosophical journey with one",Non-Fiction,Adult
Heaven is for Real: A Little Boy's Astounding Story of His Trip to Heaven and Back,52.86,2,In stock,http://books.toscrape.com/catalogue/heaven-is-for-real-a-little-boys-astounding-story-of-his-trip-to-heaven-and-back_520/index.html,"A beautifully written glimpse into heaven that will encourage those who doubt and thrill those who believe. Ron Hall, coauthor of Same Kind of Different as Me. Do you remember the hospital, Colton? Sonja said. Yes, mommy, I remember, he said. That s where the angels sang to me. When Colton Burpo made it through an emergency appendectomy, his family was overjoyed at his miraculous survival. What they weren t expecting, though, was the story that emerged in the months that followed a story as beautiful as it was extraordinary, detailing their little boy s trip to heaven and back. Colton, not yet four years old, told his parents",Non-Fiction,Adult
Future Shock (Future Shock #1),55.65,5,In stock,http://books.toscrape.com/catalogue/future-shock-future-shock-1_519/index.html,"What do you do when the future is too late, and the present is counting down to an inevitable moment? Elena Martinez has street smarts, the ability for perfect recall, and a deadline: if she doesn’t find a job before she turns eighteen, she’ll be homeless. But then she gets an unexpected offer from Aether Corporation, the powerful Los Angeles tech giant. Along with four other recruits—Adam, Chris, Trent, and Zoe—Elena is being sent on a secret mission to bring back data from the future. All they have to do is get Aether the information they need, and the five of them will be set for life. It’s an offer Elena can’t ref",Science Fiction,Young Adult
Ender's Game (The Ender Quintet #1),43.64,1,In stock,http://books.toscrape.com/catalogue/enders-game-the-ender-quintet-1_518/index.html,"Andrew ""Ender"" Wiggin thinks he is playing computer simulated war games; he is, in fact, engaged in something far more desperate. The result of genetic experimentation, Ender may be the military genius Earth desperately needs in a war against an alien enemy seeking to destroy all human life. The only way to find out is to throw Ender into ever harsher training, to chip away and find the diamond inside, or destroy him utterly. Ender Wiggin is six years old when it begins. He will grow up fast. But Ender is not the only result of the experiment. The war with the Buggers has been raging for a hundred years, and the quest",Science Fiction,Young Adult
Diary of a Citizen Scientist: Chasing Tiger Beetles and Other New Ways of Engaging the World,28.41,1,In stock,http://books.toscrape.com/catalogue/diary-of-a-citizen-scientist-chasing-tiger-beetles-and-other-new-ways-of-engaging-the-world_517/index.html,"In the exploding world of citizen science, hundreds of thousands of volunteers are monitoring climate change, tracking bird migration, finding stardust for NASA, and excavating mastodons. The sheer number of citizen scientists, combined with new technology, has begun to shape how research is conducted. Non-professionals become acknowledged experts: dentists turn into astronomers and accountants into botanists. Diary of a Citizen Scientist is a timely exploration of this phenomenon, told through the lens of nature writer Sharman Apt Russell’s yearlong study of a little-known species, the Western red-bellied tiger beetle.",Non-Fiction,Adult
Death by Leisure: A Cautionary Tale,37.51,4,In stock,http://books.toscrape.com/catalogue/death-by-leisure-a-cautionary-tale_516/index.html,"The hilariously intrepid young author of War Reporting for Cowards returns from Iraq only to dive head-first into another absurd, terrifying world: the American leisure class. Like Hunter Thompson crossed with one of David Brooks’s bobos in paradise, Ayres embeds himself in LA’s “liesuretocracy”: an over-the-top world of caviar facials, billionaire charity balls, souped-up SUVs, and monster home loans . . . not to mention $1,000-a-night brothels and million-dollar poker tournaments. Ayres’s highly leveraged lifestyle lands him a surreal night with a supermodel, a date at Michael Jackson’s birthday party in Neverland.",Non-Fiction,Adult
Brilliant Beacons: A History of the American Lighthouse,11.45,3,In stock,http://books.toscrape.com/catalogue/brilliant-beacons-a-history-of-the-american-lighthouse_515/index.html,"Set against the backdrop of an expanding nation, Brilliant Beacons traces the evolution of America's lighthouse system from its earliest days, highlighting the political, military, and technological battles fought to illuminate the nation's hardscrabble coastlines. Beginning with 'Boston Light,' America’s first lighthouse, Dolin shows how the story of America, from colony to regional backwater, to fledging nation, and eventually to global industrial power, can be illustrated through its lighthouses.",History,Adult
Brazen: The Courage to Find the You That's Been Hiding,19.22,2,In stock,http://books.toscrape.com/catalogue/brazen-the-courage-to-find-the-you-thats-been-hiding_514/index.html,"There are so many moments in life when we choose to silence our intuition, abandon our own voice, and play small because we wonder, deep down: ""Do I know who I really am? Is who I really am enough?"" It's courageous work to learn to live from our essential identity--loved, worthy, whole. But what if God is calling us to shamelessly recover the woman he created us to be? What if God is urging us to be--for the first time in our lives--brazen? The word ""brazen"" means ""without shame."" Leeana Tankersley wants women to be just that--to unapologetically move from shame- and fear-based living toward lives that are based on l",Self-Help,Adult
Between the World and Me,56.91,4,In stock,http://books.toscrape.com/catalogue/between-the-world-and-me_513/index.html,"“This is your country, this is your world, this is your body, and you must find some way to live within the all of it.”In a profound work that pivots from the biggest questions about American history and ideals to the most intimate concerns of a father for his son, Ta-Nehisi Coates offers a powerful new framework for understanding our nation’s history and current crisis. Americans have built an empire on the idea of “race,” a falsehood that damages us all but falls most heavily on the bodies of black women and men—bodies exploited through slavery and segregation, and, today, threatened, locked up, and murdered out of",Non-Fiction,Adult
Being Mortal: Medicine and What Matters in the End,55.06,4,In stock,http://books.toscrape.com/catalogue/being-mortal-medicine-and-what-matters-in-the-end_512/index.html,"In Being Mortal, bestselling author Atul Gawande tackles the hardest challenge of his profession: how medicine can not only improve life but also the process of its ending. Medicine has triumphed in modern times, transforming birth, injury, and infectious disease from harrowing to manageable. But in the inevitable condition of aging and death, the goals of medicine seem too frequently to run counter to the interest of the human spirit. Nursing homes, preoccupied with safety, pin patients into railed beds and wheelchairs. Hospitals isolate the dying, checking for vital signs long after the goals of cure have become moo",Non-Fiction,Adult
"A Murder Over a Girl: Justice, Gender, Junior High",13.2,3,In stock,http://books.toscrape.com/catalogue/a-murder-over-a-girl-justice-gender-junior-high_511/index.html,"A psychologist's gripping, troubling, and moving exploration of the brutal murder of a possibly transgender middle school student by an eighth grade classmate. On Feb. 12, 2008, at E. O. Green Junior High in Oxnard, CA, 14-year-old Brandon McInerney shot and killed his classmate, Larry King, who had recently begun to call himself 'Leticia' and wear makeup and jewelry to school. Profoundly shaken by the news, and unsettled by media coverage that sidestepped the issues of gender identity and of race integral to the case, psychologist Ken Corbett traveled to LA to attend the trial. As visions of victim and perpetrator were",Non-Fiction,Adult
32 Yolks,53.63,2,In stock,http://books.toscrape.com/catalogue/32-yolks_510/index.html,"For readers of Jacques Pépin’s The Apprentice and Marcus Samuelsson’s Yes, Chef, here is the coming-of-age story of a true French chef and international culinary icon. Before he earned three Michelin stars at Le Bernardin, won the James Beard Foundation Award for Outstanding Chef, or became a regular guest judge on Bravo’s Top Chef, and even before he knew how to make a proper omelet, Eric Ripert was a young boy in the South of France who felt that his world had come to an end. The only place Eric felt at home was in the kitchen. His desire to not only cook, but to become the best would lead him into some of the most",Biography,Adult
"""Most Blessed of the Patriarchs"": Thomas Jefferson and the Empire of the Imagination",44.48,5,In stock,http://books.toscrape.com/catalogue/most-blessed-of-the-patriarchs-thomas-jefferson-and-the-empire-of-the-imagination_509/index.html,"Thomas Jefferson is often portrayed as a hopelessly enigmatic figure—a riddle—a man so riven with contradictions that he is almost impossible to know. Lauded as the most articulate voice of American freedom and equality, even as he held people—including his own family—in bondage, Jefferson is variably described as a hypocrite, an atheist, or a simple-minded proponent of limited government who expected all Americans to be farmers forever. Now, Annette Gordon-Reed teams up with America's leading Jefferson scholar, Peter S. Onuf, to present an absorbing and revealing character study that dispels the many clichés that have.",Biography,Adult
You Are a Badass: How to Stop Doubting Your Greatness and Start Living an Awesome Life,12.08,3,In stock,http://books.toscrape.com/catalogue/you-are-a-badass-how-to-stop-doubting-your-greatness-and-start-living-an-awesome-life_508/index.html,"Bestselling author, speaker, and success coach Jen Sincero cuts through the din of the self-help genre with her own verbal meat cleaver. Full of blunt humor, sage advice, and the occasional swear word, You are a Badass offers its readers new opportunities for growth through 35 chapters of exercises, suggestions, and hilariously inspiring stories. From ""Fear is for Suckers"" to ""Your Brain is Your Bitch"" these chapters provide enlightening lessons: How to stop doubting your greatness, how to love what you don't love about yourself, and how to tap into source energy to live a bigger life than you've ever imagined.",Self-Help,Adult
Wildlife of New York: A Five-Borough Coloring Book,22.14,2,In stock,http://books.toscrape.com/catalogue/wildlife-of-new-york-a-five-borough-coloring-book_507/index.html,"Explore lively streets, scenic parks, and teeming waterfronts in Wildlife of New York, a coloring adventure that celebrates the vibrant, humming energy of New York City and its surprisingly varied animal life. Artist Giada Crispiels’ playful scenes highlight beloved landmarks from all five boroughs—like Central Park, Coney Island, and the New York Botanical Garden—alongside charming neighborhood nooks and crannies. There are dozens of animals, from common squirrels to eagles and coyotes, that thrive in every corner of the urban jungle. The animals, as well as all of the featured locations, are described in lively capt",Children,Children
What Happened on Beale Street (Secrets of the South Mysteries #2),25.37,5,In stock,http://books.toscrape.com/catalogue/what-happened-on-beale-street-secrets-of-the-south-mysteries-2_506/index.html,"What Happened on Beale Street is an exciting addition to the Secrets of the South Mysteries from bestselling author Mary Ellis. These standalone, complex crime dramas follow a private investigator's quest to make the world a better place...solving one case at a time. A cryptic plea for help from a childhood friend sends cousins Nate and Nicki Price from New Orleans to Memphis, the home of scrumptious barbecue and soulful blues music. When they arrive at Danny Andre's last known address, they discover signs of a struggle and a lifestyle not in keeping with the former choirboy they fondly remember. Danny's sister, Isabel",Mystery,Adult
Unreasonable Hope: Finding Faith in the God Who Brings Purpose to Your Pain,46.33,2,In stock,http://books.toscrape.com/catalogue/unreasonable-hope-finding-faith-in-the-god-who-brings-purpose-to-your-pain_505/index.html,"Where was God when ____? How could God allow ____? Why? These are the questions that flood our hearts and minds when the unimaginable happens. When things go horribly wrong and the world seems to be unraveling, how do you believe in God s goodness? How do you cling to hope? Chad Veach directs readers away from cliched Sunday school answers that fail to offer real comfort or provide faith-building insights. Instead, he draws from God s promises in the Bible and from the story of his own daughter s diagnosis of a devastating and debilitating disease to reveal simple, purposeful steps for dealing with pain.",Non-Fiction,Adult
Under the Tuscan Sun,37.33,3,In stock,http://books.toscrape.com/catalogue/under-the-tuscan-sun_504/index.html,"A CLASSIC FROM THE BESTSELLING AUTHOR OF UNDER MAGNOLIAFrances Mayes—widely published poet, gourmet cook, and travel writer—opens the door to a wondrous new world when she buys and restores an abandoned villa in the spectacular Tuscan countryside. In evocative language, she brings the reader along as she discovers the beauty and simplicity of life in Italy. Mayes also creates dozens of delicious seasonal recipes from her traditional kitchen and simple garden, all of which she includes in the book. Doing for Tuscany what M.F.K. Fisher and Peter Mayle did for Provence, Mayes writes about the tastes and pleasures of a f",Non-Fiction,Adult
Toddlers Are A**holes: It's Not Your Fault,25.55,1,In stock,http://books.toscrape.com/catalogue/toddlers-are-aholes-its-not-your-fault_503/index.html,"Toddler a**holery is a normal part of human development—not unlike puberty, except this stage involves throwing food on the floor and taking swings at people who pay your way in life. For parents of toddlers, it's a ""you better laugh so you don't cry"" period. Bunmi Laditan's hilarious, satirical guide to toddlerhood offers parents instant (and very welcome) comic relief—along with the very good news that ""It's Not Your Fault."" Chapters cover the cost of raising a toddler, feeding your toddler, potty-training, tantrums, how to manage the holidays, and ""how not to die inside."" Parents will see themselves in the very fun.",Non-Fiction,Adult
The Year of Living Biblically: One Man's Humble Quest to Follow the Bible as Literally as Possible,34.72,1,In stock,http://books.toscrape.com/catalogue/the-year-of-living-biblically-one-mans-humble-quest-to-follow-the-bible-as-literally-as-possible_502/index.html,"From the bestselling author of ""The Know-It-All"" comes a fascinating and timely exploration of religion and the Bible. Raised in a secular family but increasingly interested in the relevance of faith in our modern world, A.J. Jacobs decides to dive in headfirst and attempt to obey the Bible as literally as possible for one full year. He vows to follow the Ten Commandments. To be fruitful and multiply. To love his neighbor. But also to obey the hundreds of less publicized rules: to avoid wearing clothes made of mixed fibers; to play a ten-string harp; to stone adulterers. The resulting spiritual journey is at once funny",Non-Fiction,Adult
The Whale,35.96,4,In stock,http://books.toscrape.com/catalogue/the-whale_501/index.html,"A wordless epic sea adventure. There is a legend that a Great Spotted Whale lives in the ocean, although a sighting fifty years ago was never corroborated. Now two young whale watchers each set out to find the whale, one armed with sound-recording equipment, the other with a camera. When their boats collide, they pool their resources to capture incontrovertible proof that the mythical whale exists. The eventual sighting is a magical moment, especially when the children discover that it was their own grandparents who first glimpsed the whale fifty years ago. The Murrows’ spectacular wordless adventure is brought to life.",Fantasy,Children
The Story of Art,41.14,4,In stock,http://books.toscrape.com/catalogue/the-story-of-art_500/index.html,"This text is the 16th revised and updated edition of this introduction to art, from the earliest cave paintings to experimental art. Eight new artists from the modern period have been introduced. They are: Corot, Kollwitz, Nolde, de Chirico, Brancussi, Magritte, Nicolson and Morandi. A sequence of new endings have been added, and the captions are now fuller, including the medium and dimension of the works illustrated. Six fold-outs present selected large-scale works. They are: Van Eyck's Ghent Altarpiece, Leonardo's Last Supper, Botticelli's Birth of Venus, Jackson Pollock's One (Number 31, 1950), Van der Weyden's Des",Non-Fiction,Adult
The Origin of Species,10.01,4,In stock,http://books.toscrape.com/catalogue/the-origin-of-species_499/index.html,"The publication of Darwin’s The Origin of Species in 1859 marked a dramatic turning point in scientific thought. The volume had taken Darwin more than twenty years to publish, in part because he envisioned the storm of controversy it was certain to unleash. Indeed, selling out its first edition on its first day, The Origin of Species revolutionized science, philosophy, and theology. Darwin’s reasoned, documented arguments carefully advance his theory of natural selection and his assertion that species were not created all at once by a divine hand but started with a few simple forms that mutated and adapted over time.",Science,Adult
The Great Gatsby,36.05,4,In stock,http://books.toscrape.com/catalogue/the-great-gatsby_498/index.html,"THE GREAT GATSBY, F. Scott Fitzgerald’s third book, stands as the supreme achievement of his career. This exemplary novel of the Jazz Age has been acclaimed by generations of readers. The story of the fabulously wealthy Jay Gatsby and his love for the beautiful Daisy Buchanan, of lavish parties on Long Island at a time when The New York Times noted “gin was the national drink and sex the national obsession,” it is an exquisitely crafted tale of America in the 1920s. The Great Gatsby is one of the great classics of twentieth-century literature.",Fiction,Adult
The Good Girl,49.03,3,In stock,http://books.toscrape.com/catalogue/the-good-girl_497/index.html,"I've been following her for the past few days. I know where she buys her groceries, where she works. I don't know the color of her eyes or what they look like when she's scared. But I will. One night, Mia Dennett enters a bar to meet her on-again, off-again boyfriend. But when he doesn't show, she unwisely leaves with an enigmatic stranger. At first Colin Thatcher seems like a safe one-night stand. But following Colin home will turn out to be the worst mistake of Mia's life. When Colin decides to hide Mia in a secluded cabin in rural Minnesota instead of delivering her to his employers, Mia's mother, Eve, and detect",Thriller,Adult
The Glass Castle,16.24,1,In stock,http://books.toscrape.com/catalogue/the-glass-castle_496/index.html,"The Glass Castle is a remarkable memoir of resilience and redemption, and a revelatory look into a family at once deeply dysfunctional and uniquely vibrant. When sober, Jeannette's brilliant and charismatic father captured his children's imagination, teaching them physics, geology, and how to embrace life fearlessly. But when he drank, he was dishonest and destructive. Her mother was a free spirit who abhorred the idea of domesticity and didn't want the responsibility of raising a family. The Walls children learned to take care of themselves. They fed, clothed, and protected one another, and eventually found their way",Biography,Adult
The Faith of Christopher Hitchens: The Restless Soul of the World's Most Notorious Atheist,39.55,1,In stock,http://books.toscrape.com/catalogue/the-faith-of-christopher-hitchens-the-restless-soul-of-the-worlds-most-notorious-atheist_495/index.html,"“If everyone in the United States had the same qualities of loyalty and care and concern for others that Larry Taunton had, we'd be living in a much better society than we do.” ~ Christopher HitchensAt the time of his death, Christopher Hitchens was the most notorious atheist in the world. And yet, all was not as it seemed. “Nobody is not a divided self, of course,” he once told an interviewer, “but I think it’s rather strong in my case.” Hitchens was a man of many contradictions: a Marxist in youth who longed for acceptance among the social elites; a peacenik who revered the military; a champion of the Left who...",Biography,Adult
The Drowning Girls,35.67,3,In stock,http://books.toscrape.com/catalogue/the-drowning-girls_494/index.html,"Critically acclaimed author of The Mourning Hours and The Fragile World, Paula Treick DeBoard returns with a tale of dark secrets, shocking lies and a dangerous obsession that will change one neighborhood forever. Liz McGinnis never imagined herself living in a luxurious gated community like The Palms. Ever since she and her family moved in, she's felt like an outsider amongst the Stepford-like wives and their obnoxiously spoiled children. Still, she's determined to make it work—if not for herself, then for her husband, Phil, who landed them this lavish home in the first place, and for her daughter, Danielle, who's ab",Fiction,Adult
The Constant Princess (The Tudor Court #1),16.62,3,In stock,http://books.toscrape.com/catalogue/the-constant-princess-the-tudor-court-1_493/index.html,"I am Catalina, Princess of Spain, daughter of the two greatest monarchs the world has ever known...and I will be Queen of England. Thus, bestselling author Philippa Gregory introduces one of her most unforgettable heroines: Katherine of Aragon. Known to history as the Queen who was pushed off her throne by Anne Boleyn, here is a Katherine the world has forgotten: the enchanting princess that all England loved. First married to Henry VIII's older brother, Arthur, Katherine's passion turns their arranged marriage into a love match; but when Arthur dies, the merciless English court and her ambitious parents -- the crus",Historical Fiction,Adult
The Bourne Identity (Jason Bourne #1),42.78,4,In stock,http://books.toscrape.com/catalogue/the-bourne-identity-jason-bourne-1_492/index.html,"Who is Jason Bourne? Is he an assassin, a terrorist, a thief? Why has he got four million dollars in a Swiss bank account? Why has someone tried to murder him? Jason Bourne does not know the answer to any of these questions. Suffering from amnesia, he does not even know that he is Jason Bourne. What manner of man is he? What are his secrets? Who has he killed?",Thriller,Adult
The Bachelor Girl's Guide to Murder (Herringford and Watts Mysteries #1),52.3,5,In stock,http://books.toscrape.com/catalogue/the-bachelor-girls-guide-to-murder-herringford-and-watts-mysteries-1_491/index.html,"In 1910 Toronto, while other bachelor girls perfect their domestic skills and find husbands, two friends perfect their sleuthing skills and find a murderer. Inspired by their fascination with all things Sherlock Holmes, best friends and flatmates Merinda and Jem launch a consulting detective business. The deaths of young Irish women lead Merinda and Jem deeper into the mire of the city's underbelly, where the high hopes of those dreaming to make a new life in Canada are met with prejudice and squalor. While searching for answers, donning disguises, and sneaking around where no proper ladies would ever go, they pair wit.",Mystery,Young Adult
The Art Book,32.34,2,In stock,http://books.toscrape.com/catalogue/the-art-book_490/index.html,"An A to Z guide to 500 great painters and sculptors from medieval to modern times, it debunks art historical classifications by throwing together brilliant examples of all periods, schools, visions and techniques. Each artist is represented by a full-page colour plate of a definitive work, accompanied by explanatory and illuminating information on the image and its creator. Glossaries of artistic movements and technical terms are included, making this a valuable work of reference as well as a feast for the eyes. By breaking with traditional classifications, The Art Book presents a fresh and original approach to art:",Non-Fiction,Adult
The 7 Habits of Highly Effective People: Powerful Lessons in Personal Change,33.17,4,In stock,http://books.toscrape.com/catalogue/the-7-habits-of-highly-effective-people-powerful-lessons-in-personal-change_489/index.html,"In The 7 Habits of Highly Effective People, author Stephen R. Covey presents a holistic, integrated, principle-centered approach for solving personal and professional problems. With penetrating insights and pointed anecdotes, Covey reveals a step-by-step pathway for living with fairness, integrity, service, and human dignity -- principles that give us the security to adapt to change and the wisdom and power to take advantage of the opportunities that change creates.",Self-Help,Adult
Team of Rivals: The Political Genius of Abraham Lincoln,20.12,5,In stock,http://books.toscrape.com/catalogue/team-of-rivals-the-political-genius-of-abraham-lincoln_488/index.html,"The life and times of Abraham Lincoln have been analyzed and dissected in countless books. Do we need another Lincoln biography? In Team of Rivals, esteemed historian Doris Kearns Goodwin proves that we do. Though she can't help but cover some familiar territory, her perspective is focused enough to offer fresh insights into Lincoln's leadership style and his deep understanding of human behavior and motivation. Goodwin makes the case for Lincoln's political genius by examining his relationships with three men he selected for his cabinet, all of whom were opponents for the Republican nomination in 1860: William H. Sew",Biography,Adult
Steal Like an Artist: 10 Things Nobody Told You About Being Creative,20.9,2,In stock,http://books.toscrape.com/catalogue/steal-like-an-artist-10-things-nobody-told-you-about-being-creative_487/index.html,"You don’t need to be a genius, you just need to be yourself. That’s the message from Austin Kleon, a young writer and artist who knows that creativity is everywhere, creativity is for everyone. A manifesto for the digital age, Steal Like an Artist is a guide whose positive message, graphic look and illustrations, exercises, and examples will put readers directly in touch with their artistic side.",Self-Help,Adult
"Sit, Stay, Love",20.9,3,In stock,http://books.toscrape.com/catalogue/sit-stay-love_486/index.html,"Take one abrasive professional athlete, a quirky out-of-work schoolteacher, and an overweight geriatric dog, and you're ready for a lesson in love...Tippy style. Pro baseball pitcher Cal Crawford is not a dog guy. When he inherits his deceased mother's elderly dog, Tippy, he's quick to call on a pet-sitting service. Gina isn't thrilled to be a dog sitter when her aspirations lie in the classroom. Furthermore, she can't abide the unfriendly Cal, a man with all the charm of a wet towel. But with no other prospects and a deep love for all things canine, she takes the job caring for Tippy.",Romance,Adult
Sister Dear,40.2,4,In stock,http://books.toscrape.com/catalogue/sister-dear_485/index.html,"Allie Marshall wants is a fresh start. But when dark secrets refuse to stay buried, will her chance at a new life be shattered forever? Convicted of a crime she didn’t commit, Allie watched a decade of her life vanish – time that can never be recovered. Now, out on parole, Allie is determined to clear her name, rebuild her life, and reconnect with the daughter she barely knows. But Allie’s return home shatters the quaint, coastal community of Brunswick, Georgia. Even her own daughter Caroline, now a teenager, bristles at Allie’s claims of innocence. Refusing defeat, a stronger, smarter Allie launches a battle for",Fiction,Adult
"Shrunken Treasures: Literary Classics, Short, Sweet, and Silly",52.87,3,In stock,http://books.toscrape.com/catalogue/shrunken-treasures-literary-classics-short-sweet-and-silly_484/index.html,"Nine weighty literary classics are transformed into delectable morsels with Scott Nash’s playful versification and whimsical illustration. Can’t stomach all of Frankenstein? Lacking the strength to read The Odyssey? Don’t have 1,001 nights to get through Scheherazade’s ordeal? Never fear, Shrunken Treasures are here! Nine of the world’s best-known stories and books have been reduced, like slowly simmered cherries, to tart and tasty mouthfuls. Lighthearted verse turns Moby-Dick into a simple nursery song. Outrageous color makes even gloomy Hamlet seem like fun. Riotous images transform Jane Eyre’s ordeal into a whirlwi",Fiction,Children
"Rich Dad, Poor Dad",51.74,1,In stock,http://books.toscrape.com/catalogue/rich-dad-poor-dad_483/index.html,"Personal finance author and lecturer Robert T. Kiyosaki developed his unique economic perspective from two very different influences - his two fathers. One father (Robert's real father) was a highly educated man but fiscally poor. The other father was the father of Robert's best friend - that Dad was an eighth-grade drop-out who became a self-made multi-millionaire. The lifelong monetary problems experienced by his poor dad pounded home the counterpoint communicated by his rich dad. Taking that message to heart, Kiyosaki was able to retire at 47.",Non-Fiction,Adult
Raymie Nightingale,34.41,2,In stock,http://books.toscrape.com/catalogue/raymie-nightingale_482/index.html,"Raymie Clarke has come to realize that everything, absolutely everything, depends on her. And she has a plan. If Raymie can win the Little Miss Central Florida Tire competition, then her father, who left town two days ago with a dental hygienist, will see Raymie's picture in the paper and (maybe) come home. To win, not only does Raymie have to do good deeds and learn how to twirl a baton; she also has to contend with the wispy, frequently fainting Louisiana Elefante, who has a show-business background, and the fiery, stubborn Beverly Tapinski, who’s determined to sabotage the contest. But as the competition approaches",Fiction,Young Adult
Playing from the Heart,32.38,1,In stock,http://books.toscrape.com/catalogue/playing-from-the-heart_481/index.html,"Peter H. Reynolds, creator of The Dot, has composed a pitch-perfect tribute to the power of music and the bonds of family. When a young boy begins to play on his family’s piano, reveling in the fun of plunking the keys, his father signs him up for lessons so that he can learn to play properly. With his father’s encouragement, Raj learns notes, then scales, then songs, and finally classical pieces that his father can recognize and be proud of. But the more Raj practices and the more skilled he becomes, the less he enjoys playing, until he grows up and stops playing altogether. But when his father becomes ill and asks Raj",Children,Children
Nightstruck: A Novel,50.35,4,In stock,http://books.toscrape.com/catalogue/nightstruck-a-novel_480/index.html,"It starts with a cry in the night. Becket, walking her dog one winter evening, fears it’s an abandoned baby left out in the cold. But it is something else—something evil—and it tricks Becket into opening a doorway to another realm, letting a darkness into our world, a corruption that begins transforming Philadelphia into a sinister and menacing version of itself…but only at night. The changes are subtle at first, causing Becket to doubt her senses and her sanity. But soon the nightmarish truth is impossible to deny: By day, the city is just a city, but at night it literally comes alive with malevolent purpose.",Fantasy,Adult
"Naturally Lean: 125 Nourishing Gluten-Free, Plant-Based Recipes--All Under 300 Calories",11.38,5,In stock,http://books.toscrape.com/catalogue/naturally-lean-125-nourishing-gluten-free-plant-based-recipes-all-under-300-calories_479/index.html,"When you're hungry for a filling meal, it's easy to go for the unhealthy stuff. Many times, even gluten-free and vegan cuisines can be loaded with sneaky fillers and not-so-good-for-you ingredients. Allyson Kramer proves that low-cal doesn't have to mean low-satisfaction; these gluten-free, plant-based recipes are high in nutrients, have less than 300 calories per serving—and they taste amazing. Dig into Cheesy BBQ Kale Chips, Cinnamon Plum Streusel, Avocado Chick'n Salad, and so much more. There are no fillers, no added or refined sugars, and no processed ingredients you can't pronounce. Whether it's breakfast, lunc",Non-Fiction,Adult
Meternity,43.58,3,In stock,http://books.toscrape.com/catalogue/meternity_478/index.html,"The novel your book club must discuss! Meghann Foye was interviewed on The TODAY Show and The View regarding her new book Meternity. ""A fresh, contemporary take on love and work, marriage and motherhood, Meternity is guaranteed to surprise and delight!"" â€""Emily Giffin, #1 New York Times bestselling author of Something Borrowed and First Comes Love. Like everyone in New York media, editor Liz Buckley runs on cupcakes, caffeine and cocktails. But at thirty-one, she's plateaued at Paddy Cakes, a glossy baby magazine that flogs thousand-dollar strollers to entitled, hypercompetitive spawn-havers. Liz has spent years working",Fiction,Adult
Memoirs of a Geisha,49.67,3,In stock,http://books.toscrape.com/catalogue/memoirs-of-a-geisha_477/index.html,"A literary sensation and runaway bestseller, this brilliant debut novel presents with seamless authenticity and exquisite lyricism the true confessions of one of Japan's most celebrated geisha. In Memoirs of a Geisha, we enter a world where appearances are paramount; where a girl's virginity is auctioned to the highest bidder; where women are trained to beguile the most powerful men; and where love is scorned as illusion. It is a unique and triumphant work of fiction - at once romantic, erotic, suspenseful - and completely unforgettable.",Fiction,Adult
Like Never Before (Walker Family #2),28.77,2,In stock,http://books.toscrape.com/catalogue/like-never-before-walker-family-2_476/index.html,"Maple Valley became Amelia Bentley's haven after her heart and her dreams of a family were shattered. But her new life as a newspaper editor is shaken when the small-town paper is in danger of closing. Her one hope: A lead on an intriguing story that just might impress the new publisher...if only she new who he was. After his biggest campaign success yet, widowed speechwriter Logan Walker now has the chance of a lifetime--a spot on a presidential campaign. But his plans are interrupted when he finds out he's inherited his hometown newspaper. He travels home intent on selling the paper and spending some much-needed time.",Fiction,Adult
Life of Pi,13.22,4,In stock,http://books.toscrape.com/catalogue/life-of-pi_475/index.html,"Life of Pi is a fantasy adventure novel by Yann Martel published in 2001. The protagonist, Piscine Molitor ""Pi"" Patel, a Tamil boy from Pondicherry, explores issues of spirituality and practicality from an early age. He survives 227 days after a shipwreck while stranded on a boat in the Pacific Ocean with a Bengal tiger named Richard Parker.",Fantasy,Young Adult
Leave This Song Behind: Teen Poetry at Its Best,51.17,5,In stock,http://books.toscrape.com/catalogue/leave-this-song-behind-teen-poetry-at-its-best_474/index.html,"It's been 10 years since the last book in the ""Teen Ink"" series ""Written in the Dirt"" was published. Now, a whole new batch of teen writers has emerged with their own unique voices. ""Leave This Song Behind"" features the best poetry submitted by those writers to ""Teen Ink"" over the last five years. The pieces in this book were chosen because they were so powerful that they stood out from the rest. ""Teen Ink"" editors took a deep look into each poem's strengths then divided ""Leave This Song Behind"" into seven sections based on the poetic techniques or qualities that moved them most. Vivid sensory details made some poems",Poetry,Young Adult
King's Folly (The Kinsman Chronicles #1),39.61,5,In stock,http://books.toscrape.com/catalogue/kings-folly-the-kinsman-chronicles-1_473/index.html,"The gods are angry. Volcanic eruptions, sinkholes, ground shakers--everything points to their unhappiness. At least that is what the king of Armania believes. His son, Prince Wilek, thinks his father's superstitions are nonsense, though he remains the ever dutiful heir apparent to the throne. When a messenger arrives and claims that the town of Farway has been swallowed by the earth, the king sends Wilek to investigate. But what Wilek discovers is more cataclysmic than one lost city. Even as the ground shifts beneath his feet, Wilek sets out on a desperate journey to save his people and his world. But can he do it befo",Fantasy,Young Adult
John Adams,57.43,4,In stock,http://books.toscrape.com/catalogue/john-adams_472/index.html,"In this powerful, epic biography, David McCullough unfolds the adventurous life-journey of John Adams, the brilliant, fiercely independent, often irascible, always honest Yankee patriot -- ""the colossus of independence,"" as Thomas Jefferson called him -- who spared nothing in his zeal for the American Revolution; who rose to become the second President of the United States and saved the country from blundering into an unnecessary war; who was learned beyond all but a few and regarded by some as ""out of his senses""; and whose marriage to the wise and valiant Abigail Adams is one of the moving love stories in American",Biography,Adult
How to Cook Everything Vegetarian: Simple Meatless Recipes for Great Food (How to Cook Everything),46.01,4,In stock,http://books.toscrape.com/catalogue/how-to-cook-everything-vegetarian-simple-meatless-recipes-for-great-food-how-to-cook-everything_471/index.html,"The ultimate one-stop vegetarian cookbook-from the author of the classic How to Cook EverythingHailed as ""a more hip Joy of Cooking"" by the Washington Post, Mark Bittman's award-winning book How to Cook Everything has become the bible for a new generation of home cooks, and the series has more than 1 million copies in print. Now, with How to Cook Everything: Vegetarian, Bittman has written the definitive guide to meatless meals-a book that will appeal to everyone who wants to cook simple but delicious meatless dishes, from health-conscious omnivores to passionate vegetarians.",Cookbook,Adult
How to Be a Domestic Goddess: Baking and the Art of Comfort Cooking,28.25,2,In stock,http://books.toscrape.com/catalogue/how-to-be-a-domestic-goddess-baking-and-the-art-of-comfort-cooking_470/index.html,"Nigella Lawson's How to Be a Domestic Goddess is about not only baking, but the enjoyment of being in the kitchen, taking sensuous pleasure in the entire process, and relishing the outcome. Nigella's deliciously reassuring and mouthwatering cookbook demonstrates that it's not terribly difficult to bake a batch of muffins or a layer cake, but the appreciation and satisfaction they bring are disproportionately high. At last, a book that understands our anxieties, feeds our fantasies, and puts cakes, pies, pastries, breads, and biscuits back into our own kitchens.",Cookbook,Adult
Good in Bed (Cannie Shapiro #1),37.05,5,In stock,http://books.toscrape.com/catalogue/good-in-bed-cannie-shapiro-1_469/index.html,"For twenty-eight years, things have been tripping along nicely for Cannie Shapiro. Sure, her mother has come charging out of the closet, and her father has long since dropped out of her world. But she loves her friends, her rat terrier, Nifkin, and her job as pop culture reporter for The Philadelphia Examiner. She's even made a tenuous peace with her plus-size body. But the day she opens up a national women's magazine and sees the words 'Loving a Larger Woman' above her ex-boyfriend's byline, Cannie is plunged into misery...and the most amazing year of her life. From Philadelphia to Hollywood and back home again, she ch",Fiction,Adult
"Fruits Basket, Vol. 7 (Fruits Basket #7)",19.57,1,In stock,http://books.toscrape.com/catalogue/fruits-basket-vol-7-fruits-basket-7_468/index.html,"Tohru and company have been having a lot more fun ever since Kisa came to visit. Now it's time for Tohru to meet another member of the Zodiac - the skillfully sarcastic grade-school student, Hiro! One way or another, this tyke will have to deal with his resentment of Tohru and his affection for Kisa. Where will he find the answers? In the fabulous 7th volume of the super-popular Fruits Basket, of course!",Fantasy,Young Adult
For the Love: Fighting for Grace in a World of Impossible Standards,45.13,3,In stock,http://books.toscrape.com/catalogue/for-the-love-fighting-for-grace-in-a-world-of-impossible-standards_467/index.html,"The popular writer, blogger, and television personality reveals with humor and style how Jesus' extravagant grace is the key to dealing with life's biggest challenge: people. The majority of our joys, struggles, thrills, and heartbreaks relate to people, beginning first with ourselves and then the people we came from, married, birthed, live by, live for, go to church with, don't like, don't understand, fear, struggle with, compare ourselves to, and judge. People are the best and worst thing about the human life. Jen Hatmaker knows this all too well, and so she reveals how to practice kindness, grace, truthfulness, vision.",Self-Help,Adult
Finding God in the Ruins: How God Redeems Pain,46.64,2,In stock,http://books.toscrape.com/catalogue/finding-god-in-the-ruins-how-god-redeems-pain_466/index.html,"When the reality of your pain doesn’t line up with what you’ve been taught in church, then what? While many abandon their faith or embrace hopelessness, it is possible to discover the God who heals your heart in the midst of the pain. Matt Bays has been where you are. His unforgettable stories of loss and healing will usher you into a life where gratitude overpowers anger, hope overcomes despair, and hunger for God replaces indifference to God. With a fresh and original writing style, Bays demonstrates that true redemption is far more powerful than the temporary fixes of sanitized Christianity.",Non-Fiction,Adult
Every Heart a Doorway (Every Heart A Doorway #1),12.16,5,In stock,http://books.toscrape.com/catalogue/every-heart-a-doorway-every-heart-a-doorway-1_465/index.html,"Eleanor West’s Home for Wayward Children No Solicitations No Visitors No Quests Children have always disappeared under the right conditions; slipping through the shadows under a bed or at the back of a wardrobe, tumbling down rabbit holes and into old wells, and emerging somewhere... else. But magical lands have little need for used-up miracle children. Nancy tumbled once, but now she’s back. The things she’s experienced... they change a person. The children under Miss West’s care understand all too well. And each of them is seeking a way back to their own fantasy world. But Nancy’s arrival marks a change at the Home.",Fantasy,Young Adult
Delivering the Truth (Quaker Midwife Mystery #1),20.89,4,In stock,http://books.toscrape.com/catalogue/delivering-the-truth-quaker-midwife-mystery-1_464/index.html,"Quaker midwife Rose Carroll hears secrets and keeps confidences as she attends births of the rich and poor alike in an 1888 Massachusetts mill town. When the town’s world-famed carriage industry is threatened by the work of an arsonist, and a carriage factory owner’s adult son is stabbed to death with Rose's own knitting needle, she is drawn into solving the mystery. Things get dicey after the same owner’s mistress is also murdered, leaving her one-week-old baby without a mother. The Quaker poet and abolitionist John Greenleaf Whittier helps Rose by lending words of advice and support. While struggling",Mystery,Adult
Counted With the Stars (Out from Egypt #1),17.97,5,In stock,http://books.toscrape.com/catalogue/counted-with-the-stars-out-from-egypt-1_463/index.html,"Sold into slavery by her father and forsaken by the man she was supposed to marry, young Egyptian Kiya must serve a mistress who takes pleasure in her humiliation. When terrifying plagues strike Egypt, Kiya is in the middle of it all. To save her older brother and escape the bonds of slavery, Kiya flees with the Hebrews during the Great Exodus. She finds herself utterly dependent on a fearsome God she's only just beginning to learn about, and in love with a man who despises her people. With everything she's ever known swept away, will Kiya turn back t",Historical Fiction,Young Adult
"Chronicles, Vol. 1",52.6,2,In stock,http://books.toscrape.com/catalogue/chronicles-vol-1_462/index.html,"I'd come from a long ways off and had started a long ways down. But now destiny was about to manifest itself. I felt like it was looking right at me and nobody else. So writes Bob Dylan in Chronicles: Volume One, his remarkable book exploring critical junctures in his life and career. Through Dylan's eyes and open mind, we see Greenwich Village, circa 1961, when he first arrives in Manhattan. Dylan's New York is a magical city of possibilities -- smoky, nightlong parties; literary awakenings; transient loves and unbreakable friendships. Elegiac observations are punctuated by jabs of memories, penetrating and tough.",Biography,Adult
Blue Like Jazz: Nonreligious Thoughts on Christian Spirituality,25.77,1,In stock,http://books.toscrape.com/catalogue/blue-like-jazz-nonreligious-thoughts-on-christian-spirituality_461/index.html,"I never liked jazz music because jazz music doesn't resolve. I used to not like God because God didn't resolve. But that was before any of this happened."" ―Donald MillerIn Donald Miller's early years, he was vaguely familiar with a distant God. But when he came to know Jesus Christ, he pursued the Christian life with great zeal. Within a few years he had a successful ministry that ultimately left him feeling empty, burned out, and, once again, far away from God. In this intimate, soul-searching account, Miller describes his remarkable journey back to a culturally relevant, infinitely loving God.",Biography,Adult
Benjamin Franklin: An American Life,48.19,3,In stock,http://books.toscrape.com/catalogue/benjamin-franklin-an-american-life_460/index.html,"Benjamin Franklin is the Founding Father who winks at us. An ambitious urban entrepreneur who rose up the social ladder, from leather-aproned shopkeeper to dining with kings, he seems made of flesh rather than of marble. In bestselling author Walter Isaacson's vivid and witty full-scale biography, we discover why Franklin seems to turn to us from history's stage with eyes that twinkle from behind his new-fangled spectacles. By bringing Franklin to life, Isaacson shows how he helped to define both his own time and ours. He was, during his 84-year life, America's best scientist, inventor, diplomat, writer, and business.",Biography,Adult
"At The Existentialist Café: Freedom, Being, and apricot cocktails with: Jean-Paul Sartre, Simone de Beauvoir, Albert Camus, Martin Heidegger, Edmund Husserl, Karl Jaspers, Maurice Merleau-Ponty and others",29.93,5,In stock,http://books.toscrape.com/catalogue/at-the-existentialist-cafe-freedom-being-and-apricot-cocktails-with-jean-paul-sartre-simone-de-beauvoir-albert-camus-martin-heidegger-edmund-husserl-karl-jaspers-maurice-merleau-ponty-and-others_459/index.html,"Paris, near the turn of 1933. Three young friends meet over apricot cocktails at the Bec-de-Gaz bar on the rue Montparnasse. They are Jean-Paul Sartre, Simone de Beauvoir and their friend Raymond Aron, who opens their eyes to a radical new way of thinking. Pointing to his drink, he says, 'You can make philosophy out of this cocktail!' From this moment of inspiration, Sartre will create his own extraordinary philosophy of real, experienced life – of love and desire, of freedom and being, of cafés and waiters, of friendships and revolutionary fervour. It is a philosophy that will enthral Paris and sweep through the world.",Biography,Adult
A Summer In Europe,44.34,2,In stock,http://books.toscrape.com/catalogue/a-summer-in-europe_458/index.html,"On her thirtieth birthday, Gwendolyn Reese receives an unexpected present from her widowed Aunt Bea: a grand tour of Europe in the company of Bea's Sudoku and Mahjongg Club. The prospect isn't entirely appealing. But when the gift she is expecting--an engagement ring from her boyfriend--doesn't materialize, Gwen decides to go. At first, Gwen approaches the trip as if it's the math homework she assigns her students, diligently checking monuments off her must-see list. But amid the bougainvillea and stunning vistas of southern Italy, something changes. Gwen begins to live in the moment--skipping down stone staircases in",Fiction,Adult
A Short History of Nearly Everything,52.4,5,In stock,http://books.toscrape.com/catalogue/a-short-history-of-nearly-everything_457/index.html,"In Bryson's biggest book, he confronts his greatest challenge: to understand—and, if possible, answer—the oldest, biggest questions we have posed about the universe and ourselves. Taking as territory everything from the Big Bang to the rise of civilization, Bryson seeks to understand how we got from there being nothing at all to there being us. To that end, he has attached himself to a host of the world’s most advanced (and often obsessed) archaeologists, anthropologists, and mathematicians, travelling to their offices, laboratories, and field camps. He has read (or tried to read) their books, pestered them with ques",Non-Fiction,Adult
A Gathering of Shadows (Shades of Magic #2),44.81,4,In stock,http://books.toscrape.com/catalogue/a-gathering-of-shadows-shades-of-magic-2_456/index.html,"It has been four months since a mysterious obsidian stone fell into Kell's possession. Four months since his path crossed with Delilah Bard. Four months since Prince Rhy was wounded, and since the nefarious Dane twins of White London fell, and four months since the stone was cast with Holland's dying body through the rift – back into Black London. Now, restless after having given up his smuggling habit, Kell is visited by dreams of ominous magical events, waking only to think of Lila, who disappeared from the docks as she always meant to do. As Red London finalizes preparations for the Element Games – an extravagant i",Fantasy,Young Adult
The Sound Of Love,57.84,5,In stock,http://books.toscrape.com/catalogue/the-sound-of-love_455/index.html,"Born and raised on her family farm in rural East Tennessee, Danielle Adams always dreamed of moving to Nashville—known in her family as the “big city”. She had the voice of an angel and her skills on the piano put her on par with some of the best pianists in the world. On her twenty-first birthday, Danielle’s parents bought her a one-way ticket to “the big city” and gave her enough money to live for a year. Her parents—along with everyone at their church and all through the town—knew of her talents and felt it was time she shared her GOD-given gifts with the world.Danielle’s life in Nashville starts off rocky, but ev",Fiction,Adult
The Rise and Fall of the Third Reich: A History of Nazi Germany,39.67,2,In stock,http://books.toscrape.com/catalogue/the-rise-and-fall-of-the-third-reich-a-history-of-nazi-germany_454/index.html,"Hitler boasted that The Third Reich would last a thousand years. It lasted only 12. But those 12 years contained some of the most catastrophic events Western civilization has ever known. In The Rise and Fall of the Third Reich, William L. Shirer gave us the definitive book on Hitler's German Empire. Based on his personal experiences as a war correspondent as well as the voluminous documents that came out of Germany after the war, this thrilling account of Hitler's reign is widely acclaimed to be one of the greatest historical works of our time. Now available as an exclusive anniversary edition, this volume is as comp",History,Adult
The Perks of Being a Wallflower,55.02,3,In stock,http://books.toscrape.com/catalogue/the-perks-of-being-a-wallflower_453/index.html,"Charlie is a freshman. And while he's not the biggest geek in the school, he is by no means popular. Shy, introspective, intelligent beyond his years yet socially awkward, he is a wallflower, caught between trying to live his life and trying to run from it. Charlie is attempting to navigate his way through uncharted territory: the world of first dates and mix tapes, family dramas and new friends; the world of sex, drugs, and The Rocky Horror Picture Show, when all one requires is that perfect song on that perfect drive to feel infinite. But he can't stay on the sideline forever. Standing on the fringes of life offers a",Fiction,Young Adult
The Mysterious Affair at Styles (Hercule Poirot #1),24.8,4,In stock,http://books.toscrape.com/catalogue/the-mysterious-affair-at-styles-hercule-poirot-1_452/index.html,"Poirot, a Belgian refugee of the Great War, is settling in England near the home of Emily Inglethorp, who helped him to his new life. His friend Hastings arrives as a guest at her home. When the woman is killed, Poirot uses his detective skills to solve the mystery.",Mystery,Adult
The Man Who Mistook His Wife for a Hat and Other Clinical Tales,59.45,4,In stock,http://books.toscrape.com/catalogue/the-man-who-mistook-his-wife-for-a-hat-and-other-clinical-tales_451/index.html,"In his most extraordinary book, ""one of the great clinical writers of the twentieth century"" (The New York Times) recounts the case histories of patients lost in the bizarre, apparently inescapable world of neurological disorders. Oliver Sacks's The Man Who Mistook His Wife for a Hat tells the stories of individuals afflicted with fantastic perceptual and intellectual aberrations: patients who have lost their memories and with them the greater part of their pasts; who are no longer able to recognize people and common objects; who are stricken with violent tics and grimaces or who shout involuntary obscenities; whose",Non-Fiction,Adult
The Makings of a Fatherless Child,31.58,2,In stock,http://books.toscrape.com/catalogue/the-makings-of-a-fatherless-child_450/index.html,"Chandler Alexander's The Makings of a Fatherless Child is a dark and riveting tale of a young boy, Amel River, growing of age in the Mississippi Delta all while trying to survive a broken home, poverty, fatherlessness, and a voice in his head that won't go away. With the wisdom of a drunken stranger King Lee, the unspoken love of his best friend Sea'Sea, and the innocent eyes of his two-year-old nephew Javion, Amel embarks on an unknown journey of truth, understanding, and forgiveness, hoping that his journey will lead him to experience his ultimate definition of freedom, a life worth living.",Fiction,Young Adult
The Joy of Cooking,43.27,4,In stock,http://books.toscrape.com/catalogue/the-joy-of-cooking_449/index.html,"Since its original publication, Joy of Cooking has been the most authoritative cookbook in America, the one upon which millions of cooks have confidently relied for more than sixty-five years. It's the book your grandmother and mother probably learned to cook from, the book you gave your sister when she got married. This, the first revision in more than twenty years, is better than ever. Here's why: Every chapter has been rethought with an emphasis on freshness, convenience, and health. All the recipes have been reconceived and tested with an eye to modern taste, and the cooking knowledge imparted with each subject en",Non-Fiction,Adult
The Invention of Wings,37.34,1,In stock,http://books.toscrape.com/catalogue/the-invention-of-wings_448/index.html,"Writing at the height of her narrative and imaginative gifts, Sue Monk Kidd presents a masterpiece of hope, daring, the quest for freedom, and the desire to have a voice in the world—and it is now the newest Oprah’s Book Club 2.0 selection.Hetty “Handful” Grimke, an urban slave in early nineteenth century Charleston, yearns for life beyond the suffocating walls that enclose her within the wealthy Grimke household. The Grimke’s daughter, Sarah, has known from an early age she is meant to do something large in the world, but she is hemmed in by the limits imposed on women.Kidd’s sweeping novel is set in motion on Sarah",Fiction,Adult
The Hobbit (Middle-Earth Universe),17.8,5,In stock,http://books.toscrape.com/catalogue/the-hobbit-middle-earth-universe_447/index.html,"In a hole in the ground there lived a hobbit. Not a nasty, dirty, wet hole, filled with the ends of worms and an oozy smell, nor yet a dry, bare, sandy hole with nothing in it to sit down on or to eat: it was a hobbit-hole, and that means comfort. Written for J.R.R. Tolkien’s own children, The Hobbit met with instant critical acclaim when it was first published in 1937. Now recognized as a timeless classic, this introduction to the hobbit Bilbo Baggins, the wizard Gandalf, Gollum, and the spectacular world of Middle-earth recounts of the adventures of a reluctant hero, a powerful and dangerous ring, and the cruel drag",Fantasy,Children
The Great Railway Bazaar,30.54,1,In stock,http://books.toscrape.com/catalogue/the-great-railway-bazaar_446/index.html,"First published more than thirty years ago, Paul Theroux's strange, unique, and hugely entertaining railway odyssey has become a modern classic of travel literature. Here Theroux recounts his early adventures on an unusual grand continental tour. Asia's fabled trains -- the Orient Express, the Khyber Pass Local, the Frontier Mail, the Golden Arrow to Kuala Lumpur, the Mandalay Express, the Trans-Siberian Express -- are the stars of a journey that takes him on a loop eastbound from London's Victoria Station to Tokyo Central, then back from Japan on the Trans-Siberian. Brimming with Theroux's signature humor and wry ob",Travel,Adult
The Golden Compass (His Dark Materials #1),18.77,1,In stock,http://books.toscrape.com/catalogue/the-golden-compass-his-dark-materials-1_445/index.html,"Here lives an orphaned ward named Lyra Belacqua, whose carefree life among the scholars at Oxford's Jordan College is shattered by the arrival of two powerful visitors. First, her fearsome uncle, Lord Asriel, appears with evidence of mystery and danger in the far North, including photographs of a mysterious celestial phenomenon called Dust and the dim outline of a city suspended in the Aurora Borealis that he suspects is part of an alternate universe. He leaves Lyra in the care of Mrs. Coulter, an enigmatic scholar and explorer who offers to give Lyra the attention her uncle has long refused her. In this multilayered",Fantasy,Young Adult
The God Delusion,46.85,3,In stock,http://books.toscrape.com/catalogue/the-god-delusion_444/index.html,"A preeminent scientist -- and the world's most prominent atheist -- asserts the irrationality of belief in God and the grievous harm religion has inflicted on society, from the Crusades to 9/11. With rigor and wit, Dawkins examines God in all his forms, from the sex-obsessed tyrant of the Old Testament to the more benign (but still illogical) Celestial Watchmaker favored by some Enlightenment thinkers. He eviscerates the major arguments for religion and demonstrates the supreme improbability of a supreme being. He shows how religion fuels war, foments bigotry, and abuses children, buttressing his points with historical.",Non-Fiction,Adult
The Girl You Left Behind (The Girl You Left Behind #1),15.79,1,In stock,http://books.toscrape.com/catalogue/the-girl-you-left-behind-the-girl-you-left-behind-1_443/index.html,"What happened to the girl you left behind? In 1916, French artist Edouard Lefevre leaves his wife Sophie to fight at the Front. When her town falls into German hands, his portrait of Sophie stirs the heart of the local Kommandant and causes her to risk everything - her family, reputation and life—in the hope of seeing her true love one last time. Nearly a century later and Sophie's portrait is given to Liv by her young husband shortly before his sudden death. Its beauty speaks of their short life together, but when the painting's dark and passion-torn history is revealed, Liv discovers that the first spark of love she",Fiction,Adult
The Fellowship of the Ring (The Lord of the Rings #1),10.27,2,In stock,http://books.toscrape.com/catalogue/the-fellowship-of-the-ring-the-lord-of-the-rings-1_442/index.html,Frodo Baggins knew the Ringwraiths were searching for him—and the Ring of Power he bore that would enable Sauron to destroy all that was good in Middle-earth. Now it was up to Frodo and his faithful servant Sam to carry the Ring to where it could be destroyed—in the very center of Sauron's dark kingdom.,Fantasy,Adult
The Collected Poems of W.B. Yeats (The Collected Works of W.B. Yeats #1),15.42,5,In stock,http://books.toscrape.com/catalogue/the-collected-poems-of-wb-yeats-the-collected-works-of-wb-yeats-1_441/index.html,"The Collected Poems of W. B. Yeats includes all of the poems authorized by Yeats for inclusion in his standard canon. Breathtaking in range, it encompasses the entire arc of his career, from luminous reworking of ancient Irish myths and legends to passionate meditations on the demands and rewards of youth and old age, from exquisite, occasionally whimsical songs of love, nature, and art to somber and angry poems of life in a nation torn by war and uprising. In observing the development of rich and recurring images and themes over the course of his body of work, we can trace the quest of this century's greatest poet.",Poetry,Adult
The Barefoot Contessa Cookbook,59.92,5,In stock,http://books.toscrape.com/catalogue/the-barefoot-contessa-cookbook_440/index.html,"For more than twenty years, Barefoot Contessa, the acclaimed specialty food store, has been cooking and baking extraordinary dishes for enthusiastic customers in the Hamptons. For many of those years, people have tried to get the exuberant owner, Ina Garten, to share the secrets of her store. Finally, the energy and style that make Barefoot Contessa such a special place are shown here, with dozens of recipes and more than 160 breathtaking photographs, in The Barefoot Contessa Cookbook. Ina's most popular recipes use familiar ingredients, but they taste even better than you would expect. Her Pan-Fried Onion Dip is the",Cookbook,Adult
Tell the Wolves I'm Home,50.96,2,In stock,http://books.toscrape.com/catalogue/tell-the-wolves-im-home_439/index.html,"In this striking literary debut, Carol Rifka Brunt unfolds a moving story of love, grief, and renewal as two lonely people become the unlikeliest of friends and find that sometimes you don’t know you’ve lost someone until you’ve found them.1987. There’s only one person who has ever truly understood fourteen-year-old June Elbus, and that’s her uncle, the renowned painter Finn Weiss. Shy at school and distant from her older sister, June can only be herself in Finn’s company; he is her godfather, confidant, and best friend. So when he dies, far too young, of a mysterious illness her mother can barely speak about, June’s",Fiction,Young Adult
Ship Leaves Harbor: Essays on Travel by a Recovering Journeyman,30.6,3,In stock,http://books.toscrape.com/catalogue/ship-leaves-harbor-essays-on-travel-by-a-recovering-journeyman_438/index.html,"Still scarred from the theft of his belongings in Barcelona, the author returns stateside to reassess his dreams for future travel and struggling to regain his love of the journey. From short trips along the eastern U.S. seaboard, the author conquers his demons when he takes his family and returns to Paris, before heading to a new destination: Lisbon, Portugal.",Travel,Adult
Pride and Prejudice,19.27,4,In stock,http://books.toscrape.com/catalogue/pride-and-prejudice_437/index.html,"It is a truth universally acknowledged, that a single man in possession of a good fortune must be in want of a wife. So begins Pride and Prejudice, Jane Austen's witty comedy of manners--one of the most popular novels of all time--that features splendidly civilized sparring between the proud Mr. Darcy and the prejudiced Elizabeth Bennet as they play out their spirited courtship in a series of eighteenth-century drawing-room intrigues.",Fiction,Adult
Musicophilia: Tales of Music and the Brain,46.58,1,In stock,http://books.toscrape.com/catalogue/musicophilia-tales-of-music-and-the-brain_436/index.html,"What goes on in human beings when they make or listen to music? What is it about music, what gives it such peculiar power over us, power delectable and beneficent for the most part, but also capable of uncontrollable and sometimes destructive force? Music has no concepts, it lacks images; it has no power of representation, it has no relation to the world. And yet it is evident in all of us–we tap our feet, we keep time, hum, sing, conduct music, mirror the melodic contours and feelings of what we hear in our movements and expressions. In this book, Oliver Sacks explores the power music wields over us–a power that some",Non-Fiction,Adult
Mere Christianity,48.51,3,In stock,http://books.toscrape.com/catalogue/mere-christianity_435/index.html,"Mere Christianity is C.S. Lewis's forceful and accessible doctrine of Christian belief. First heard as informal radio broadcasts and then published as three separate books - The Case for Christianity, Christian Behavior, and Beyond Personality - Mere Christianity brings together what Lewis saw as the fundamental truths of the religion. Rejecting the boundaries that divide Christianity's many denominations, C.S. Lewis finds a common ground on which all those who have Christian faith can stand together, proving that ""at the centre of each there is something, or a Someone, who against all divergences of belief, all diffe",Non-Fiction,Adult
Me Before You (Me Before You #1),19.02,1,In stock,http://books.toscrape.com/catalogue/me-before-you-me-before-you-1_434/index.html,Lou Clark knows lots of things. She knows how many footsteps there are between the bus stop and home. She knows she likes working in The Buttered Bun tea shop and she knows she might not love her boyfriend Patrick. What Lou doesn't know is she's about to lose her job or that knowing what's coming is what keeps her sane. Will Traynor knows his motorcycle accident took away his desire to live. He knows everything feels very small and rather joyless now and he knows exactly how he's going to put a stop to that. What Will doesn't know is that Lou is about to burst into his world in a riot of colour.,Fiction,Adult
In the Woods (Dublin Murder Squad #1),38.38,2,In stock,http://books.toscrape.com/catalogue/in-the-woods-dublin-murder-squad-1_433/index.html,"A gorgeously written novel that marks the debut of an astonishing new voice in psychological suspense. As dusk approaches a small Dublin suburb in the summer of 1984, mothers begin to call their children home. But on this warm evening, three children do not return from the dark and silent woods. When the police arrive, they find only one of the children. He is gripping a tree trunk in terror, wearing blood-filled sneakers and unable to recall a single detail of the previous hours. Twenty years later, the found boy, Rob Ryan, is a detective on the Dublin Murder Squad and keeps his past a secret.",Thriller,Adult
In Cold Blood,49.98,4,In stock,http://books.toscrape.com/catalogue/in-cold-blood_432/index.html,"On November 15, 1959, in the small town of Holcomb, Kansas, four members of the Clutter family were savagely murdered by blasts from a shotgun held a few inches from their faces. There was no apparent motive for the crime, and there were almost no clues. As Truman Capote reconstructs the murder and the investigation that led to the capture, trial, and execution of the killers, he generates both mesmerizing suspense and astonishing empathy. In Cold Blood is a work that transcends its moment, yielding poignant insights into the nature of American violence.",Non-Fiction,Adult
How to Stop Worrying and Start Living,46.49,5,In stock,http://books.toscrape.com/catalogue/how-to-stop-worrying-and-start-living_431/index.html,"Learn how to break the worry habit -- Now and forever! With Dale Carnegie's timeless advice in hand, more than six million people have learned how to eliminate debilitating fear and worry from their lives and to embrace a worry-free future. In this classic work, How to Stop Worrying and Start Living, Carnegie offers a set of practical formulas that you can put to work today. It is a book packed with lessons that will last a lifetime and make that lifetime happier! DISCOVER HOW TO: Eliminate fifty percent of business worries immediatelyReduce financial worriesAvoid fatigue -- and keep looking youngAdd one hour a day to",Self-Help,Adult
Give It Back,18.32,2,In stock,http://books.toscrape.com/catalogue/give-it-back_430/index.html,"This novel follows three characters: Lorraine, Lexy, and Ella. Lorraine: Not long ago, Lorraine lost her husband to another woman. She thought that was the worst thing that could happen to her, but soon she realizes it’s just the beginning of an everlasting nightmare. Lexy: Lexy, an au pair from London, moves to Seattle to help Lorraine with her infant son. But she didn’t come for the child…she came for something else. Ella: When Ella receives a call from her sister, Lorraine, who begs her to leave San Diego to spend time with her, she decides to take a few days off from work to visit her.",Fiction,Adult
"Girl, Interrupted",42.14,3,In stock,http://books.toscrape.com/catalogue/girl-interrupted_429/index.html,"In 1967, after a session with a psychiatrist she'd never seen before, eighteen-year-old Susanna Kaysen was put in a taxi and sent to McLean Hospital. She spent most of the next two years on the ward for teenage girls in a psychiatric hospital as renowned for its famous clientele -- Sylvia Plath, Robert Lowell, James Taylor, and Ray Charles -- as for its progressive methods of treating those who could afford its sanctuary. Kaysen's memoir encompasses horror and razor-edged perception while providing vivid portraits of her fellow patients and their keepers. It is a brilliant evocation of",Biography,Adult
Fun Home: A Family Tragicomic,56.59,4,In stock,http://books.toscrape.com/catalogue/fun-home-a-family-tragicomic_428/index.html,"In this graphic memoir, Alison Bechdel charts her fraught relationship with her late father. Distant and exacting, Bruce Bechdel was an English teacher and director of the town funeral home, which Alison and her family referred to as the Fun Home. It was not until college that Alison, who had recently come out as a lesbian, discovered that her father was also gay. A few weeks after this revelation, he was dead, leaving a legacy of mystery for his daughter to resolve.",Biography,Adult
"Fruits Basket, Vol. 6 (Fruits Basket #6)",20.96,4,In stock,http://books.toscrape.com/catalogue/fruits-basket-vol-6-fruits-basket-6_427/index.html,"Delving into the recesses of Kyo's past, we find the Sohma trio returning home on a rainy day. There, a mysterious man who has known Kyo for a long time meets them. Trust, loyalty and the bonds of family and friendship are tested, as Tohru must help Kyo deal with the 'monsters' that he's been trying to avoid.",Fiction,Young Adult
Deception Point,40.32,4,In stock,http://books.toscrape.com/catalogue/deception-point_426/index.html,"When a new NASA satellite spots evidence of an astonishingly rare object buried deep in the Arctic ice, the floundering space agency proclaims a much-needed victory...a victory that has profound implications for U.S. space policy and the impending presidential election. With the Oval Office in the balance, the President dispatches White House Intelligence analyst Rachel Sexton to the Milne Ice Shelf to verify the authenticity of the find. Accompanied by a team of experts, including the charismatic academic Michael Tolland, Rachel uncovers the unthinkable: evidence of scientific trickery -- a bold deception that threa",Thriller,Adult
"Death Note, Vol. 6: Give-and-Take (Death Note #6)",36.39,3,In stock,http://books.toscrape.com/catalogue/death-note-vol-6-give-and-take-death-note-6_425/index.html,"Light Yagami is an ace student with great prospects - and he's bored out of his mind. But all that changes when he finds the Death Note, a notebook dropped by a rogue Shinigami death god. Any human whose name is written in the notebook dies, and now Light has vowed to use the power of the Death Note to rid the world of evil. But when criminals begin dropping dead, the authorities send the legendary detective L to track down the killer. With L hot on his heels, will Light lose sight of his noble goal...or his life?",Fantasy,Young Adult
Catherine the Great: Portrait of a Woman,58.55,4,In stock,http://books.toscrape.com/catalogue/catherine-the-great-portrait-of-a-woman_424/index.html,"Pulitzer Prize winner Massie offers the tale of a princess who went to Russia at 14 and became one of the most powerful women in history. Born into minor German nobility, she transformed herself into an empress by sheer determination. Possessing a brilliant, curious mind, she devoured the works of Enlightenment philosophers, and reaching the throne, tried using their principles to rule the vast, backward empire. She knew or corresponded with notable figures of her time: Voltaire, Diderot, Frederick the Great, Maria Theresa of Austria, Marie Antoinette & John Paul Jones. Wanting to be the “benevolent despot” Montesquieu envisioned, she sought to modernize Russia and improve the lives of her subjects.",Biography,Adult
Better Homes and Gardens New Cook Book,39.61,3,In stock,http://books.toscrape.com/catalogue/better-homes-and-gardens-new-cook-book_423/index.html,"Features: Over 900 new recipes -- 1,200 in all-reflect current eating habits and lifestyles; 500 new photographs -- over 700 in all-including 60 percent more of finished food than the last edition; Dozens of new recipes offer ethnic flavours, fresh ingredients, or vegetarian appeal; Many recipes feature make-ahead directions or quick-to-the-table meals; New chapter provides recipes for crockery cookers; Efficient, easy-to-read format, with recipes categorised into 21 chapters, each thoroughly indexed for easy reference; Expanded chapter on cooking basics includes advice on food safety, menu planning, table setting, a",Non-Fiction,Adult
An Unquiet Mind: A Memoir of Moods and Madness,21.3,3,In stock,http://books.toscrape.com/catalogue/an-unquiet-mind-a-memoir-of-moods-and-madness_422/index.html,"In her bestselling classic, An Unquiet Mind, Kay Redfield Jamison changed the way we think about moods and madness. Dr. Jamison is one of the foremost authorities on manic-depressive (bipolar) illness; she has also experienced it firsthand. For even while she was pursuing her career in academic medicine, Jamison found herself succumbing to the same exhilarating highs and catastrophic depressions that afflicted many of her patients, as her disorder launched her into ruinous spending sprees, episodes of violence, and an attempted suicide. Here Jamison examines bipolar illness from the dual",Biography,Adult
A Year in Provence (Provence #1),56.88,4,In stock,http://books.toscrape.com/catalogue/a-year-in-provence-provence-1_421/index.html,"In this witty and warm-hearted account, Peter Mayle tells what it is like to realize a long-cherished dream and actually move into a 200-year-old stone farmhouse in the remote country of the Lubéron with his wife and two large dogs. He endures January's frosty mistral as it comes howling down the Rhône Valley, discovers the secrets of goat racing through the middle of town, and delights in the glorious regional cuisine. A Year in Provence transports us into all the earthy pleasures of Provençal life and lets us live vicariously at a tempo governed by seasons, not by days.",Non-Fiction,Adult
World Without End (The Pillars of the Earth #2),32.97,4,In stock,http://books.toscrape.com/catalogue/world-without-end-the-pillars-of-the-earth-2_420/index.html,"Eighteen years after the publication of The Pillars of the Earth, Ken Follett has written the long awaited sequel, World Without End. World Without End takes place in the same town of Kingsbridge, two centuries after the townspeople finished building the exquisite Gothic cathedral that was at the heart of The Pillars of the Earth. The cathedral and the priory are again at the center of a web of love and hate, greed and pride, ambition and revenge, but this sequel stands on its own. This time, the men and women among an extraordinary cast of characters find themselves at a crossroad of new ideas -- about medicine,",Fiction,Adult
"Will Grayson, Will Grayson (Will Grayson, Will Grayson)",47.31,4,In stock,http://books.toscrape.com/catalogue/will-grayson-will-grayson-will-grayson-will-grayson_419/index.html,"Will Grayson meets Will Grayson. One cold night, in a most unlikely corner of Chicago, two strangers are about to cross paths. From that moment on, their world will collide and lives intertwine. It's not that far from Evanston to Naperville, but Chicago suburbanites Will Grayson and Will Grayson might as well live on different planets. When fate delivers them both to the same surprising crossroads, the Will Graysons find their lives overlapping and hurtling in new and unexpected directions. With a push from friends new and old - including the massive, and massively fabulous, Tiny Cooper, offensive lineman and musical.",Fiction,Young Adult
Why Save the Bankers?: And Other Essays on Our Economic and Political Crisis,48.67,2,In stock,http://books.toscrape.com/catalogue/why-save-the-bankers-and-other-essays-on-our-economic-and-political-crisis_418/index.html,"Incisive commentary on the financial meltdown and its aftermath, from the author of the bestselling global phenomenon Capital in the Twenty-First Century Thomas Piketty's work has proved that unfettered markets lead to increasing inequality. Without meaningful regulation, capitalist economies will concentrate wealth in an ever smaller number of hands. Armed with this knowledge, democratic societies face a defining challenge: fending off a new aristocracy. For years, Piketty has wrestled with this problem in his monthly newspaper column, which pierces the surface of current events to reveal the economic forces underne",Non-Fiction,Adult
Where She Went (If I Stay #2),41.73,4,In stock,http://books.toscrape.com/catalogue/where-she-went-if-i-stay-2_417/index.html,"It's been three years since the devastating accident . . . three years since Mia walked out of Adam's life forever. Now living on opposite coasts, Mia is Juilliard's rising star and Adam is LA tabloid fodder, thanks to his new rock star status and celebrity girlfriend. When Adam gets stuck in New York by himself, chance brings the couple together again, for one last night. As they explore the city that has become Mia's home, Adam and Mia revisit the past and open their hearts to the future - and each other. Told from Adam's point of view in the spare, lyrical prose that defined If I Stay, Where She Went explores the dev",Fiction,Young Adult
What If?: Serious Scientific Answers to Absurd Hypothetical Questions,53.68,4,In stock,http://books.toscrape.com/catalogue/what-if-serious-scientific-answers-to-absurd-hypothetical-questions_416/index.html,"Randall Munroe left NASA in 2005 to start up his hugely popular site XKCD 'a web comic of romance, sarcasm, math and language' which offers a witty take on the world of science and geeks. It now has 600,000 to a million page hits daily. Every now and then, Munroe would get emails asking him to arbitrate a science debate. 'My friend and I were arguing about what would happen if a bullet got struck by lightning, and we agreed that you should resolve it . . . ' He liked these questions so much that he started up What If. If your cells suddenly lost the power to divide, how long would you survive? How dangerous is it, re",Non-Fiction,Adult
Two Summers,14.64,1,In stock,http://books.toscrape.com/catalogue/two-summers_415/index.html,"ONE SUMMER in the French countryside, among sun-kissed fields of lavender . . . ANOTHER SUMMER in upstate New York, along familiar roads that lead to surprises . . . When Summer Everett makes a split-second decision, her summer divides into two parallel worlds. In one, she travels to France, where she’s dreamed of going: a land of chocolate croissants, handsome boys, and art museums. In the other, she remains home, in her ordinary suburb, where she expects her ordinary life to continue — but nothing is as it seems. In both summers, she will fall in love and discover new sides of herself. What may break her, though, is",Fiction,Young Adult
This Is Your Brain on Music: The Science of a Human Obsession,38.4,1,In stock,http://books.toscrape.com/catalogue/this-is-your-brain-on-music-the-science-of-a-human-obsession_414/index.html,"Whether you load your iPod with Bach or Bono, music has a significant role in your life—even if you never realized it. Why does music evoke such powerful moods? The answers are at last becoming clear, thanks to revolutionary neuroscience and the emerging field of evolutionary psychology. Both a cutting-edge study and a tribute to the beauty of music itself, This Is Your Brain on Music unravels a host of mysteries that affect everything from pop culture to our understanding of human nature, including: • Are our musical preferences shaped in utero? • Is there a cutoff point for acquiring new tastes in music?",Non-Fiction,Adult
The Secret Garden,15.08,4,In stock,http://books.toscrape.com/catalogue/the-secret-garden_413/index.html,"When orphaned Mary Lennox comes to live at her uncle's great house on the Yorkshire Moors, she finds it full of secrets. The mansion has nearly one hundred rooms, and her uncle keeps himself locked up. And at night, she hears the sound of crying down one of the long corridors. The gardens surrounding the large property are Mary's only escape. Then, Mary discovers a secret garden, surrounded by walls and locked with a missing key. One day, with the help of two unexpected companions, she discovers a way in. Is everything in the garden dead, or can Mary bring it back to life?",Fiction,Children
The Raven King (The Raven Cycle #4),30.57,2,In stock,http://books.toscrape.com/catalogue/the-raven-king-the-raven-cycle-4_412/index.html,"Nothing living is safe. Nothing dead is to be trusted. For years, Gansey has been on a quest to find a lost king. One by one, he’s drawn others into this quest: Ronan, who steals from dreams; Adam, whose life is no longer his own; Noah, whose life is no longer a lie; and Blue, who loves Gansey…and is certain she is destined to kill him. Now the endgame has begun. Dreams and nightmares are converging. Love and loss are inseparable. And the quest refuses to be pinned to a path.",Fantasy,Young Adult
The Raven Boys (The Raven Cycle #1),57.74,4,In stock,http://books.toscrape.com/catalogue/the-raven-boys-the-raven-cycle-1_411/index.html,"Every year, Blue Sargent stands next to her clairvoyant mother as the soon-to-be dead walk past. Blue never sees them--until this year, when a boy emerges from the dark and speaks to her. His name is Gansey, a rich student at Aglionby, the local private school. Blue has a policy of staying away from Aglionby boys. Known as Raven Boys, they can only mean trouble. But Blue is drawn to Gansey, in a way she can't entirely explain. He is on a quest that has encompassed three other Raven Boys: Adam, the scholarship student who resents the privilege around him; Ronan, the fierce soul whose emotions range from anger to despair;",Fantasy,Young Adult
The Power Greens Cookbook: 140 Delicious Superfood Recipes,11.05,5,In stock,http://books.toscrape.com/catalogue/the-power-greens-cookbook-140-delicious-superfood-recipes_410/index.html,"The Power Greens Cookbook presents 140 delicious, healthy recipes for dark, leafy greens that will please your palate and inspire you to clean your plate. Kale and collards don’t have to be the only greens on your shopping list anymore. Rising stars include romaine and parsley, Brussels sprouts and beet greens, and more. But say the words “Eat your greens,” and even though we know they’re good for us, many people are afraid that they won’t taste good. Fear no more! The Power Greens Cookbook provides go-to recipes that are both nutritious and delicious. Acclaimed cookbook author and blogger Dana Jacobi expands your c",Cookbook,Adult
The Metamorphosis,28.58,1,In stock,http://books.toscrape.com/catalogue/the-metamorphosis_409/index.html,"As Gregor Samsa awoke one morning from uneasy dreams he found himself transformed in his bed into a gigantic insect. He was laying on his hard, as it were armor-plated, back and when he lifted his head a little he could see his domelike brown belly divided into stiff arched segments on top of which the bed quilt could hardly keep in position and was about to slide off completely. His numerous legs, which were pitifully thin compared to the rest of his bulk, waved helplessly before his eyes. With this startling, bizarre, yet surprisingly funny first opening, Kafka begins his masterpiece, The Metamorphosis.",Fiction,Adult
The Mathews Men: Seven Brothers and the War Against Hitler's U-boats,42.91,5,In stock,http://books.toscrape.com/catalogue/the-mathews-men-seven-brothers-and-the-war-against-hitlers-u-boats_408/index.html,"One of the last unheralded heroic stories of World War II: the U-boat assault off the American coast against the men of the U.S. Merchant Marine who were supplying the European war, and one community’s monumental contribution to that effortPraise for The Mathews Men“The German U-Boat war against American merchant men was deadly and dramatic—in World War II, the U.S. Merchant Marine had twice the fatality rate of the U.S. Navy. William Geroux has unearthed a fascinating tale of one small coastal town caught in the thick of the fight, and he tells it with a sharp reporter’s eye and a real feel for the heroic men who we",History,Adult
The Little Paris Bookshop,24.73,3,In stock,http://books.toscrape.com/catalogue/the-little-paris-bookshop_407/index.html,"Monsieur Perdu calls himself a literary apothecary. From his floating bookstore in a barge on the Seine, he prescribes novels for the hardships of life. Using his intuitive feel for the exact book a reader needs, Perdu mends broken hearts and souls. The only person he can't seem to heal through his books is himself.",Fiction,Adult
The Hiding Place,55.91,4,In stock,http://books.toscrape.com/catalogue/the-hiding-place_406/index.html,"At one time Corrie ten Boom would have laughed at the Idea that there would ever be a story to tell. For the first fifty years of her life nothing at all out of the ordinary had ever happened to her. She was an old-maid watchmaker living contentedly with her spinster sister and their elderly father in the tiny Dutch house over their shop. Their uneventful days, as regulated as their own watches, revolved around their abiding love for one another. However, with the Nazi invasion and occupation of Holland, a story did ensue. Corrie ten Boom and her family became leaders in the Dutch Underground, hiding Jewish people in",Biography,Adult
The Grand Design,13.76,3,In stock,http://books.toscrape.com/catalogue/the-grand-design_405/index.html,"THE FIRST MAJOR WORK IN NEARLY A DECADE BY ONE OF THE WORLD’S GREAT THINKERS—A MARVELOUSLY CONCISE BOOK WITH NEW ANSWERS TO THE ULTIMATE QUESTIONS OF LIFEWhen and how did the universe begin? Why are we here? Why is there something rather than nothing? What is the nature of reality? Why are the laws of nature so finely tuned as to allow for the existence of beings like ourselves? And, finally, is the apparent “grand design” of our universe evidence of a benevolent creator who set things in motion—or does science offer another explanation? The most fundamental questions about the origins of the universe and of life it",Non-Fiction,Adult
The Firm,45.56,3,In stock,http://books.toscrape.com/catalogue/the-firm_404/index.html,"When Mitch McDeere signed on with Bendini, Lambert & Locke of Memphis, he thought that he and his beautiful wife, Abby, were on their way. The firm leased him a BMW, paid off his school loans, arranged a mortgage, and hired the McDeeres a decorator. Mitch should have remembered what his brother Ray–doing fifteen years in a Tennessee jail–already knew: You never get nothing for nothing. Now the FBI has the lowdown on Mitch’s firm and needs his help. Mitch is caught between a rock and a hard place, with no choice–if he wants to live.",Thriller,Adult
The Fault in Our Stars,47.22,1,In stock,http://books.toscrape.com/catalogue/the-fault-in-our-stars_403/index.html,"Despite the tumor-shrinking medical miracle that has bought her a few years, Hazel has never been anything but terminal, her final chapter inscribed upon diagnosis. But when a gorgeous plot twist named Augustus Waters suddenly appears at Cancer Kid Support Group, Hazel's story is about to be completely rewritten. Insightful, bold, irreverent, and raw, The Fault in Our Stars is award-winning author John Green's most ambitious and heartbreaking work yet, brilliantly exploring the funny, thrilling, and tragic business of being alive and in love.",Fiction,Young Adult
The False Prince (The Ascendance Trilogy #1),56.0,5,In stock,http://books.toscrape.com/catalogue/the-false-prince-the-ascendance-trilogy-1_402/index.html,"The False Prince is the thrilling first book in a brand-new trilogy filled with danger and deceit and hidden identities that will have readers rushing breathlessly to the end. In a discontent kingdom, civil war is brewing. To unify the divided people, Conner, a nobleman of the court, devises a cunning plan to find an impersonator of the king’s long-lost son and install him as a puppet prince. Four orphans are recruited to compete for the role, including a defiant boy named Sage. Sage knows that Conner’s motives are more than questionable, yet his life balances on a sword’s point—he must be chosen to play the prince or",Fantasy,Young Adult
The Expatriates,44.58,2,In stock,http://books.toscrape.com/catalogue/the-expatriates_401/index.html,"A female, funny Henry James in Asia, Janice Y. K. Lee is vividly good on the subject of Americans abroad.” —The New York Times Book Review“Sex and the City meets Lost in Translation.” —The SkimmJanice Y. K. Lee’s New York Times bestselling debut, The Piano Teacher, was called “immensely satisfying” by People, “intensely readable” by O, The Oprah Magazine, and “a rare and exquisite story” by Elizabeth Gilbert. Now, in her long-awaited new novel, Lee explores with devastating poignancy the emotions, identities, and relationships of three very different American women living in the same small expat community in Hong Kong.",Fiction,Adult
The Dream Thieves (The Raven Cycle #2),34.5,1,In stock,http://books.toscrape.com/catalogue/the-dream-thieves-the-raven-cycle-2_400/index.html,"If you could steal things from dreams, what would you take? Ronan Lynch has secrets. Some he keeps from others. Some he keeps from himself. One secret: Ronan can bring things out of his dreams. And sometimes he's not the only one who wants those things. Ronan is one of the raven boys—a group of friends, practically brothers, searching for a dead king named Glendower, who they think is hidden somewhere in the hills by their elite private school, Aglionby Academy. The path to Glendower has long lived as an undercurrent beneath town. But now, like Ronan's secrets, it is beginning to rise to the surface—changing everything in",Fantasy,Young Adult
The Darkest Corners,11.33,5,In stock,http://books.toscrape.com/catalogue/the-darkest-corners_399/index.html,"The Darkest Corners is a psychological thriller about the lies little girls tell, and the deadly truths those lies become. There are ghosts around every corner in Fayette, Pennsylvania. Tessa left when she was nine and has been trying ever since not to think about it after what happened there that last summer. Memories of things so dark will burn themselves into your mind if you let them. Callie never left. She moved to another house, so she doesn’t have to walk those same halls, but then Callie always was the stronger one. She can handle staring into the faces of her demons—and if she parties hard enough, maybe one day...",Thriller,Young Adult
The Crossover,38.77,4,In stock,http://books.toscrape.com/catalogue/the-crossover_398/index.html,"With a bolt of lightning on my kicks . . .The court is SIZZLING. My sweat is DRIZZLING. Stop all that quivering. Cuz tonight I'm delivering,"" announces dread-locked, 12-year old Josh Bell. He and his twin brother Jordan are awesome on the court. But Josh has more than basketball in his blood, he's got mad beats, too, that tell his family's story in verse, in this fast and",Fiction,Young Adult
The 5th Wave (The 5th Wave #1),11.83,2,In stock,http://books.toscrape.com/catalogue/the-5th-wave-the-5th-wave-1_397/index.html,"After the 1st wave, only darkness remains. After the 2nd, only the lucky escape. And after the 3rd, only the unlucky survive. After the 4th wave, only one rule applies: trust no one. Now, it's the dawn of the 5th wave, and on a lonely stretch of highway, Cassie runs from Them. The beings who only look human, who roam the countryside killing anyone they see. Who have scattered Earth's last survivors. To stay alone is to stay alive, Cassie believes, until she meets Evan Walker. Beguiling and mysterious, Evan Walker may be Cassie's only hope for rescuing her brother-or even saving herself. But Cassie must choose: between",Science Fiction,Young Adult
Tell the Wind and Fire,45.51,3,In stock,http://books.toscrape.com/catalogue/tell-the-wind-and-fire_396/index.html,"In a city divided between opulent luxury in the Light and fierce privations in the Dark, a determined young woman survives by guarding her secrets. Lucie Manette was born in the Dark half of the city, but careful manipulations won her a home in the Light, celebrity status, and a rich, loving boyfriend. Now she just wants to keep her head down, but her boyfriend has a dark secret of his own—one involving an apparent stranger who is destitute and despised. Lucie alone knows of the deadly connection the young men share, and even as the knowledge leads her to make a grave mistake, she can trust no one with the truth.",Fiction,Young Adult
Tell Me Three Things,41.81,1,In stock,http://books.toscrape.com/catalogue/tell-me-three-things_395/index.html,"Everything about Jessie is wrong. At least, that’s what it feels like during her first week of junior year at her new ultra-intimidating prep school in Los Angeles. Just when she’s thinking about hightailing it back to Chicago, she gets an email from a person calling themselves Somebody/Nobody (SN for short), offering to help her navigate the wilds of Wood Valley High School. Is it an elaborate hoax? Or can she rely on SN for some much-needed help? It’s been barely two years since her mother’s death, and because her father eloped with a woman he met online, Jessie has been forced to move across the country to live wit",Young Adult,Young Adult
Talking to Girls About Duran Duran: One Young Man's Quest for True Love and a Cooler Haircut,25.15,4,In stock,http://books.toscrape.com/catalogue/talking-to-girls-about-duran-duran-one-young-mans-quest-for-true-love-and-a-cooler-haircut_394/index.html,"The author of the national bestseller Love is a Mix Tape returns, with a different-but equally personal and equally universal- spin on music as memory. ""No rock critic-living or dead, American or otherwise-has ever written about pop music with the evocative, hyperpoetic perfectitude of Rob Sheffield."" So said Chuck Klosterman about Love is a Mix Tape, Sheffield's paean to a lost love via its soundtrack. Now, in Talking to Girls About Duran Duran, Sheffield shares the soundtrack to his eighties adolescence. When he turned 13 in 1980, Rob Sheffield had a lot to learn about women, love, music and himself, and in Talking",Non-Fiction,Adult
Siddhartha,34.22,5,In stock,http://books.toscrape.com/catalogue/siddhartha_393/index.html,"In the novel, Siddhartha, a young man, leaves his family for a contemplative life, then, restless, discards it for one of the flesh. He conceives a son, but bored and sickened by lust and greed, moves on again. Near despair, Siddhartha comes to a river where he hears a unique sound. This sound signals the true beginning of his life—the beginning of suffering, rejection, peace, and, finally, wisdom.",Fiction,Adult
Shiver (The Wolves of Mercy Falls #1),16.23,5,In stock,http://books.toscrape.com/catalogue/shiver-the-wolves-of-mercy-falls-1_392/index.html,"For years, Grace has watched the wolves in the woods behind her house. One yellow-eyed wolf—her wolf—is a chilling presence she can't seem to live without. Meanwhile, Sam has lived two lives: In winter, the frozen woods, the protection of the pack, and the silent company of a fearless girl. In summer, a few precious months of being human… until the cold makes him shift back again. Now, Grace meets a yellow-eyed boy whose familiarity takes her breath away. It's her wolf. It has to be. But as winter nears, Sam must fight to stay human—or risk losing himself, and Grace, forever.",Fantasy,Young Adult
Remember Me?,11.48,3,In stock,http://books.toscrape.com/catalogue/remember-me_391/index.html,"When twenty-eight-year-old Lexi Smart wakes up in a London hospital, she’s in for a big surprise. Her teeth are perfect. Her body is toned. Her handbag is Vuitton. Having survived a car accident—in a Mercedes no less—Lexi has lost a big chunk of her memory, three years to be exact, and she’s about to find out just how much things have changed. Somehow Lexi went from a twenty-five-year-old working girl to a corporate big shot with a sleek new loft, a personal assistant, a carb-free diet, and a set of glamorous new friends. And who is this gorgeous husband—who also happens to be a multimillionaire?",Fiction,Adult
Red Dragon (Hannibal Lecter #1),23.37,3,In stock,http://books.toscrape.com/catalogue/red-dragon-hannibal-lecter-1_390/index.html,"Will Graham stands in a silent, empty house communing with a killer. An FBI instructor with a gift for hunting madmen, Graham knows what his murderer looks like, how he thinks, and what he did to his victims after they died. Now Graham must try to catch him. But to do it, he must feel the heat of a killer's brain, draw on the macabre advice of a dangerous mental patient, Dr. Hannibal Lecter, and follow a trail of microscopic clues to the place where another family has already been chosen to die--and where an innocent woman has found the Dragon first.",Thriller,Adult
Peak: Secrets from the New Science of Expertise,16.28,2,In stock,http://books.toscrape.com/catalogue/peak-secrets-from-the-new-science-of-expertise_389/index.html,"A survey of the psychology of expertise, providing techniques for developing mastery of any skill, drawn from the authors' extensive, pathfinding research",Non-Fiction,Adult
My Mother Was Nuts,31.63,4,In stock,http://books.toscrape.com/catalogue/my-mother-was-nuts_388/index.html,"Most people know Penny Marshall as the director of Big and A League of Their Own. What they don’t know is her trailblazing career was a happy accident. In this funny and intimate memoir, Penny takes us from the stage of The Jackie Gleason Show in 1955 to Hollywood’s star-studded sets, offering up some hilarious detours along the way. My Mother Was Nuts is an intimate backstage pass to Penny’s personal life, her breakout role on The Odd Couple, her exploits with Cindy Williams and John Belushi, and her travels across Europe with Art Garfunkel on the back of a motorcycle. We see Penny get married. And divorced.",Biography,Adult
Mexican Today: New and Rediscovered Recipes for Contemporary Kitchens,24.91,5,In stock,http://books.toscrape.com/catalogue/mexican-today-new-and-rediscovered-recipes-for-contemporary-kitchens_387/index.html,"Intriguing recipes for everyday meals from the host of the PBS series Pati’s Mexican Table. On her PBS TV series, now in its fifth season, as well as in frequent appearances on shows like The Chew, Pati Jinich, a busy mother of three, has shown a flair for making Mexican cooking irresistibly accessible. In Mexican Today, she shares easy, generous dishes, both traditional ones and her own new spins. Some are regional recipes she has recovered from the past and updated, like Miners’ Enchiladas with fresh vegetables and cheese or Drunken Rice with Chicken and Chorizo, a specialty of the Yucatán. “Sweaty” Tacos with ripe",Cookbook,Adult
Maybe Something Beautiful: How Art Transformed a Neighborhood,22.54,1,In stock,http://books.toscrape.com/catalogue/maybe-something-beautiful-how-art-transformed-a-neighborhood_386/index.html,"What good can a splash of color do in a community of gray? As Mira and her neighbors discover, more than you might ever imagine! Based on the true story of the Urban Art Trail in San Diego, California, Maybe Something Beautiful reveals how art can inspire transformation—and how even the smallest artists can accomplish something big. Pick up a paintbrush and join the celebration!",Children,Children
Lola and the Boy Next Door (Anna and the French Kiss #2),23.63,4,In stock,http://books.toscrape.com/catalogue/lola-and-the-boy-next-door-anna-and-the-french-kiss-2_385/index.html,"Lola Nolan is a budding costume designer, and for her, the more outrageous, sparkly, and fun the outfit, the better. And everything is pretty perfect in her life (right down to her hot rocker boyfriend) until the Bell twins, Calliope and Cricket, return to the neighborhood. When Cricket, a gifted inventor, steps out from his twin sister's shadow and back into Lola's life, she must finally reconcile a lifetime of feelings for the boy next door.",Fiction,Young Adult
Logan Kade (Fallen Crest High #5.5),13.12,2,In stock,http://books.toscrape.com/catalogue/logan-kade-fallen-crest-high-55_384/index.html,"People think that just because they know my name, my reputation, and my family that they know me. They don't. They say I’m a manwhore, but who wouldn’t be with my face and body? They say I’m a partier, and that's not going to change. They say I'm a fighter, and hell yes I am. F*ck with mine, and I’ll f*ck you back ten times worse. So, yes. Maybe what they say is true, but that’s not all of me. I'm loyal to a damned fault. If you earn it, I'll never leave your side. And when I love, I love hard, but there's another side to me where it's dark and painful. That side's been kept hidden, until her. Taylor saw inside of me, a",Romance,Young Adult
Last One Home (New Beginnings #1),59.98,3,In stock,http://books.toscrape.com/catalogue/last-one-home-new-beginnings-1_383/index.html,"Growing up, Cassie Carter and her sisters, Karen and Nichole, were incredibly close -- until one fateful event drove them apart. After high school, Cassie ran away from home to marry the wrong man, throwing away a college scholarship and breaking her parents’ hearts. To make matters worse, Cassie had always been their father’s favorite -- a sentiment that weighed heavily on her sisters and made Cassie’s actions even harder to bear. Now thirty-one, Cassie is back in Washington, living in Seattle with her daughter and hoping to leave her past behind. After ending a difficult marriage, Cassie is back on her own two feet.",Fiction,Adult
Killing Floor (Jack Reacher #1),31.49,4,In stock,http://books.toscrape.com/catalogue/killing-floor-jack-reacher-1_382/index.html,"Ex-military policeman Jack Reacher is a drifter. He's just passing through Margrave, Georgia, and in less than an hour, he's arrested for murder. Not much of a welcome. All Jack knows is that he didn't kill anybody. At least not here. Not lately. But he doesn't stand a chance of convincing anyone. not in Margrave, Georgia. Not a chance in hell.",Thriller,Adult
Kill the Boy Band,15.52,5,In stock,http://books.toscrape.com/catalogue/kill-the-boy-band_381/index.html,"Just know from the start that it wasn’t supposed to go like this. All we wanted was to get near them. That’s why we got a room in the hotel where they were staying. We were not planning to kidnap one of them. Especially not the most useless one. But we had him—his room key, his cell phone, and his secrets. We were not planning on what happened next. We swear. From thrilling new talent Goldy Moldavsky comes a pitch-black, hilarious take on fandom and the badass girls who have the power to make—or break—the people we call “celebrities.”",Fiction,Young Adult
Isla and the Happily Ever After (Anna and the French Kiss #3),48.13,5,In stock,http://books.toscrape.com/catalogue/isla-and-the-happily-ever-after-anna-and-the-french-kiss-3_380/index.html,"Love ignites in the City That Never Sleeps, but can it last? Hopeless romantic Isla has had a crush on introspective cartoonist Josh since their first year at the School of America in Paris. And after a chance encounter in Manhattan over the summer, romance might be closer than Isla imagined. But as they begin their senior year back in France, Isla and Josh are forced to confront the challenges every young couple must face, including family drama, uncertainty about their college futures, and the very real possibility of being apart. Featuring cameos from fan-favorites Anna, Étienne, Lola, and Cricket, this sweet and",Romance,Young Adult
If I Stay (If I Stay #1),38.13,5,In stock,http://books.toscrape.com/catalogue/if-i-stay-if-i-stay-1_379/index.html,"Just listen, Adam says with a voice that sounds like shrapnel. I open my eyes wide now. I sit up as much as I can. And I listen. Stay, he says. Choices. Seventeen-year-old Mia is faced with some tough ones: Stay true to her first love—music—even if it means losing her boyfriend and leaving her family and friends behind? Then one February morning Mia goes for a drive with her family, and in an instant, everything changes. Suddenly, all the choices are gone, except one. And it's the only one that matters. If I Stay is a heartachingly beautiful book about th",Fiction,Young Adult
I Know Why the Caged Bird Sings (Maya Angelou's Autobiography #1),36.55,2,In stock,http://books.toscrape.com/catalogue/i-know-why-the-caged-bird-sings-maya-angelous-autobiography-1_378/index.html,"Sent by their mother to live with their devout, self-sufficient grandmother in a small Southern town, Maya and her brother, Bailey, endure the ache of abandonment and the prejudice of the local ""powhitetrash."" At eight years old and back at her mother’s side in St. Louis, Maya is attacked by a man many times her age—and has to live with the consequences for a lifetime. Years later, in San Francisco, Maya learns that love for herself, the kindness of others, her own strong spirit, and the ideas of great authors (""I met and fell in love with William Shakespeare"") will allow her to be free instead of imprisoned.",Biography,Adult
Harry Potter and the Deathly Hallows (Harry Potter #7),23.32,1,In stock,http://books.toscrape.com/catalogue/harry-potter-and-the-deathly-hallows-harry-potter-7_377/index.html,Harry is waiting in Privet Drive. The Order of the Phoenix is coming to escort him safely away without Voldemort and his supporters knowing - if they can. But what will Harry do then? How can he fulfil the momentous and seemingly impossible task that Professor Dumbledore has left him?,Fantasy,Young Adult
"Fruits Basket, Vol. 5 (Fruits Basket #5)",16.33,1,In stock,http://books.toscrape.com/catalogue/fruits-basket-vol-5-fruits-basket-5_376/index.html,"For a springtime treat, Shigure arranges for Tohru and the gang to spend Golden Week at the Sohmas' vacation home. On a rainy day, as the holiday draws to a close, who should make a surprise visit but Hatsuharu! But what's that he's hiding in the bundle under his arm?",Fiction,Young Adult
Foundation (Foundation (Publication Order) #1),32.42,1,In stock,http://books.toscrape.com/catalogue/foundation-foundation-publication-order-1_375/index.html,"For twelve thousand years the Galactic Empire has ruled supreme. Now it is dying. But only Hari Seldon, creator of the revolutionary science of psychohistory, can see into the future -- to a dark age of ignorance, barbarism, and warfare that will last thirty thousand years. To preserve knowledge and save mankind, Seldon gathers the best minds in the Empire -- both scientists and scholars -- and brings them to a bleak planet at the edge of the Galaxy to serve as a beacon of hope for future generations. He calls his sanctuary the Foundation. But soon the fledgling Foundation finds itself at the mercy of corrupt warlords.",Science Fiction,Adult
Fool Me Once,16.96,1,In stock,http://books.toscrape.com/catalogue/fool-me-once_374/index.html,"Harlan Coben delivers his next impossible-to-put-down thriller. Former special ops pilot Maya, home from the war, sees an unthinkable image captured by her nanny cam while she is at work: her two-year-old daughter playing with Maya’s husband, Joe—who had been brutally murdered two weeks earlier. The provocative question a",Thriller,Adult
Find Her (Detective D.D. Warren #8),22.37,1,In stock,http://books.toscrape.com/catalogue/find-her-detective-dd-warren-8_373/index.html,"Flora Dane is a victim. Seven years ago, carefree college student Flora was kidnapped while on spring break. For 472 days, Flora learned just how much one person can endure. Flora Dane is a survivor. Miraculously alive after her ordeal, Flora has spent the past five years reacquainting herself with the rhythms of normal life, working with her FBI victim advocate, Samuel Keynes. She has a mother who’s never stopped loving her, a brother who is scared of the person she’s become, and a bedroom wall covered with photos of other girls who’ve never made it home. Flora Dane is reckless. . . . or is she? When Boston detective D",Thriller,Adult
Evicted: Poverty and Profit in the American City,42.27,1,In stock,http://books.toscrape.com/catalogue/evicted-poverty-and-profit-in-the-american-city_372/index.html,"New York Times BestsellerFrom Harvard sociologist and MacArthur ""Genius"" Matthew Desmond, a landmark work of scholarship and reportage that will forever change the way we look at poverty in AmericaIn this brilliant, heartbreaking book, Matthew Desmond takes us into the poorest neighborhoods of Milwaukee to tell the story of eight families on the edge. Arleen is a single mother trying to raise her two sons on the $20 a month she has left after paying for their rundown apartment. Scott is a gentle nurse consumed by a heroin addiction. Lamar, a man with no legs and a neighborhood full of boys to look after, tries to wo",Non-Fiction,Adult
Drama,38.7,2,In stock,http://books.toscrape.com/catalogue/drama_371/index.html,"Callie loves theater. And while she would totally try out for her middle school's production of Moon Over Mississippi, she can't really sing. Instead she's the set designer for the drama department stage crew, and this year she's determined to create a set worthy of Broadway on a middle-school budget. But how can she, when she doesn't know much about carpentry, ticket sales are down, and the crew members are having trouble working together? Not to mention the onstage AND offstage drama that occurs once the actors are chosen. And when two cute brothers enter the picture, things get even crazier!",Fiction,Young Adult
Dracula the Un-Dead,35.63,5,In stock,http://books.toscrape.com/catalogue/dracula-the-un-dead_370/index.html,"At last—the sequel to Bram Stoker's classic novel Dracula, written by his direct descendant and a Dracula historian. Bram Stoker's Dracula is the prototypical horror novel, an inspiration for the world's seemingly limitless fascination with vampires. Though many have tried to replicate Stoker's horror classic—in books, television shows, and movies—only the 1931 Bela Lugosi film bore the Stoker family's support. Until now. Dracula The Un-Dead is a bone-chilling sequel based on Bram Stoker's own handwritten notes for characters and plot threads excised from the original edition. Dracula The Un-Dead begins in 1912, twenty",Horror,Adult
Digital Fortress,58.0,5,In stock,http://books.toscrape.com/catalogue/digital-fortress_369/index.html,"Before the multi-million, runaway bestseller The Da Vinci Code, Dan Brown set his razor-sharp research and storytelling skills on the most powerful intelligence organization on earth--the National Security Agency (NSA), an ultra-secret, multibillion-dollar agency many times more powerful than the CIA. When the NSA's invincible code-breaking machine encounters a mysterious code it cannot break, the agency calls its head cryptographer, Susan Fletcher, a brilliant and beautiful mathematician. What she uncovers sends shock waves through the corridors of power. The NSA is being held hostage...not by guns or bombs, but by a",Thriller,Adult
"Death Note, Vol. 5: Whiteout (Death Note #5)",52.41,1,In stock,http://books.toscrape.com/catalogue/death-note-vol-5-whiteout-death-note-5_368/index.html,"Light Yagami is an ace student with great prospects - and he's bored out of his mind. But all that changes when he finds the Death Note, a notebook dropped by a rogue Shinigami death god. Any human whose name is written in the notebook dies, and now Light has vowed to use the power of the Death Note to rid the world of evil. But when criminals begin dropping dead, the authorities send the legendary detective L to track down the killer. With L hot on his heels, will Light lose sight of his noble goal...or his life?",Fantasy,Young Adult
"Data, A Love Story: How I Gamed Online Dating to Meet My Match",32.35,3,In stock,http://books.toscrape.com/catalogue/data-a-love-story-how-i-gamed-online-dating-to-meet-my-match_367/index.html,"Forty million people date online each year. Most don’t find true love. Thanks to Data, a Love Story, their odds just got a whole lot better. Data, A Love Story: How I Gamed Online Dating to Meet My Match is a lively, thought-provoking memoir about how one woman “gamed” the world of online dating—and met her eventual husband.",Biography,Adult
Critique of Pure Reason,20.75,1,In stock,http://books.toscrape.com/catalogue/critique-of-pure-reason_366/index.html,"This entirely new translation of Critique of Pure Reason is the most accurate and informative English translation ever produced of this epochal philosophical text. Though its simple, direct style will make it suitable for all new readers of Kant, the translation displays a philosophical and textual sophistication that will enlighten Kant scholars as well. This translation recreates as far as possible a text with the same interpretative nuances and richness as the original. This translation of Kant's Critique is a superb volume that forms the heart of Cambridge's excellent series of translations of Kant's works. Because",Philosophy,Adult
Booked,17.49,5,In stock,http://books.toscrape.com/catalogue/booked_365/index.html,"Like lightning/you strike/fast and free/legs zoom/down field/eyes fixed/on the checkered ball/on the goal/ten yards to go/can’t nobody stop you/can’t nobody cop you… In this follow-up to the Newbery-winning novel THE CROSSOVER, soccer, family, love, and friendship, take center stage as twelve-year-old Nick learns the power of words as he wrestles with problems at home, stands up to a bully, and tries to impress the girl of his dreams. Helping him along are his best friend and sometimes teammate Coby, and The Mac, a rapping librarian who gives Nick inspiring books to read. This electric and heartfelt novel-in-verse",Fiction,Young Adult
"Blue Lily, Lily Blue (The Raven Cycle #3)",34.13,5,In stock,http://books.toscrape.com/catalogue/blue-lily-lily-blue-the-raven-cycle-3_364/index.html,"There is danger in dreaming. But there is even more danger in waking up. Blue Sargent has found things. For the first time in her life, she has friends she can trust, a group to which she can belong. The Raven Boys have taken her in as one of their own. Their problems have become hers, and her problems have become theirs. The trick with found things though, is how easily they can be lost. Friends can betray. Mothers can disappear. Visions can mislead. Certainties can unravel.",Fantasy,Young Adult
Approval Junkie: Adventures in Caring Too Much,58.81,5,In stock,http://books.toscrape.com/catalogue/approval-junkie-adventures-in-caring-too-much_363/index.html,"From comedian and journalist Faith Salie, of NPR's Wait Wait…Don't Tell Me! and CBS News Sunday Morning, a collection of daring, funny essays chronicling the author's adventures during her lifelong quest for approval Faith Salie has done it all in the name of validation. Whether it’s trying to impress her parents with a perfect GPA, undergoing an exorsism in the hopes of saving her toxic marriage, or maintaining the BMI of “a flapper with a touch of dysentery,” Salie is the ultimate approval seeker—an “approval junkie,” if you will. In “Miss Aphrodite,” she recounts her strategy for winning the high school beauty pag",Non-Fiction,Adult
An Abundance of Katherines,10.0,5,In stock,http://books.toscrape.com/catalogue/an-abundance-of-katherines_362/index.html,"When it comes to relationships, Colin Singleton's type happens to be girls named Katherine. And when it comes to girls named Katherine, Colin is always getting dumped. Nineteen times, to be exact. On a road trip miles from home, this anagram-happy, washed-up child prodigy has ten thousand dollars in his pocket, a bloodthirsty feral hog on his trail, and an overweight, Judge Judy-loving best friend riding shotgun--but no Katherines. Colin is on a mission to prove The Theorem of Underlyi",Fiction,Young Adult
America's War for the Greater Middle East: A Military History,51.22,2,In stock,http://books.toscrape.com/catalogue/americas-war-for-the-greater-middle-east-a-military-history_361/index.html,"Retired army colonel and New York Times bestselling author Andrew J. Bacevich provides a searing reassessment of U.S. military policy in the Middle East over the past four decades. From the end of World War II until 1980, virtually no American soldiers were killed in action while serving in the Greater Middle East. Since 1990, virtually no American soldiers have been killed in action anywhere else. What caused this shift? Andrew J. Bacevich, one of the country’s most respected voices on foreign affairs, offers an incisive critical history of this ongoing military enterprise—now more than thirty years old and with no",Non-Fiction,Adult
Alight (The Generations Trilogy #2),58.59,4,In stock,http://books.toscrape.com/catalogue/alight-the-generations-trilogy-2_360/index.html,"Alight is the second installment in the YA sci-fi adventure trilogy by New York Times bestselling author Scott Sigler, hot on the heels of Alive. Alight reveals to readers the further adventures of Em, Spingate, O’Malley, Bishop, and the other young heroes introduced in Alive. In Alive, Em fought to assert herself as leader and her friends tried to comprehend their own mysterious identity; now she must wrestle not with the challenge of winning power but the grave responsibility of having assumed it, and she and her friends must contend with a grim fact: the revelation of their identity is not an answer but another question.",Science Fiction,Young Adult
A Girl's Guide to Moving On (New Beginnings #2),31.3,1,In stock,http://books.toscrape.com/catalogue/a-girls-guide-to-moving-on-new-beginnings-2_359/index.html,"NEW YORK TIMES BESTSELLER • In this powerful and uplifting novel, a mother and her daughter-in-law bravely leave their troubled marriages and face the challenge of starting over. Leaning on each other, Nichole and Leanne discover that their inner strength and capacity for love are greater than they ever imagined. When Nichole discovers that her husband, Jake, has been unfaithful, the illusion of her perfect life is indelibly shattered. While juggling her young son, a new job, and volunteer work, Nichole meets Rocco, who is the opposite of Jake in nearly every way. Though blunt-spoken and rough around the edges, Rocco",Fiction,Adult
A Game of Thrones (A Song of Ice and Fire #1),46.42,2,In stock,http://books.toscrape.com/catalogue/a-game-of-thrones-a-song-of-ice-and-fire-1_358/index.html,"Summers span decades. Winter can last a lifetime. And the struggle for the Iron Throne has begun. As Warden of the north, Lord Eddard Stark counts it a curse when King Robert bestows on him the office of the Hand. His honour weighs him down at court where a true man does what he will, not what he must … and a dead enemy is a thing of beauty. The old gods have no power in the south, Stark’s family is split and there is treachery at court. Worse, the vengeance-mad heir of the deposed Dragon King has grown to maturity in exile in the Free Cities. He claims the Iron Throne.",Fantasy,Adult
A Feast for Crows (A Song of Ice and Fire #4),17.21,4,In stock,http://books.toscrape.com/catalogue/a-feast-for-crows-a-song-of-ice-and-fire-4_357/index.html,"With A Feast for Crows, Martin delivers the long-awaited fourth volume of the landmark series that has redefined imaginative fiction and stands as a modern masterpiece in the making. After centuries of bitter strife, the seven powers dividing the land have beaten one another into an uneasy truce. But it's not long before the survivors, outlaws, renegades, and carrion eaters of the Seven Kingdoms gather. Now, as the human crows assemble over a banquet of ashes, daring new plots and dangerous new alliances are formed while surprising faces—some familiar, others only just appearing—emerge from an ominous twilight of past.",Fantasy,Adult
A Clash of Kings (A Song of Ice and Fire #2),10.79,3,In stock,http://books.toscrape.com/catalogue/a-clash-of-kings-a-song-of-ice-and-fire-2_356/index.html,"Time is out of joint. The summer of peace and plenty, ten years long, is drawing to a close, and the harsh, chill winter approaches like an angry beast. Two great leaders—Lord Eddard Stark and Robert Baratheon—who held sway over an age of enforced peace are dead...victims of royal treachery. Now, from the ancient citadel of Dragonstone to the forbidding shores of Winterfell, chaos reigns, as pretenders to the Iron Throne of the Seven Kingdoms prepare to stake their claims through tempest, turmoil, and war. As a prophecy of doom cuts across the sky—a comet the color of blood",Fantasy,Adult
Vogue Colors A to Z: A Fashion Coloring Book,52.35,4,In stock,http://books.toscrape.com/catalogue/vogue-colors-a-to-z-a-fashion-coloring-book_355/index.html,"In this first-ever coloring book from American Vogue, you are invited into a world of fashion fantasy. Twenty-six archival magazine covers from 1912 to 1932, by ten celebrated illustrators living here and abroad, take you back to a more playful and whimsical moment of boas, bows, hats and headpieces, fans, pearls and gloves, and even exotic animals. Coloring book fans of all ages can try their hand at the Art Deco patterns and letters from A to Z and the lively drawings of women dressed for the task at hand, whether it is driving their own car, pruning morning glories in the garden, feeding a dragon, steering a gondo",Art,All Ages
The Shining (The Shining #1),27.88,3,In stock,http://books.toscrape.com/catalogue/the-shining-the-shining-1_354/index.html,"Danny was only five years old but in the words of old Mr Halloran he was a 'shiner', aglow with psychic voltage. When his father became caretaker of the Overlook Hotel his visions grew frighteningly out of control. As winter closed in and blizzards cut them off, the hotel seemed to develop a life of its own. It was meant to be empty, but who was the lady in Room 217, and who were the masked guests going up and down in the elevator? And why did the hedges shaped like animals seem so alive? Somewhere, somehow there was an evil force in the hotel - and that too had begun to shine.",Horror,Adult
The Pilgrim's Progress,50.26,2,In stock,http://books.toscrape.com/catalogue/the-pilgrims-progress_353/index.html,"Often rated as important as the Bible as a Christian document, this famous story of man's progress through life in search of salvation remains one of the most entertaining allegories of faith ever written. Set against realistic backdrops of town and country, the powerful drama of the pilgrim's trials and temptations follows him in his harrowing journey to the Celestial City. Along a road filled with monsters and spiritual terrors, Christian confronts such emblematic characters as Worldly Wiseman, Giant Despair, Talkative, Ignorance, and the demons of the Valley of the Shadow of Death. But he is also joined by Hopeful.",Fiction,Adult
The Perfect Play (Play by Play #1),59.99,3,In stock,http://books.toscrape.com/catalogue/the-perfect-play-play-by-play-1_352/index.html,"Football pro Mick Riley is an all-star, both on the field and in the bedroom. But a sexy, determinedly single mom just might be the one to throw him off his game...For years Mick has been taking full advantage of the life available to a pro athlete: fame, fortune, and a different girl in every city. But when he meets and beds confident, beautiful event planner Tara Lincoln, he wants much more than the typical one-night stand. Too bad Tara's not interested in getting to know football's most notorious playboy any better.As the single mother of a teenage son, the last thing Tara needs is the jet-set lifestyle of Mick Ri",Romance,Adult
The Passion of Dolssa,28.32,5,In stock,http://books.toscrape.com/catalogue/the-passion-of-dolssa_351/index.html,"Dolssa is a young gentlewoman with uncanny gifts, on the run from an obsessed friar determined to burn her as a heretic for the passion she refuses to tame. Botille is a wily and charismatic peasant, a matchmaker running a tavern with her two sisters in a tiny seaside town. The year is 1241; the place, Provensa, what we now call Provence, France—a land still reeling from the bloody crusades waged there by the Catholic Church and its northern French armies. When the matchmaker finds the mystic near death by a riverside, Botille takes Dolssa in and discovers the girl’s extraordinary healing power.",Fiction,Young Adult
The Jazz of Physics: The Secret Link Between Music and the Structure of the Universe,38.71,3,In stock,http://books.toscrape.com/catalogue/the-jazz-of-physics-the-secret-link-between-music-and-the-structure-of-the-universe_350/index.html,"More than fifty years ago, John Coltrane drew the twelve musical notes in a circle and connected them by straight lines, forming a five-pointed star. Inspired by Einstein, Coltrane had put physics and geometry at the core of his music. Physicist and jazz musician Stephon Alexander returns the favor, using jazz to answer physics’ most vexing questions about the past and future of the universe. Following the great minds that first drew the links between music and physics—a list including Pythagoras, Kepler, Newton, Einstein, and Rakim—The Jazz of Physics revisits the ancient realm where music, physics, and the cosmos we",Non-Fiction,Adult
The Hunger Games (The Hunger Games #1),29.85,5,In stock,http://books.toscrape.com/catalogue/the-hunger-games-the-hunger-games-1_349/index.html,"Winning will make you famous. Losing means certain death.The nation of Panem, formed from a post-apocalyptic North America, is a country that consists of a wealthy Capitol region surrounded by 12 poorer districts. Early in its history, a rebellion led by a 13th district against the Capitol resulted in its destruction and the creation of an annual televised event known as the Hunger Games. In punishment, and as a reminder of the power and grace of the Capitol, each district must yield one boy and one girl between the ages of 12 and 18 through a lottery system to participate in the games. The 'tributes' are chosen duri",Fiction,Young Adult
The Hound of the Baskervilles (Sherlock Holmes #5),14.82,2,In stock,http://books.toscrape.com/catalogue/the-hound-of-the-baskervilles-sherlock-holmes-5_348/index.html,"Holmes and Watson are faced with their most terrifying case yet. The legend of the devil-beast that haunts the moors around the Baskerville family's home warns the descendants of that ancient clan never to venture out in those dark hours when the power of evil is exalted. Now, the most recent Baskerville, Sir Charles, is dead and the footprints of a giant hound have been found near his body. Will the new heir meet the same fate?",Mystery,Adult
The Gunning of America: Business and the Making of American Gun Culture,16.81,4,In stock,http://books.toscrape.com/catalogue/the-gunning-of-america-business-and-the-making-of-american-gun-culture_347/index.html,"Americans have always loved guns. This special bond was forged during the American Revolution and sanctified by the Second Amendment. It is because of this exceptional relationship that American civilians are more heavily armed than the citizens of any other nation. In The Gunning of America, historian Pamela Haag overturns this conventional wisdom. American gun culture, she argues, developed not because the gun was exceptional, but precisely because it was not: guns proliferated in America because throughout most of the nation’s history, they were perceived as an unexceptional commodity, no different",Non-Fiction,Adult
The Geography of Bliss: One Grump's Search for the Happiest Places in the World,28.23,2,In stock,http://books.toscrape.com/catalogue/the-geography-of-bliss-one-grumps-search-for-the-happiest-places-in-the-world_346/index.html,"Weiner spent a decade as a foreign correspondent reporting from such discontented locales as Iraq, Afghanistan, and Indonesia. Unhappy people living in profoundly unstable states, he notes, inspire pathos and make for good copy, but not for good karma. So Weiner, admitted grump and self-help book aficionado, undertook a year's research to travel the globe, looking for the ""unheralded happy places."" The result is this book, equal parts laugh-out-loud funny and philosophical, a journey into both the definition of and the destination for true contentment.",Non-Fiction,Adult
The Demonists (Demonist #1),52.11,2,In stock,http://books.toscrape.com/catalogue/the-demonists-demonist-1_345/index.html,"There is more to our world than meets the eye—darker things, crueler things. Exorcist John Fogg and his wife, psychic medium Theodora Knight, know what lurks in the shadows. But even they’re not prepared for the worst Hell has to offer... It was supposed to be a simple exorcism, a publicity stunt to firmly establish John and Theodora’s thriving paranormal investigation empire in the public eye. But something went wrong, leading to an on-air massacre that unleashed a malicious host of demons and left Theodora catatonic, possessed by countless spirits. John sets out on a desperate quest to find a cure for his wife.",Horror,Adult
"The Demon Prince of Momochi House, Vol. 4 (The Demon Prince of Momochi House #4)",27.88,2,In stock,http://books.toscrape.com/catalogue/the-demon-prince-of-momochi-house-vol-4-the-demon-prince-of-momochi-house-4_344/index.html,"On her sixteenth birthday, orphan Himari Momochi inherits her ancestral estate that she’s never seen. Momochi House exists on the barrier between the human and spiritual realms, and Himari is meant to act as guardian between the two worlds. But on the day she moves in, she finds three handsome squatters already living in the house, and one seems to have already taken over her role!",Fantasy,Young Adult
The Bone Hunters (Lexy Vaughan & Steven Macaulay #2),59.71,3,In stock,http://books.toscrape.com/catalogue/the-bone-hunters-lexy-vaughan-steven-macaulay-2_343/index.html,"The award-winning author of Valhalla brings back archaeologist Lexy Vaughan and retired Air Force officer Steve Macaulay, as they race to save a priceless discovery from disappearing forever.… One of the greatest archaeological finds of all time, Peking Man, the 780,000-year-old remains of our earliest known human ancestor, disappeared during World War II from a cargo ship bound for America. Now the Chinese government is fighting to keep a new religion from taking hold—a faith based on the belief that Peking Man is God. And they dispatch ruthless operatives to find and destroy the world’s most priceless fossil.",Thriller,Adult
The Beast (Black Dagger Brotherhood #14),46.08,5,In stock,http://books.toscrape.com/catalogue/the-beast-black-dagger-brotherhood-14_342/index.html,"Rhage and Mary return in a new novel of the Black Dagger Brotherhood, a series “so popular, I don’t think there’s a reader today who hasn’t at least heard of [it]” (USA Today). Nothing is as it used to be for the Black Dagger Brotherhood. After avoiding war with the Shadows, alliances have shifted and lines have been drawn. The slayers of the Lessening Society are stronger than ever, preying on human weakness to acquire more money, more weapons, more power. But as the Brotherhood readies for an all-out attack on them, one of their own fights a battle within himself… For Rhage, the Brother with the biggest appetites, but",Fiction,Adult
Some Women,13.73,5,In stock,http://books.toscrape.com/catalogue/some-women_341/index.html,"An engrossing and thought provoking novel that examines the intricacies of marriage, friendship, and the power of unexpected connections…Annabel Ford has everything under control, devoting her time to her twin five-year-old boys and to keeping her household running seamlessly. So when her husband of a decade announces that he’s leaving her, without warning, she’s blindsided. And suddenly her world begins to unravel.Single mother Piper Whitley has always done her best to balance it all—raising her daughter Fern by herself and advancing her career as a crime reporter. Only now that she’s finally met the man of her drea",Fiction,Adult
Shopaholic Ties the Knot (Shopaholic #3),48.39,5,In stock,http://books.toscrape.com/catalogue/shopaholic-ties-the-knot-shopaholic-3_340/index.html,"Life has been good for Becky Bloomwood: She’s become the best personal shopper at Barneys, she and her successful entrepreneurial boyfriend, Luke, are living happily in Manhattan’s West Village, and her new next-door neighbor is a fashion designer! But with her best friend, Suze, engaged, how can Becky fail to notice that her own ring finger is bare? Not that she’s been thinking of marriage (or diamonds) or anything . . . Then Luke proposes! Bridal registries dance in Becky’s head. Problem is, two other people are planning her wedding: Becky’s overjoyed mother has been waiting forever to host a backyard wedding, with",Fiction,Adult
Paper and Fire (The Great Library #2),49.45,5,In stock,http://books.toscrape.com/catalogue/paper-and-fire-the-great-library-2_339/index.html,"In Ink and Bone, New York Times bestselling author Rachel Caine introduced a world where knowledge is power, and power corrupts absolutely. Now, she continues the story of those who dare to defy the Great Library—and rewrite history…With an iron fist, The Great Library controls the knowledge of the world, ruthlessly stamping out all rebellion, forbidding the personal ownership of books in the name of the greater good.Jess Brightwell has survived his introduction to the sinister, seductive world of the Library, but serving in its army is nothing like he envisioned. His life and the lives of those he cares for have bee",Fantasy,Young Adult
Outlander (Outlander #1),19.67,5,In stock,http://books.toscrape.com/catalogue/outlander-outlander-1_338/index.html,"The year is 1945. Claire Randall, a former combat nurse, is just back from the war and reunited with her husband on a second honeymoon when she walks through a standing stone in one of the ancient circles that dot the British Isles. Suddenly she is a Sassenach—an “outlander”—in a Scotland torn by war and raiding border clans in the year of Our Lord...1743. Hurled back in time by forces she cannot understand, Claire is catapulted into the intrigues of lairds and spies that may threaten her life, and shatter her heart. For here James Fraser, a gallant young Scots warrior, shows her a love so absolute that Claire becomes",Fiction,Adult
"Orchestra of Exiles: The Story of Bronislaw Huberman, the Israel Philharmonic, and the One Thousand Jews He Saved from Nazi Horrors",12.36,3,In stock,http://books.toscrape.com/catalogue/orchestra-of-exiles-the-story-of-bronislaw-huberman-the-israel-philharmonic-and-the-one-thousand-jews-he-saved-from-nazi-horrors_337/index.html,"The compelling biography of the violinist who founded the Palestine Symphony Orchestra and saved hundreds of people from Hitler—as seen in Josh Aronson’s documentary Orchestra of Exiles. “The true artist does not create art as an end in itself. He creates art for human beings. Humanity is the goal.”—Bronislaw Huberman At fourteen, Bronislaw Huberman played the Brahms Violin Concerto in Vienna—winning high praise from the composer himself, who was there. Instantly famous, Huberman began touring all over the world and received invitations to play for royalty across Europe. But after witnessing the tragedy of World War I,",Biography,Adult
No One Here Gets Out Alive,20.02,5,In stock,http://books.toscrape.com/catalogue/no-one-here-gets-out-alive_336/index.html,"Here is Jim Morrison in all his complexity-singer, philosopher, poet, delinquent-the brilliant, charismatic, and obsessed seeker who rejected authority in any form, the explorer who probed ""the bounds of reality to see what would happen..."" Seven years in the writing, this definitive biography is the work of two men whose empathy and experience with Jim Morrison uniquely prepared them to recount this modern tragedy: Jerry Hopkins, whose famous Presley biography, Elvis, was inspired by Morrison's suggestion, and Danny Sugerman, confidant of and aide to the Doors. With an afterword by Michael McClure.",Biography,Adult
Night Shift (Night Shift #1-20),12.75,4,In stock,http://books.toscrape.com/catalogue/night-shift-night-shift-1-20_335/index.html,"Never trust your heart to the New York Times bestselling master of suspense, Stephen King. Especially with an anthology that features the classic stories ""Children of the Corn,"" ""The Lawnmower Man,"" ""Graveyard Shift,"" ""The Mangler,"" and ""Sometimes They Come Back""-which were all made into hit horror films.""Unbearable suspense."" (Dallas Morning News)From the depths of darkness, where hideous rats defend their empire, to dizzying heights, where a beautiful girl hangs by a hair above a hellish fate, this chilling collection of twenty short stories will plunge readers into the subterranean labyrinth of the most spine-ting.",Horror,Adult
Needful Things,47.51,4,In stock,http://books.toscrape.com/catalogue/needful-things_334/index.html,"Leland Gaunt opens a new shop in Castle Rock called Needful Things. Anyone who enters his store finds the object of his or her lifelong dreams and desires: a prized baseball card, a healing amulet. In addition to a token payment, Gaunt requests that each person perform a little ""deed,"" usually a seemingly innocent prank played on someone else from town. These practical jokes cascade out of control and soon the entire town is doing battle with itself. Only Sheriff Alan Pangborn suspects that Gaunt is behind the population's increasingly violent behavior.",Fiction,Adult
Mockingjay (The Hunger Games #3),20.44,4,In stock,http://books.toscrape.com/catalogue/mockingjay-the-hunger-games-3_333/index.html,"My name is Katniss Everdeen. Why am I not dead? I should be dead. Katniss Everdeen, girl on fire, has survived, even though her home has been destroyed. Gale has escaped. Katniss's family is safe. Peeta has been captured by the Capitol. District 13 really does exist. There are rebels. There are new leaders. A revolution is unfolding. It is by design that Katniss was rescued from the arena in the cruel and haunting Quarter Quell, and it is by design that she has long been part of the revolution without knowing it. District 13 has come out of the shadows and is plotting to overthrow the Capitol. Everyone, it seems, has had",Fiction,Young Adult
Misery,34.79,2,In stock,http://books.toscrape.com/catalogue/misery_332/index.html,"Paul Sheldon. He's a bestselling novelist who has finally met his biggest fan. Her name is Annie Wilkes and she is more than a rabid reader - she is Paul's nurse, tending his shattered body after an automobile accident. But she is also his captor, keeping him prisoner in her isolated house.",Thriller,Adult
Little Women (Little Women #1),28.07,4,In stock,http://books.toscrape.com/catalogue/little-women-little-women-1_331/index.html,"Little Women is the heartwarming story of the March family that has thrilled generations of readers. It is the story of four sisters--Jo, Meg, Amy and Beth-- and of the courage, humor and ingenuity they display to survive poverty and the absence of their father during the Civil War.",Fiction,Young Adult
It,25.01,3,In stock,http://books.toscrape.com/catalogue/it_330/index.html,"To the children, the town was their whole world. To the adults, knowing better, Derry, Maine was just their home town: familiar, well-ordered for the most part. A good place to live. It was the children who saw - and felt - what made Derry so horribly different. In the storm drains, in the sewers, IT lurked, taking on the shape of every nightmare, each one's deepest dread. Sometimes IT reached up, seizing, tearing, killing . . . The adults, knowing better, knew nothing. Time passed and the children grew up, moved away. The horror of IT was deep-buried, wrapped in forgetfulness. Until they were called back, once more to c",Horror,Adult
Harry Potter and the Sorcerer's Stone (Harry Potter #1),13.9,3,In stock,http://books.toscrape.com/catalogue/harry-potter-and-the-sorcerers-stone-harry-potter-1_329/index.html,"Harry Potter thinks he is an ordinary boy. He lives with his Uncle Vernon, Aunt Petunia and cousin Dudley, who are mean to him and make him sleep in a cupboard under the stairs. (Dudley, however, has two bedrooms, one to sleep in and one for all his toys and games.) Then Harry starts receiving mysterious letters and his life is changed forever. He is whisked away by a beetle-eyed giant of a man and enrolled at Hogwarts School of Witchcraft and Wizardry. The reason: Harry Potter is a wizard! The first book in the 'Harry Potter' series makes the perfect introduction to the world of Hogwarts.",Fantasy,Young Adult
Harry Potter and the Prisoner of Azkaban (Harry Potter #3),24.17,4,In stock,http://books.toscrape.com/catalogue/harry-potter-and-the-prisoner-of-azkaban-harry-potter-3_328/index.html,"Harry Potter is lucky to reach the age of thirteen, since he has already survived the murderous attacks of the feared Dark Lord on more than one occasion. But his hopes for a quiet term concentrating on Quidditch are dashed when a maniacal mass-murderer escapes from Azkaban, pursued by the soul-sucking Dementors who guard the prison. It's assumed that Hogwarts is the safest place for Harry to be. But is it a coincidence that he can feel eyes watching him in the dark, and should he be taking Professor Trelawney's ghoulish predictions seriously?",Fantasy,Young Adult
Harry Potter and the Order of the Phoenix (Harry Potter #5),31.63,4,In stock,http://books.toscrape.com/catalogue/harry-potter-and-the-order-of-the-phoenix-harry-potter-5_327/index.html,"Harry Potter is due to start his fifth year at Hogwarts School of Witchcraft and Wizardry. His best friends Ron and Hermione have been very secretive all summer and he is desperate to get back to school and find out what has been going on. However, what Harry discovers is far more devastating than he could ever have expected...Suspense, secrets and thrilling action from the pen of J.K. Rowling ensure an electrifying adventure that is impossible to put down.",Fantasy,Young Adult
Harry Potter and the Half-Blood Prince (Harry Potter #6),48.75,5,In stock,http://books.toscrape.com/catalogue/harry-potter-and-the-half-blood-prince-harry-potter-6_326/index.html,"It is the middle of the summer, but there is an unseasonal mist pressing against the windowpanes. Harry Potter is waiting nervously in his bedroom at the Dursleys' house in Privet Drive for a visit from Professor Dumbledore himself. One of the last times he saw the Headmaster was in a fierce one-to-one duel with Lord Voldemort, and Harry can't quite believe that Professor Dumbledore will actually appear at the Dursleys' of all places. Why is the Professor coming to visit him now? What is it that cannot wait until Harry returns to Hogwarts in a few weeks' time? Harry's sixth year at Hogwarts has already got off to an u",Fantasy,Young Adult
Harry Potter and the Chamber of Secrets (Harry Potter #2),14.74,1,In stock,http://books.toscrape.com/catalogue/harry-potter-and-the-chamber-of-secrets-harry-potter-2_325/index.html,"All Harry Potter wants is to get away from the Dursleys and go back to Hogwarts School for Witchcraft and Wizardry. But just as he's packing his bags, Harry receives a warning from a strange, impish creature named Dobby - who says that if Harry Potter returns to Hogwarts, disaster will strike. And strike it does. For in Harry's second year at Hogwarts, fresh torments and horrors arise, including an outrageously stuck-up new professor, Gilderoy Lockheart, a spirit named Moaning Myrtle who haunts the girls' bathroom, and the unwanted attentions of Ron Weasley's younger sister, Ginny. But each of these seem minor annoyanc",Fantasy,Young Adult
Gone with the Wind,32.49,3,In stock,http://books.toscrape.com/catalogue/gone-with-the-wind_324/index.html,"Margaret Mitchell's epic novel of love and war won the Pulitzer Prize and one of the most popular and celebrated movies of all time. Many novels have been written about the Civil War and its aftermath. None take us into the burning fields and cities of the American South as Gone With the Wind does, creating haunting scenes and thrilling portraits of characters so vivid that we remember their words and feel their fear and hunger for the rest of our lives. In the two main characters, the white-shouldered, irresistible Scarlett and the flashy, contemptuous Rhett, Margaret Mitchell not only conveyed a timeless story of s",Fiction,Adult
God Is Not Great: How Religion Poisons Everything,27.8,1,In stock,http://books.toscrape.com/catalogue/god-is-not-great-how-religion-poisons-everything_323/index.html,"In the tradition of Bertrand Russell's Why I Am Not a Christian and Sam Harris's The End of Faith, Christopher Hitchens makes the ultimate case against religion. With a close and erudite reading of the major religious texts, he documents the ways in which religion is a man-made wish, a cause of dangerous sexual repression, and a distortion of our origins in the cosmos. Hitchens frames the argument for a more secular life based on science and reason, in which hell is replaced by the Hubble Telescope's awesome view of the universe and Moses and the burning bush give way to the beauty and symmetry of the double helix.",Non-Fiction,Adult
Girl With a Pearl Earring,26.77,1,In stock,http://books.toscrape.com/catalogue/girl-with-a-pearl-earring_322/index.html,"With precisely 35 canvases to his credit, the Dutch painter Johannes Vermeer represents one of the great enigmas of 17th-century art. The meager facts of his biography have been gleaned from a handful of legal documents. Yet Vermeer's extraordinary paintings of domestic life, with their subtle play of light and texture, have come to define the Dutch golden age. His portrait of the anonymous Girl with a Pearl Earring has exerted a particular fascination for centuries--and it is this magnetic painting that lies at the heart of Tracy Chevalier's second novel of the same title.Girl with a Pearl Earring centers on Vermeer",Fiction,Adult
"Fruits Basket, Vol. 4 (Fruits Basket #4)",50.44,4,In stock,http://books.toscrape.com/catalogue/fruits-basket-vol-4-fruits-basket-4_321/index.html,"When the infamous Akito makes an in-class appearance at the start of the school year, the Sohma family worries that his arrival will be an uncensored exercise of show-and-tell about Yuki's past. Meanwhile, when Ayame vows to rekindle his brother's lost friendship, he begins to realize that you can choose your friends but you can't choose your family - especially when they're acting like animals!",Fiction,Young Adult
Far From True (Promise Falls Trilogy #2),34.93,2,In stock,http://books.toscrape.com/catalogue/far-from-true-promise-falls-trilogy-2_320/index.html,"New York Times and #1 international bestselling author Linwood Barclay delivers the second spine-chilling thriller set in the troubled town of Promise Falls, following the electrifying cliffhanger ending of Broken Promise. After the screen of a run-down drive-in movie theater collapses and kills four people, the daughter of one of the victims asks private investigator Cal Weaver to look into a recent break-in at her father’s house. Cal discovers a hidden basement room where it’s clear that salacious activities have taken place—as well as evidence of missing DVDs. But his investigation soon becomes more complicated.",Thriller,Adult
Dark Lover (Black Dagger Brotherhood #1),12.87,1,In stock,http://books.toscrape.com/catalogue/dark-lover-black-dagger-brotherhood-1_319/index.html,"In the shadows of the night in Caldwell, New York, there's a deadly turf war going on between vampires and their slayers. There exists a secret band of brothers like no other-six vampire warriors, defenders of their race. Yet none of them relishes killing more than Wrath, the leader of The Black Dagger Brotherhood. The only purebred vampire left on earth, Wrath has a score to settle with the slayers who murdered his parents centuries ago. But, when one of his most trusted fighters is killed-leaving his half-breed daughter unaware of his existence or her fate.",Fantasy,Adult
Confessions of a Shopaholic (Shopaholic #1),48.94,2,In stock,http://books.toscrape.com/catalogue/confessions-of-a-shopaholic-shopaholic-1_318/index.html,"MEET BECKY BLOOMWOOD, AN IRRESISTIBLE HEROINE WITH A BIG HEART, BIG DREAMS --- AND JUST ONE LITTLE WEAKNESS ...Becky Bloomwood has what most twenty-five-year-olds only dream of: a flat in London's trendiest neighborhood, a troupe of glamorous socialite friends, and a closet brimming with the season's must-haves. The only trouble is, she can't actually afford it --- not any of it. Her job writing at Successful Saving magazine not only bores her to tears, it doesn't pay much at all. Still, how can she resist that perfect pair of shoes? Or the divine silk blouse in the window of that ultra-trendy boutique? But lately Be",Fiction,Adult
Changing the Game (Play by Play #2),13.38,3,In stock,http://books.toscrape.com/catalogue/changing-the-game-play-by-play-2_317/index.html,"Most people play by the rules. Gavin and Liz aren't most people....Win at any cost. That's always been the mantra of sports agent Liz Darnell. When she carries things too far and risks losing her number-one client, baseball pro Gavin Riley, Liz realizes that she'll have to work extra innings to win him back. It might not be too much of a stretch. She's had a thing for this player's moves since she first laid eyes on him, and by the looks of it, he wants her just as bad.Gavin's more than ready—especially when Liz is offering herself as part of the bargain. And as much of her as Gavin wants. For added thrills, he decid",Romance,Adult
Candide,58.63,3,In stock,http://books.toscrape.com/catalogue/candide_316/index.html,"Brought up in the household of a powerful Baron, Candide is an open-minded young man, whose tutor, Pangloss, has instilled in him the belief that 'all is for the best'. But when his love for the Baron's rosy-cheeked daughter is discovered, Candide is cast out to make his own way in the world. And so he and his various companions begin a breathless tour of Europe, South America and Asia, as an outrageous series of disasters befall them - earthquakes, syphilis, a brush with the Inquisition, murder - sorely testing the young hero's optimism.",Fiction,Adult
Can You Keep a Secret?,21.94,1,In stock,http://books.toscrape.com/catalogue/can-you-keep-a-secret_315/index.html,"Meet Emma Corrigan, a young woman with a huge heart, an irrepressible spirit, and a few little secrets: Secrets from her boyfriend: I've always thought Connor looks a bit like Ken. As in Barbie and Ken. Secrets from her mother: I lost my virginity in the spare bedroom with Danny Nussbaum while Mum and Dad were downstairs watching Ben-Hur. Secrets she wouldn't share with anyone in the world: I have no idea what NATO stands for. Or even what it is. Until she spills them all to a handsome stranger on a plane. At least, she thought he was a stranger.…Until Emma comes face-to-face with Jack Harper, the company's elusive C",Romance,Adult
Atlas Shrugged,26.58,5,In stock,http://books.toscrape.com/catalogue/atlas-shrugged_314/index.html,"This is the story of a man who said that he would stop the motor of the world and did. Was he a destroyer or the greatest of liberators? Why did he have to fight his battle, not against his enemies, but against those who needed him most, and his hardest battle against the woman he loved? What is the world’s motor — and the motive power of every man? You will know the answer to these questions when you discover the reason behind the baffling events that play havoc with the lives of the characters in this story. Tremendous in its scope, this novel presents an astounding panorama of human life — from the productive genius.",Fiction,Adult
Animal Farm,57.22,3,In stock,http://books.toscrape.com/catalogue/animal-farm_313/index.html,"Tired of their servitude to man, a group of farm animals revolt and establish their own society, only to be betrayed into worse servitude by their leaders, the pigs, whose slogan becomes: ""All animals are equal, but some animals are more equal than others."" This 1945 satire addresses the socialist/communist philosophy of Stalin in the Soviet Union.",Fiction,Adult
A Walk to Remember,56.43,1,In stock,http://books.toscrape.com/catalogue/a-walk-to-remember_312/index.html,"Every April, when the wind blows from the sea and mingles with the scent of lilacs, Landon Carter remembers his last year at Beaufort High. It was 1958, and Landon had already dated a girl or two. He even swore that he had once been in love. Certainly the last person in town he thought he'd fall for was Jamie Sullivan, the daughter of the town's Baptist minister. A quiet girl who always carried a Bible with her schoolbooks, Jamie seemed content living in a world apart from the other teens. She took care of her widowed father, rescued hurt animals, and helped out at the local orphanage. No boy had ever asked her out.",Romance,Young Adult
A New Earth: Awakening to Your Life's Purpose,55.65,5,In stock,http://books.toscrape.com/catalogue/a-new-earth-awakening-to-your-lifes-purpose_311/index.html,"The highly anticipated follow-up to the 2,000,000 copy bestselling inspirational book, ""The Power of Now"". With his bestselling spiritual guide ""The Power of Now,"" Eckhart Tolle inspired millions of readers to discover the freedom and joy of a life lived ?in the now.? In ""A New Earth,"" Tolle expands on these powerful ideas to show how transcending our ego-based state of consciousness is not only essential to personal happiness, but also the key to ending conflict and suffering throughout the world. Tolle describes how our attachment to the ego creates the dysfunction that leads to anger, jealousy, and unhappiness.",Self-Help,Adult
"A History of God: The 4,000-Year Quest of Judaism, Christianity, and Islam",27.62,1,In stock,http://books.toscrape.com/catalogue/a-history-of-god-the-4000-year-quest-of-judaism-christianity-and-islam_310/index.html,"Over 700,000 copies of the original hardcover and paperback editions of this stunningly popular book have been sold. Karen Armstrong's superbly readable exploration of how the three dominant monotheistic religions of the world - Judaism, Christianity, and Islam - have shaped and altered the conception of God is a tour de force. One of Britain's foremost commentators on religious affairs, Armstrong traces the history of how men and women have perceived and experienced God, from the time of Abraham to the present. From classical philosophy and medieval mysticism to the Reformation, the Enlightenment, and the modern age.",Non-Fiction,Adult
'Salem's Lot,49.56,4,In stock,http://books.toscrape.com/catalogue/salems-lot_309/index.html,"Thousands of miles away from the small township of 'Salem's Lot, two terrified people, a man and a boy, still share the secrets of those clapboard houses and tree-lined streets. They must return to 'Salem's Lot for a final confrontation with the unspeakable evil that lives on in the town.",Fiction,Adult
Zero History (Blue Ant #3),34.77,1,In stock,http://books.toscrape.com/catalogue/zero-history-blue-ant-3_308/index.html,"The iconic visionary returns with his first new novel since the New York Times bestseller Spook Country. Whatever you do, because you are an artist, will bring you to the next thing of your own... When she sang for The Curfew, Hollis Henry's face was known worldwide. She still runs into people who remember the poster. Unfortunately, in the post-crash economy, cult memorabilia doesn't pay the rent, and right now she's a journalist in need of a job. The last person she wants to work for is Hubertus Bigend, twisted genius of global marketing; but there's no way to tell an entity like Bigend that you want nothing more to",Fiction,Adult
Wuthering Heights,17.73,3,In stock,http://books.toscrape.com/catalogue/wuthering-heights_307/index.html,"Wuthering Heights is a wild, passionate story of the intense and almost demonic love between Catherine Earnshaw and Heathcliff, a foundling adopted by Catherine's father. After Mr Earnshaw's death, Heathcliff is bullied and humiliated by Catherine's brother Hindley and wrongly believing that his love for Catherine is not reciprocated, leaves Wuthering Heights, only to return years later as a wealthy and polished man. He proceeds to exact a terrible revenge for his former miseries. The action of the story is chaotic and unremittingly violent, but the accomplished handling of a complex structure, the evocative descript",Fiction,Adult
World War Z: An Oral History of the Zombie War,21.8,1,In stock,http://books.toscrape.com/catalogue/world-war-z-an-oral-history-of-the-zombie-war_306/index.html,"The Zombie War came unthinkably close to eradicating humanity. Max Brooks, driven by the urgency of preserving the acid-etched first-hand experiences of the survivors from those apocalyptic years, traveled across the United States of America and throughout the world, from decimated cities that once teemed with upwards of thirty million souls to the most remote and inhospitable areas of the planet. He recorded the testimony of men, women, and sometimes children who came face-to-face with the living, or at least the undead, hell of that dreadful time. ""World War Z"" is the result. Never before have we had access to a do",Fiction,Adult
Wild: From Lost to Found on the Pacific Crest Trail,46.02,3,In stock,http://books.toscrape.com/catalogue/wild-from-lost-to-found-on-the-pacific-crest-trail_305/index.html,"#1 NATIONAL BESTSELLER, SOON TO BE A MAJOR MOTION PICTURE.At twenty-two, Cheryl Strayed thought she had lost everything. In the wake of her mother’s death, her family scattered and her own marriage was soon destroyed. Four years later, with nothing more to lose, she made the most impulsive decision of her life. With no experience or training, driven only by blind will, she would hike more than a thousand miles of the Pacific Crest Trail from the Mojave Desert through California and Oregon to Washington State — and she would do it alone.Told with suspense and style, sparkling with warmth and humor, Wild powerfully cap",Biography,Adult
"Where'd You Go, Bernadette",18.13,1,In stock,http://books.toscrape.com/catalogue/whered-you-go-bernadette_304/index.html,"Bernadette Fox is notorious. To her Microsoft-guru husband, she's a fearlessly opinionated partner; to fellow private-school mothers in Seattle, she's a disgrace; to design mavens, she's a revolutionary architect, and to 15-year-old Bee, she is a best friend and, simply, Mom. Then Bernadette disappears. It began when Bee aced her report card and claimed her promised reward: a family trip to Antarctica. But Bernadette's intensifying allergy to Seattle—and people in general—has made her so agoraphobic that a virtual assistant in India now runs her most basic errands. A trip to the end of the earth is problematic.",Fiction,Young Adult
When You Are Engulfed in Flames,30.89,5,In stock,http://books.toscrape.com/catalogue/when-you-are-engulfed-in-flames_303/index.html,"It's early autumn 1964. Two straight-A students head off to school, and when only one of them returns home Chesney Yelverton is coaxed from retirement and assigned to what proves to be the most difficult and deadly - case of his career. From the shining notorious East Side, When You Are Engulfed in Flames confirms once again that David Sedaris is a master of mystery and suspense. Or how about...when set on fire, most of us either fumble for our wallets or waste valuable time feeling sorry for ourselves. David Sedaris has studied this phenomenon, and his resulting insights may very well save your life.",Mystery,Adult
We the People: The Modern-Day Figures Who Have Reshaped and Affirmed the Founding Fathers' Vision of America,31.95,3,In stock,http://books.toscrape.com/catalogue/we-the-people-the-modern-day-figures-who-have-reshaped-and-affirmed-the-founding-fathers-vision-of-america_302/index.html,"What would the Founding Fathers think about America today? Over 200 years ago the Founders broke away from the tyranny of the British Empire to build a nation based on the principles of freedom, equal rights, and opportunity for all men. But life in the United States today is vastly different from anything the original Founders could have imagined in the late 1700s. The notion of an African-American president of the United States, or a woman such as Condoleezza Rice or Hillary Clinton as Secretary of State, would have been unimaginable to the men who wrote the Declaration of Independence and the Constitution.",History,Adult
We Are All Completely Beside Ourselves,24.04,1,In stock,http://books.toscrape.com/catalogue/we-are-all-completely-beside-ourselves_301/index.html,"Meet the Cooke family. Our narrator is Rosemary Cooke. As a child, she never stopped talking; as a young woman, she has wrapped herself in silence: the silence of intentional forgetting, of protective cover. Something happened, something so awful she has buried it in the recesses of her mind. Now her adored older brother is a fugitive, wanted by the FBI for domestic terrorism. And her once lively mother is a shell of her former self, her clever and imperious father now a distant, brooding man. And Fern, Rosemary’s beloved sister, her accomplice in all their childhood mischief? Fern’s is a fate the family, in all their",Fiction,Adult
Walk the Edge (Thunder Road #2),32.36,3,In stock,http://books.toscrape.com/catalogue/walk-the-edge-thunder-road-2_300/index.html,"One moment of recklessness will change their worlds. Smart. Responsible. That's seventeen-year-old Breanna's role in her large family, and heaven forbid she put a toe out of line. Until one night of shockingly un-Breanna-like behavior puts her into a vicious cyber-bully's line of fire—and brings fellow senior Thomas ""Razor"" Turner into her life. Razor lives for the Reign of Terror motorcycle club, and good girls like Breanna just don't belong. But when he learns she's being blackmailed over a compromising picture of the two of them—a picture that turns one unexpected and beautiful moment into ugliness—he knows it's ti",Romance,Young Adult
Voyager (Outlander #3),21.07,5,In stock,http://books.toscrape.com/catalogue/voyager-outlander-3_299/index.html,"From the author of the breathtaking bestsellers Outlander and Dragonfly in Amber, the extraordinary saga continues. Their passionate encounter happened long ago by whatever measurement Claire Randall took. Two decades before, she had traveled back in time and into the arms of a gallant eighteenth-century Scot named Jamie Fraser. Then she returned to her own century to bear his child, believing him dead in the tragic battle of Culloden. Yet his memory has never lessened its hold on her... and her body still cries out for him in her dreams. Then Claire discovers that Jamie survived. Torn between returning to him and staying.",Fiction,Adult
Very Good Lives: The Fringe Benefits of Failure and the Importance of Imagination,50.66,3,In stock,http://books.toscrape.com/catalogue/very-good-lives-the-fringe-benefits-of-failure-and-the-importance-of-imagination_298/index.html,"In 2008, J.K. Rowling delivered a deeply affecting commencement speech at Harvard University. Now published for the first time in book form, Very Good Lives offers J.K. Rowling’s words of wisdom for anyone at a turning point in life, asking the profound and provocative questions: How can we embrace failure? And how can we use our imagination to better both ourselves and others? Drawing from stories of her own post-graduate years, the world-famous author addresses some of life’s most important issues with acuity and emotional force.",Non-Fiction,Adult
Vegan Vegetarian Omnivore: Dinner for Everyone at the Table,13.66,2,In stock,http://books.toscrape.com/catalogue/vegan-vegetarian-omnivore-dinner-for-everyone-at-the-table_297/index.html,"For years, Anna Thomas’s fans have cooked from her trailblazing vegetarian cookbooks. Now, Anna turns her thoughts to that larger question. We are eating differently: your daughter is a vegan, or you are but your in-laws don’t think it’s dinner without meat, or you’re hosting Thanksgiving for a mixed group… In this timely and useful new book, Anna offers her solutions for reuniting our divided tables. “My idea is simple,” says Anna. “Start with the food everyone eats, design a meal or a dish around that, then expand and elaborate with just the right amounts of the right cheeses, meats, or fish for your omnivores.",Non-Fiction,Adult
"Unstuffed: Decluttering Your Home, Mind, and Soul",58.09,1,In stock,http://books.toscrape.com/catalogue/unstuffed-decluttering-your-home-mind-and-soul_296/index.html,"STUFF. It's everywhere. Lurking in corners and closets, spilling onto counters and coffee tables, creating havoc everywhere we look. And it's not just the physical clutter that weighs us down. Oh no, it is the stress of overbooked schedules, and the weight of life that sometimes feels oppressive and totally out of whack. New York Times bestselling author Ruth Soukup feels your pain--she has been there too. Through personal stories, Biblical truth, and practical action plans, she will inspire and empower each of us to finally declutter not just our home, but our mind and soul as well. Unstuffed is real, honest, and ge",Self-Help,Adult
Under the Banner of Heaven: A Story of Violent Faith,30.0,1,In stock,http://books.toscrape.com/catalogue/under-the-banner-of-heaven-a-story-of-violent-faith_295/index.html,"Jon Krakauer’s literary reputation rests on insightful chronicles of lives conducted at the outer limits. He now shifts his focus from extremes of physical adventure to extremes of religious belief within our own borders, taking readers inside isolated American communities where some 40,000 Mormon Fundamentalists still practice polygamy. Defying both civil authorities and the Mormon establishment in Salt Lake City, the renegade leaders of these Taliban-like theocracies are zealots who answer only to God. At the core of Krakauer’s book are brothers Ron and Dan Lafferty, who insist they received a commandment from God to",Non-Fiction,Adult
Two Boys Kissing,32.74,2,In stock,http://books.toscrape.com/catalogue/two-boys-kissing_294/index.html,"New York Times bestselling author David Levithan tells the based-on-true-events story of Harry and Craig, two 17-year-olds who are about to take part in a 32-hour marathon of kissing to set a new Guinness World Record—all of which is narrated by a Greek Chorus of the generation of gay men lost to AIDS. While the two increasingly dehydrated and sleep-deprived boys are locking lips, they become a focal point in the lives of other teen boys dealing with languishing long-term relationships, coming out, navigating gender identity, and falling deeper into the digital rabbit hole of gay hookup sites.",Fiction,Young Adult
Twilight (Twilight #1),41.93,2,In stock,http://books.toscrape.com/catalogue/twilight-twilight-1_293/index.html,"About three things I was absolutely positive. First, Edward was a vampire. Second, there was a part of him—and I didn't know how dominant that part might be—that thirsted for my blood. And third, I was unconditionally and irrevocably in love with him. In the first book of the Twilight Saga, internationally bestselling author Stephenie Meyer introduces Bella Swan and Edward Cullen, a pair of star-crossed lovers whose forbidden relationship ripens against the backdrop of small-town suspicion and a mysterious coven of vampires. This is a love story with bite.",Fantasy,Young Adult
Twenties Girl,42.8,2,In stock,http://books.toscrape.com/catalogue/twenties-girl_292/index.html,"Lara Lington has always had an overactive imagination, but suddenly that imagination seems to be in overdrive. Normal professional twenty-something young women don't get visited by ghosts. Or do they? When the spirit of Lara's great-aunt Sadie-a feisty, demanding girl with firm ideas about fashion, love, and the right way to dance-mysteriously appears, she has one request: Lara must find a missing necklace that had been in Sadie's possession for more than seventy-five years, because Sadie cannot rest without it. Lara and Sadie make a hilarious sparring duo, and at first it seems as though they have nothing in common.",Fiction,Young Adult
"Trespassing Across America: One Man's Epic, Never-Done-Before (and Sort of Illegal) Hike Across the Heartland",53.51,1,In stock,http://books.toscrape.com/catalogue/trespassing-across-america-one-mans-epic-never-done-before-and-sort-of-illegal-hike-across-the-heartland_291/index.html,"Told with sincerity, humor, and wit, Trespassing Across America is both a fascinating account of one man’s remarkable journey along the Keystone XL pipeline and a meditation on climate change, the beauty of the natural world, and the extremes to which we can push ourselves—both physically and mentally. It started as a far-fetched idea—to hike the entire length of the proposed route of the Keystone XL pipeline. But in the months that followed, it grew into something more for Ken Ilgunas. It became an irresistible adventure—an opportunity not only to draw attention to global warming but also to explore his personal life.",Non-Fiction,Adult
Three-Martini Lunch,23.21,3,In stock,http://books.toscrape.com/catalogue/three-martini-lunch_290/index.html,"From the author of the “thrilling” (The Christian Science Monitor) novel The Other Typist comes an evocative, multilayered story of ambition, success, and secrecy in 1950s New York. In 1958, Greenwich Village buzzes with beatniks, jazz clubs, and new ideas—the ideal spot for three ambitious young people to meet. Cliff Nelson, the son of a successful book editor, is convinced he’s the next Kerouac, if only his father would notice. Eden Katz dreams of being an editor but is shocked when she encounters roadblocks to that ambition. And Miles Tillman, a talented black writer from Harlem, seeks to learn the truth about hi",Fiction,Adult
"Thinking, Fast and Slow",21.14,1,In stock,http://books.toscrape.com/catalogue/thinking-fast-and-slow_289/index.html,"In the highly anticipated Thinking, Fast and Slow, Kahneman takes us on a groundbreaking tour of the mind and explains the two systems that drive the way we think. System 1 is fast, intuitive, and emotional; System 2 is slower, more deliberative, and more logical. Kahneman exposes the extraordinary capabilities—and also the faults and biases—of fast thinking, and reveals the pervasive influence of intuitive impressions on our thoughts and behavior. The impact of loss aversion and overconfidence on corporate strategies, the difficulties of predicting what will make us happy in the future, the challenges of properly fr",Non-Fiction,Adult
The Wild Robot,56.07,3,In stock,http://books.toscrape.com/catalogue/the-wild-robot_288/index.html,"When robot Roz opens her eyes for the first time, she discovers that she is alone on a remote, wild island. Why is she there? Where did she come from? And, most important, how will she survive in her harsh surroundings? Roz's only hope is to learn from the island's hostile animal inhabitants. When she tries to care for an orphaned gosling, the other animals finally decide to help, and the island starts to feel like home. Until one day, the robot's mysterious past comes back to haunt her.",Fiction,Children
"The Wicked + The Divine, Vol. 3: Commercial Suicide (The Wicked + The Divine)",14.41,3,In stock,http://books.toscrape.com/catalogue/the-wicked-the-divine-vol-3-commercial-suicide-the-wicked-the-divine_287/index.html,"After the detonation of FANDEMONIUM the gods-as-pop-stars of THE WICKED + THE DIVINE try living in the long dark shadow. Team WicDiv are joined by a stellar cast of guest artists to put the spotlight on each of the gods. The multiple Eisner Award nominated series continues in the only way it knows how: darker, weirder, faster. Don't worry. It's going to be okay. Collects THE WICKED + THE DIVINE #12-17",Fantasy,Young Adult
The Undomestic Goddess,45.75,4,In stock,http://books.toscrape.com/catalogue/the-undomestic-goddess_286/index.html,"Workaholic attorney Samantha Sweeting has just done the unthinkable. She’s made a mistake so huge, it’ll wreck any chance of a partnership. Going into utter meltdown, she walks out of her London office, gets on a train, and ends up in the middle of nowhere. Asking for directions at a big, beautiful house, she’s mistaken for an interviewee and finds herself being offered a job as housekeeper. Her employers have no idea they’ve hired a lawyer–and Samantha has no idea how to work the oven. She can’t sew on a button, bake a potato, or get the #@%# ironing board to open. How she takes a deep breath and begins to cope–",Fiction,Adult
The Travelers,15.77,1,In stock,http://books.toscrape.com/catalogue/the-travelers_285/index.html,"A pulse-racing international thriller from the New York Times bestselling author of The Expats and The AccidentIt’s 3:00am. Do you know where your husband is?Meet Will Rhodes: travel writer, recently married, barely solvent, his idealism rapidly giving way to disillusionment and the worry that he’s living the wrong life. Then one night, on assignment for the award-winning Travelers magazine in the wine region of Argentina, a beautiful woman makes him an offer he can’t refuse. Soon Will’s bad choices—and dark secrets—take him across Europe, from a chateau in Bordeaux to a midnight raid on a Paris mansion, from a dive b",Thriller,Adult
The Tipping Point: How Little Things Can Make a Big Difference,10.02,2,In stock,http://books.toscrape.com/catalogue/the-tipping-point-how-little-things-can-make-a-big-difference_284/index.html,"The tipping point is that magic moment when an idea, trend, or social behavior crosses a threshold, tips, and spreads like wildfire. Just as a single sick person can start an epidemic of the flu, so too can a small but precisely targeted push cause a fashion trend, the popularity of a new product, or a drop in the crime rate. This widely acclaimed bestseller, in which Malcolm Gladwell explores and brilliantly illuminates the tipping point phenomenon, is already changing the way people throughout the world think about selling products and disseminating ideas.Gladwell introduces us to the particular personality types w",Non-Fiction,Adult
The Thing About Jellyfish,48.77,1,In stock,http://books.toscrape.com/catalogue/the-thing-about-jellyfish_283/index.html,"This stunning debut novel about grief and wonder was an instant New York Times bestseller and captured widespread critical acclaim, including selection as a 2015 National Book Award finalist! After her best friend dies in a drowning accident, Suzy is convinced that the true cause of the tragedy must have been a rare jellyfish sting-things don't just happen for no reason. Retreating into a silent world of imagination, she crafts a plan to prove her theory--even if it means traveling the globe, alone. Suzy's achingly heartfelt journey explores life, death, the astonishing wonder of the universe...and the potential for",Fiction,Young Adult
The Stand,57.86,2,In stock,http://books.toscrape.com/catalogue/the-stand_282/index.html,"This is the way the world ends: with a nanosecond of computer error in a Defense Department laboratory and a million casual contacts that form the links in a chain letter of death. And here is the bleak new world of the day after: a world stripped of its institutions and emptied of 99 percent of its people. A world in which a handful of panicky survivors choose sides -- or are chosen. A world in which good rides on the frail shoulders of the 108-year-old Mother Abagail -- and the worst nightmares of evil are embodied in a man with a lethal smile and unspeakable powers: Randall Flagg, the dark man.",Fiction,Adult
The Smitten Kitchen Cookbook,23.59,1,In stock,http://books.toscrape.com/catalogue/the-smitten-kitchen-cookbook_281/index.html,"The long-awaited cookbook by Deb Perelman of Smitten Kitchen—home cook, mom, photographer, and celebrated food blogger.Deb Perelman loves to cook. It’s as simple as that. She isn’t a chef or a restaurant owner—she’s never even waitressed. Cooking in her tiny Manhattan kitchen was, at least at first, for special occasions—and, too often, an unnecessarily daunting venture. Deb found herself overwhelmed by the number of recipes available to her. Have you ever searched for the perfect birthday cake on Google? You’ll get more than three million results. How do you choose? Where do you start? What if you pick a recipe that",Cookbook,Adult
The Silkworm (Cormoran Strike #2),23.05,5,In stock,http://books.toscrape.com/catalogue/the-silkworm-cormoran-strike-2_280/index.html,"Private investigator Cormoran Strike returns in a new mystery from Robert Galbraith, author of the #1 international bestseller The Cuckoo's Calling. When novelist Owen Quine goes missing, his wife calls in private detective Cormoran Strike. At first, Mrs. Quine just thinks her husband has gone off by himself for a few days—as he has done before—and she wants Strike to find him and bring him home. But as Strike investigates, it becomes clear that there is more to Quine's disappearance than his wife realizes. The novelist has just completed a manuscript featuring poisonous pen-portraits of almost everyone he knows.",Mystery,Adult
"The Sandman, Vol. 3: Dream Country (The Sandman (volumes) #3)",55.55,5,In stock,http://books.toscrape.com/catalogue/the-sandman-vol-3-dream-country-the-sandman-volumes-3_279/index.html,"The third volume of the Sandman collection is a series of four short comic book stories. In each of these otherwise unrelated stories, Morpheus serves only as a minor character. Here we meet the mother of Morpheus's son, find out what cats dream about, and discover the true origin behind Shakespeare's A Midsummer's Night Dream. The latter won a World Fantasy Award for best short story, the first time a comic book was given that honor. collecting The Sandman #17–20",Fantasy,Adult
The Rose & the Dagger (The Wrath and the Dawn #2),58.64,4,In stock,http://books.toscrape.com/catalogue/the-rose-the-dagger-the-wrath-and-the-dawn-2_278/index.html,"The much anticipated sequel to the breathtaking The Wrath and the Dawn, lauded by Publishers Weekly as ""a potent page-turner of intrigue and romance."" I am surrounded on all sides by a desert. A guest, in a prison of sand and sun. My family is here. And I do not know whom I can trust. In a land on the brink of war, Shahrzad has been torn from the love of her husband Khalid, the Caliph of Khorasan. She once believed him a monster, but his secrets revealed a man tormented by guilt and a powerful curse—one that might keep them apart forever. Reunited with her family, who have taken refuge with enemies of Khalid, and Tariq,",Fantasy,Young Adult
The Road to Little Dribbling: Adventures of an American in Britain (Notes From a Small Island #2),23.21,1,In stock,http://books.toscrape.com/catalogue/the-road-to-little-dribbling-adventures-of-an-american-in-britain-notes-from-a-small-island-2_277/index.html,"The hilarious and loving sequel to a hilarious and loving classic of travel writing: Notes from a Small Island, Bill Bryson’s valentine to his adopted country of England. In 1995 Bill Bryson got into his car and took a weeks-long farewell motoring trip about England before moving his family back to the United States. The book about that trip, Notes from a Small Island, is uproarious and endlessly endearing, one of the most acute and affectionate portrayals of England in all its glorious eccentricity ever written. Two decades later, he set out again to rediscover that country, and the result is The Road to Little Dribbl.",Non-Fiction,Adult
The Rise of Theodore Roosevelt (Theodore Roosevelt #1),42.57,3,In stock,http://books.toscrape.com/catalogue/the-rise-of-theodore-roosevelt-theodore-roosevelt-1_276/index.html,"Selected by the Modern Library as one of the 100 best nonfiction books of all time. Described by the Chicago Tribune as ""a classic,"" The Rise of Theodore Roosevelt stands as one of the greatest biographies of our time. The publication of The Rise of Theodore Roosevelt on September 14th, 2001 marks the 100th anniversary of Theodore Roosevelt becoming president.",Biography,Adult
The Restaurant at the End of the Universe (Hitchhiker's Guide to the Galaxy #2),10.92,1,In stock,http://books.toscrape.com/catalogue/the-restaurant-at-the-end-of-the-universe-hitchhikers-guide-to-the-galaxy-2_275/index.html,"Facing annihilation at the hands of the warlike Vogons is a curious time to have a craving for tea. It could only happen to the cosmically displaced Arthur Dent and his curious comrades in arms as they hurtle across space powered by pure improbability and desperately in search of a place to eat. Among Arthur's motley shipmates are Ford Prefect, a longtime friend and expert contributor to the Hitchhiker's Guide to the Galaxy; Zaphod Beeblebrox, the three-armed, two-headed ex-president of the galaxy; Tricia McMillan, a fellow Earth refugee who's gone native (her name is Trillian now); and Marvin, the moody android who su",Science Fiction,Adult
The Rest Is Noise: Listening to the Twentieth Century,34.77,1,In stock,http://books.toscrape.com/catalogue/the-rest-is-noise-listening-to-the-twentieth-century_274/index.html,"The Rest Is Noise: Listening to the Twentieth Century is a voyage into the labyrinth of modern music, which remains an obscure world for most people. While paintings of Picasso and Jackson Pollock sell for a hundred million dollars or more, and lines from T. S. Eliot are quoted on the yearbook pages of alienated teenagers across the land, twentieth-century classical music still sends ripples of unease through audiences. At the same time, its influence can be felt everywhere. Atonal chords crop up in jazz. Avant-garde sounds populate the soundtracks of Hollywood thrillers. Minimalism has had a huge effect on rock, pop,",Non-Fiction,Adult
The Red Tent,35.66,5,In stock,http://books.toscrape.com/catalogue/the-red-tent_273/index.html,"Her name is Dinah. In the Bible, her life is only hinted at in a brief and violent detour within the more familiar chapters of the Book of Genesis that are about her father, Jacob, and his dozen sons. Told in Dinah's voice, this novel reveals the traditions and turmoils of ancient womanhood--the world of the red tent. It begins with the story of her mothers--Leah, Rachel, Zilpah, and Bilhah--the four wives of Jacob. They love Dinah and give her gifts that sustain her through a hard-working youth, a calling to midwifery, and a new home in a foreign land. Dinah's story reaches out from a remarkable period of early histo",Fiction,Adult
The Purpose Driven Life: What on Earth Am I Here for?,37.19,3,In stock,http://books.toscrape.com/catalogue/the-purpose-driven-life-what-on-earth-am-i-here-for_272/index.html,"A #1 New York Times bestseller, The Purpose Driven Life will help you understand why you are alive and reveal God's amazing plan for you both here and now, and for eternity. Rick Warren will guide you through a personal forty-day spiritual journey that will transform your answer to life's most important question: What on earth am I here for? Knowing God's purpose for creating you will reduce your stress, focus your energy, simplify your decisions, give meaning to your life, and most important, prepare you for eternity.",Self-Help,Adult
The Purest Hook (Second Circle Tattoos #3),12.25,1,In stock,http://books.toscrape.com/catalogue/the-purest-hook-second-circle-tattoos-3_271/index.html,"Can a love built on secrets survive? Rugged, hot, and rock hard, Dred Zander is exactly the type of man that normally sends Pixie running. Not dreaming about running her hands down his washboard abs...and lower. The lead singer and guitarist for the band Preload embodies trouble behind his quick smile and guarded eyes, and Pixie left trouble behind her years ago along with the name Sarah Jane Travers and the pathetic trailer her mom called home. With her abusive past in her past, she has a new life, a new family at Second Circle, and a dream of opening her own business. She needs capital and time. What she doesn't need",Romance,Adult
The Picture of Dorian Gray,29.7,2,In stock,http://books.toscrape.com/catalogue/the-picture-of-dorian-gray_270/index.html,"Written in his distinctively dazzling manner, Oscar Wilde’s story of a fashionable young man who sells his soul for eternal youth and beauty is the author’s most popular work. The tale of Dorian Gray’s moral disintegration caused a scandal when it ﬁrst appeared in 1890, but though Wilde was attacked for the novel’s corrupting inﬂuence, he responded that there is, in fact, “a terrible moral in Dorian Gray.” Just a few years later, the book and the aesthetic/moral dilemma it presented became issues in the trials occasioned by Wilde’s homosexual liaisons, which resulted in his impriso",Fiction,Adult
The Paris Wife,36.8,3,In stock,http://books.toscrape.com/catalogue/the-paris-wife_269/index.html,"A deeply evocative story of ambition and betrayal, The Paris Wife captures a remarkable period of time and a love affair between two unforgettable people: Ernest Hemingway and his wife Hadley. Chicago, 1920: Hadley Richardson is a quiet twenty-eight-year-old who has all but given up on love and happiness—until she meets Ernest Hemingway and her life changes forever. Following a whirlwind courtship and wedding, the pair set sail for Paris, where they become the golden couple in a lively and volatile group—the fabled “Lost Generation”—that includes Gertrude Stein, Ezra Pound, and F. Scott and Zelda Fitzgerald.",Fiction,Adult
The Obsession,45.43,1,In stock,http://books.toscrape.com/catalogue/the-obsession_268/index.html,"The riveting new novel from the #1 New York Times bestselling author of The Liar. Naomi Bowes lost her innocence the night she followed her father into the woods. In freeing the girl trapped in the root cellar, Naomi revealed the horrible extent of her father’s crimes and made him infamous. Now a successful photographer living under the name Naomi Carson, she has found a place that calls to her, thousands of miles away from everything she’s ever known. Naomi wants to embrace the solitude, but the residents of Sunrise Cove keep forcing her to open up—especially the determined Xander Keaton. Naomi can feel her defenses fa",Fiction,Adult
The Nightingale,26.26,4,In stock,http://books.toscrape.com/catalogue/the-nightingale_267/index.html,"In love we find out who we want to be.In war we find out who we are.FRANCE, 1939In the quiet village of Carriveau, Vianne Mauriac says goodbye to her husband, Antoine, as he heads for the Front. She doesn’t believe that the Nazis will invade France...but invade they do, in droves of marching soldiers, in caravans of trucks and tanks, in planes that fill the skies and drop In love we find out who we want to be.In war we find out who we are.FRANCE, 1939In the quiet village of Carriveau, Vianne Mau",Historical Fiction,Adult
The New Guy (and Other Senior Year Distractions),44.92,3,In stock,http://books.toscrape.com/catalogue/the-new-guy-and-other-senior-year-distractions_266/index.html,"A ridiculously cute, formerly-famous new guy dropping into your life? It's practically every girl's dream. But not Jules McCallister-Morgan's. I realize that on paper I look like your standard type-A, neurotic, overachiever. And maybe I am. But I didn't get to be the editor of my school's long-revered newspaper by just showing up*. I have one main goal for my senior year-early acceptance into my first choice Ivy League college-and I will not be deterred by best friends, moms who think I could stand to ""live a little,"" or boys. At least, that was the plan before I knew about Alex Powell**.",Fiction,Young Adult
The Nanny Diaries (Nanny #1),52.53,5,In stock,http://books.toscrape.com/catalogue/the-nanny-diaries-nanny-1_265/index.html,"Wanted: One young woman to take care of four-year-old boy. Must be cheerful, enthusiastic and selfless--bordering on masochistic. Must relish sixteen-hour shifts with a deliberately nap-deprived preschooler. Must love getting thrown up on, literally and figuratively, by everyone in his family. Must enjoy the delicious anticipation of ridiculously erratic pay. Mostly, must love being treated like fungus found growing out of employers Hermès bag. Those who take it personally need not apply.Who wouldn't want this job? Struggling to graduate from NYU and afford her microscopic studio apartment, Nanny takes a position cari",Fiction,Young Adult
The Name of God is Mercy,37.25,2,In stock,http://books.toscrape.com/catalogue/the-name-of-god-is-mercy_264/index.html,"NEW YORK TIMES BESTSELLER •In his first book published as Pope, and in conjunction with the Extraordinary Jubilee of Mercy, Pope Francis here invites all humanity to an intimate and personal dialogue on the subject closest to his heart—mercy—which has long been the cornerstone of his faith and is now the central teaching of his papacy. In this conversation with Vatican reporter Andrea Tornielli, Francis explains—through memories from his youth and moving anecdotes from his experiences as a pastor—why “mercy is the first attribute of God.” God “does not want anyone to be lost. His mercy is infinitely greater than our s",Non-Fiction,Adult
The Maze Runner (The Maze Runner #1),20.93,1,In stock,http://books.toscrape.com/catalogue/the-maze-runner-the-maze-runner-1_263/index.html,"If you ain’t scared, you ain’t human. When Thomas wakes up in the lift, the only thing he can remember is his name. He’s surrounded by strangers—boys whose memories are also gone. Nice to meet ya, shank. Welcome to the Glade. Outside the towering stone walls that surround the Glade is a limitless, ever-changing maze. It’s the only way out—and no one’s ever made it through alive. Everything is going to change. Then a girl arrives. The first girl ever. And the message she delivers is terrifying. Remember. Survive. Run.",Fantasy,Young Adult
The Lover's Dictionary,58.09,2,In stock,http://books.toscrape.com/catalogue/the-lovers-dictionary_262/index.html,"There has to be a moment at the beginning when you wonder whether you're in love with the person or in love with the feeling of love itself. If the moment doesn't pass, that's it―you're done. And if the moment does pass, it never goes that far. It stands in the distance, ready for whenever you want it back. Sometimes it's even there when you thought you were searching for something else, like an escape route, or your lover's face. How does one talk about love? Do we even have the right words to describe something that can be both utterly mundane and completely transcendent, pulling us out of our everyday lives.",Romance,Adult
The Lonely Ones,43.59,5,In stock,http://books.toscrape.com/catalogue/the-lonely-ones_261/index.html,"When your only friend is your own endless imagination, how do you escape your mind and connect to the world around you? With parents too busy to pay her attention, an older brother and sister who would rather spend their time with friends, and peers who oscillate between picking on her and simply ignoring her, it's no wonder that Fain spends most of her time in a world of her own making. During the day, Fain takes solace in crafting her own fantastical adventures in writing, but in the darkness of night, these adventures come to life as Fain lives and breathes alongside a legion of imaginary creatures. Whether floati",Fantasy,Young Adult
The Lean Startup: How Today's Entrepreneurs Use Continuous Innovation to Create Radically Successful Businesses,33.92,3,In stock,http://books.toscrape.com/catalogue/the-lean-startup-how-todays-entrepreneurs-use-continuous-innovation-to-create-radically-successful-businesses_260/index.html,"Most startups fail. But many of those failures are preventable. The Lean Startup is a new approach being adopted across the globe, changing the way companies are built and new products are launched. Eric Ries defines a startup as an organization dedicated to creating something new under conditions of extreme uncertainty. This is just as true for one person in a garage or a group of seasoned professionals in a Fortune 500 boardroom. What they have in common is a mission to penetrate that fog of uncertainty to discover a successful path to a sustainable business. The Lean Startup approach fosters companies that are bot",Non-Fiction,Adult
The Last Painting of Sara de Vos,55.55,2,In stock,http://books.toscrape.com/catalogue/the-last-painting-of-sara-de-vos_259/index.html,"This is what we long for: the profound pleasure of being swept into vivid new worlds, worlds peopled by characters so intriguing and real that we can't shake them, even long after the reading's done. In his earlier, award-winning novels, Dominic Smith demonstrated a gift for coaxing the past to life. Now, in The Last Painting of Sara de Vos, he deftly bridges the historical and the contemporary, tracking a collision course between a rare landscape by a female Dutch painter of the golden age, an inheritor of the work in 1950s Manhattan, and a celebrated art historian who painted a forgery of it in her youth.",Fiction,Adult
"The Land of 10,000 Madonnas",29.64,4,In stock,http://books.toscrape.com/catalogue/the-land-of-10000-madonnas_258/index.html,"Five teens backpack through Europe to fulfill the mysterious dying wish of their friend. Jesse lives with his history professor dad in a house covered with postcards of images of the Madonna from all over the world. They’re gotten used to this life: two motherless dudes living among thousands of Madonnas. But Jesse has a heart condition that will ultimately cut his life tragically short. Before he dies, he arranges a mysterious trip to Europe for his three cousins, his best friend, and his girlfriend to take after he passes away. It’s a trip that will forever change the lives of these young teens and one that will hel",Fiction,Young Adult
The Infinities,27.41,1,In stock,http://books.toscrape.com/catalogue/the-infinities_257/index.html,"On a languid midsummer’s day in the countryside, old Adam Godley, a renowned theoretical mathematician, is dying. His family gathers at his bedside: his son, young Adam, struggling to maintain his marriage to a radiantly beautiful actress; his nineteen-year-old daughter, Petra, filled with voices and visions as she waits for the inevitable; their mother, Ursula, whose relations with the Godley children are strained at best; and Petra’s “young man”—very likely more interested in the father than the daughter—who has arrived for a superbly ill-timed visit.",Fiction,Adult
The Husband's Secret,52.51,5,In stock,http://books.toscrape.com/catalogue/the-husbands-secret_256/index.html,"At the heart of The Husband’s Secret is a letter that’s not meant to be read. My darling Cecilia, if you’re reading this, then I’ve died... Imagine that your husband wrote you a letter, to be opened after his death. Imagine, too, that the letter contains his deepest, darkest secret—something with the potential to destroy not just the life you built together, but the lives of others as well. Imagine, then, that you stumble across that letter while your husband is still very much alive. . . . Cecilia Fitzpatrick has achieved it all—she’s an incredibly successful businesswoman, a pillar of her small community, and a devoted",Fiction,Adult
The Hitchhiker's Guide to the Galaxy (Hitchhiker's Guide to the Galaxy #1),47.8,3,In stock,http://books.toscrape.com/catalogue/the-hitchhikers-guide-to-the-galaxy-hitchhikers-guide-to-the-galaxy-1_255/index.html,"Seconds before the Earth is demolished to make way for a galactic freeway, Arthur Dent is plucked off the planet by his friend Ford Prefect, a researcher for the revised edition of The Hitchhiker's Guide to the Galaxy who, for the last fifteen years, has been posing as an out-of-work actor. Together this dynamic pair begin a journey through space aided by quotes from The Hitchhiker's Guide ('A towel is about the most massively useful thing an interstellar hitchhiker can have') and a galaxy-full of fellow travelers: Zaphod Beeblebrox--the two-headed, three-armed ex-hippie and totally out-to-lunch president of the galaxy.",Science Fiction,Adult
The Guns of August,14.54,2,In stock,http://books.toscrape.com/catalogue/the-guns-of-august_254/index.html,"The Pulitzer Prize-winning classic about the outbreak of World War I. Historian & Pulitzer Prize-winning author Barbara Tuchman has brought to life again the people and events that led up to WWI. With attention to fascinating detail, and an intense knowledge of her subject and its characters, she reveals just how the war started, why, and why it could have been stopped but wasn't. A classic historical survey of a time and a people we all need to know more about, THE GUNS OF AUGUST will not be forgotten.",History,Adult
The Guernsey Literary and Potato Peel Pie Society,49.53,1,In stock,http://books.toscrape.com/catalogue/the-guernsey-literary-and-potato-peel-pie-society_253/index.html,"I wonder how the book got to Guernsey? Perhaps there is some sort of secret homing instinct in books that brings them to their perfect readers.” January 1946: London is emerging from the shadow of the Second World War, and writer Juliet Ashton is looking for her next book subject. Who could imagine that she would find it in a letter from a man she’s never met, a native of the island of Guernsey, who has come across her name written inside a book by Charles Lamb….As Juliet and her new correspondent exchange letters, Juliet is drawn into the world of this man and his friends—and what a wonderfully eccentric world it.",Fiction,Adult
The Goldfinch,43.58,3,In stock,http://books.toscrape.com/catalogue/the-goldfinch_252/index.html,"It begins with a boy. Theo Decker, a thirteen-year-old New Yorker, miraculously survives an accident that kills his mother. Abandoned by his father, Theo is taken in by the family of a wealthy friend. Bewildered by his strange new home on Park Avenue, disturbed by schoolmates who don't know how to talk to him, and tormented above all by his unbearable longing for his mother, he clings to one thing that reminds him of her: a small, mysteriously captivating painting that ultimately draws Theo into the underworld of art.As an adult, Theo moves silkily between the drawing rooms of the rich and the dusty labyrinth of an a",Fiction,Adult
The Giver (The Giver Quartet #1),12.3,1,In stock,http://books.toscrape.com/catalogue/the-giver-the-giver-quartet-1_251/index.html,"Featuring photographic artwork from the feature film on the cover, this handsome edition of The Giver is perfect for fans of the movie and the literary classic. Lois Lowry's 1994 Newbery Medal–winning tale has become one of the most influential novels of our time. The haunting story centers on Jonas who lives in a seemingly ideal, if colorless, world of conformity and contentment. Not until he is given his life assignment as the Receiver of Memory does he begin to understand the dark, complex secrets behind his fragile community. Lois Lowry has written three companion novels to The Giver, including Gathering Blu",Fiction,Young Adult
The Girl with All the Gifts,49.47,3,In stock,http://books.toscrape.com/catalogue/the-girl-with-all-the-gifts_250/index.html,"Melanie is a very special girl. Dr. Caldwell calls her ""our little genius."" Every morning, Melanie waits in her cell to be collected for class. When they come for her, Sergeant Parks keeps his gun pointing at her while two of his people strap her into the wheelchair. She thinks they don't like her. She jokes that she won't bite, but they don't laugh. Melanie loves school. She loves learning about spelling and sums and the world outside the classroom and the children's cells. She tells her favorite teacher all the things she'll do when she grows up. Melanie doesn't know why this makes Miss Justineau look sad.",Science Fiction,Young Adult
The Girl Who Played with Fire (Millennium Trilogy #2),22.14,2,In stock,http://books.toscrape.com/catalogue/the-girl-who-played-with-fire-millennium-trilogy-2_249/index.html,"Mikael Blomkvist, crusading journalist and publisher of the magazine Millennium, has decided to run a story that will expose an extensive sex trafficking operation between Eastern Europe and Sweden, implicating well-known and highly placed members of Swedish society, business, and government. But he has no idea just how explosive the story will be until, on the eve of publication, the two investigating reporters are murdered. And even more shocking for Blomkvist: the fingerprints found on the murder weapon belong to Lisbeth Salander—the troubled, wise-beyond-her-years genius hacker who came to his aid in The Girl with",Thriller,Adult
The Girl Who Kicked the Hornet's Nest (Millennium Trilogy #3),57.48,1,In stock,http://books.toscrape.com/catalogue/the-girl-who-kicked-the-hornets-nest-millennium-trilogy-3_248/index.html,"The stunning third and final novel in Stieg Larsson's internationally best-selling trilogy.Lisbeth Salander - the heart of Larsson's two previous novels - lies in critical condition, a bullet wound to her head, in the intensive care unit of a Swedish city hospital. She's fighting for her life in more ways than one: if and when she recovers, she'll be taken back to Stockholm to stand trial for three murders. With the help of her friend, journalist Mikael Blomkvist, she will not only have to prove her innocence, but also identify and denounce those in authority who have allowed the vulnerable, like herself, to suffer a",Thriller,Adult
The Exiled,43.45,3,In stock,http://books.toscrape.com/catalogue/the-exiled_247/index.html,"Can anyone ever truly outrun his past? Back in the 1980s, Wes Raney was an ambitious New York City Narcotics Detective with a growing drug habit of his own. While working undercover on a high-risk case, he made decisions that ultimately cost him not only his career, but also his family. Disgraced, Raney fled-but history is finally catching up with him. Now in his early forties, Raney has been living in exile, the sole homicide investigator covering a two-hundred-mile stretch of desert in New Mexico. His solitude is his salvation-but it ends when a brutal drug deal gone wrong results in a triple murder. Staged in a lock",Thriller,Adult
"The End of Faith: Religion, Terror, and the Future of Reason",22.13,4,In stock,http://books.toscrape.com/catalogue/the-end-of-faith-religion-terror-and-the-future-of-reason_246/index.html,"In The End of Faith, Sam Harris delivers a startling analysis of the clash between reason and religion in the modern world. He offers a vivid, historical tour of our willingness to suspend reason in favor of religious beliefs—even when these beliefs inspire the worst human atrocities. While warning against the encroachment of organized religion into world politics, Harris draws on insights from neuroscience, philosophy, and Eastern mysticism to deliver a call for a truly modern foundation for ethics and spirituality that is both secular and humanistic. Winner of the 2005 PEN/Martha Albrand Award for Nonfiction.",Non-Fiction,Adult
"The Elegant Universe: Superstrings, Hidden Dimensions, and the Quest for the Ultimate Theory",13.03,4,In stock,http://books.toscrape.com/catalogue/the-elegant-universe-superstrings-hidden-dimensions-and-the-quest-for-the-ultimate-theory_245/index.html,"The international bestseller that inspired a major Nova special and sparked a new understanding of the universe, now with a new preface and epilogue. Brian Greene, one of the world's leading string theorists, peels away layers of mystery to reveal a universe that consists of eleven dimensions, where the fabric of space tears and repairs itself, and all matter—from the smallest quarks to the most gargantuan supernovas—is generated by the vibrations of microscopically tiny loops of energy. The Elegant Universe makes some of the most sophisticated concepts ever contemplated accessible and thoroughly entertaining, bringing",Science,Adult
"The Disappearing Spoon: And Other True Tales of Madness, Love, and the History of the World from the Periodic Table of the Elements",57.35,5,In stock,http://books.toscrape.com/catalogue/the-disappearing-spoon-and-other-true-tales-of-madness-love-and-the-history-of-the-world-from-the-periodic-table-of-the-elements_244/index.html,"From New York Times bestselling author Sam Kean comes incredible stories of science, history, finance, mythology, the arts, medicine, and more, as told by the Periodic Table. Why did Gandhi hate iodine (I, 53)? How did radium (Ra, 88) nearly ruin Marie Curie's reputation? And why is gallium (Ga, 31) the go-to element for laboratory pranksters?*The Periodic Table is a crowning scientific achievement, but it's also a treasure trove of adventure, betrayal, and obsession. These fascinating tales follow every element on the table as they play out their parts in human history, and in the lives of the (frequently) mad scient",Non-Fiction,Adult
The Devil Wears Prada (The Devil Wears Prada #1),44.29,1,In stock,http://books.toscrape.com/catalogue/the-devil-wears-prada-the-devil-wears-prada-1_243/index.html,"A delightfully dishy novel about the all-time most impossible boss in the history of impossible bosses. Andrea Sachs, a small-town girl fresh out of college, lands the job “a million girls would die for.” Hired as the assistant to Miranda Priestly, the high-profile, fabulously successful editor of 'Runway' magazine, Andrea finds herself in an office that shouts 'Prada! Armani! Versace!' at every turn, a world populated by impossibly thin, heart-wrenchingly stylish women and beautiful men clad in fine-ribbed turtlenecks and tight leather pants that show off their lifelong dedication to the gym. With breathtaking ease,",Fiction,Young Adult
The Demon-Haunted World: Science as a Candle in the Dark,52.25,4,In stock,http://books.toscrape.com/catalogue/the-demon-haunted-world-science-as-a-candle-in-the-dark_242/index.html,"How can we make intelligent decisions about our increasingly technology-driven lives if we don't understand the difference between the myths of pseudoscience and the testable hypotheses of science? Pulitzer Prize-winning author and distinguished astronomer Carl Sagan argues that scientific thinking is critical not only to the pursuit of truth but to the very well-being of our democratic institutions. Casting a wide net through history and culture, Sagan examines and authoritatively debunks such celebrated fallacies of the past as witchcraft, faith healing, demons, and UFOs. And yet, disturbingly, in today's so-called i",Non-Fiction,Adult
The Day the Crayons Came Home (Crayons),26.33,5,In stock,http://books.toscrape.com/catalogue/the-day-the-crayons-came-home-crayons_241/index.html,"The companion to the #1 blockbuster bestseller, The Day the Crayons Quit! I'm not sure what it is about this kid Duncan, but his crayons sure are a colorful bunch of characters! Having soothed the hurt feelings of one group who threatened to quit, Duncan now faces a whole new group of crayons asking to be rescued. From Maroon Crayon, who was lost beneath the sofa cushions and then broken in two after Dad sat on him; to poor Turquoise, whose head is now stuck to one of Duncan's stinky socks after they both ended up in the dryer together; to Pea Green, who knows darn well that no kid likes peas and who ran away—each and",Children,Children
The Da Vinci Code (Robert Langdon #2),22.96,2,In stock,http://books.toscrape.com/catalogue/the-da-vinci-code-robert-langdon-2_240/index.html,"An ingenious code hidden in the works of Leonardo da Vinci. A desperate race through the cathedrals and castles of Europe. An astonishing truth concealed for centuries . . . unveiled at last.While in Paris, Harvard symbologist Robert Langdon is awakened by a phone call in the dead of the night. The elderly curator of the Louvre has been murdered inside the museum, his body covered in baffling symbols. As Langdon and gifted French cryptologist Sophie Neveu sort through the bizarre riddles, they are stunned to discover a trail of clues hidden in the works of Leonardo da Vinci—clues visible for all to see and yet ingeniously concealed.",Thriller,Adult
The Cuckoo's Calling (Cormoran Strike #1),19.21,1,In stock,http://books.toscrape.com/catalogue/the-cuckoos-calling-cormoran-strike-1_239/index.html,"A BRILLIANT DEBUT MYSTERY IN A CLASSIC VEIN: DETECTIVE CORMORAN STRIKE INVESTIGATES A SUPERMODEL'S SUICIDE. After losing his leg to a land mine in Afghanistan, Cormoran Strike is barely scraping by as a private investigator. Strike is down to one client, and creditors are calling. He has also just broken up with his longtime girlfriend and is living in his office. Then John Bristow walks through his door with an amazing story: His sister, the legendary supermodel Lula Landry, known to her friends as the Cuckoo, famously fell to her death a few months earlier. The police ruled it a suicide, but John refuses to believe.",Mystery,Adult
The Complete Stories and Poems (The Works of Edgar Allan Poe [Cameo Edition]),26.78,4,In stock,http://books.toscrape.com/catalogue/the-complete-stories-and-poems-the-works-of-edgar-allan-poe-cameo-edition_238/index.html,"This single volume brings together all of Poe's stories and poems, and illuminates the diverse and multifaceted genius of one of the greatest and most influential figures in American literary history.",Fiction,Adult
The Complete Poems,41.32,5,In stock,http://books.toscrape.com/catalogue/the-complete-poems_237/index.html,"THE ONLY ONE-VOLUME EDITION CONTAINING ALL 1,775 OF EMILY DICKINSON’S POEMSOnly eleven of Emily Dickinson’s poems were published prior to her death in 1886; the startling originality of her work doomed it to obscurity in her lifetime. Early posthumously published collections-some of them featuring liberally “edited” versions of the poems-did not fully and accurately represent Dickinson’s bold experiments in prosody, her tragic vision, and the range of her intellectual and emotional explorations. Not until the 1955 publication of The Complete Poems of Emily Dickinson, a three-volume critical edition compiled by Thomas",Poetry,Adult
The Catcher in the Rye,24.55,1,In stock,http://books.toscrape.com/catalogue/the-catcher-in-the-rye_236/index.html,"the first thing you'll probably want to know is where I was born and what my lousy childhood was like, and how my parents were occupied and all before they had me, and all that David Copperfield kind of crap, but I don't feel like going into it, if you want to know the truth. In the first place, that stuff bores me, and in the second place, my parents would have about two hemorrhages apiece if I told anything pretty personal about them. Since his debut in 1951 as The Catcher in the Rye, Holden Caulfield has been synonymous with 'cynical adolescent.' Holden narrates the story of a couple of days in his sixteen-year",Fiction,Young Adult
The Cat in the Hat (Beginner Books B-1),16.26,2,In stock,http://books.toscrape.com/catalogue/the-cat-in-the-hat-beginner-books-b-1_235/index.html,"Join the Cat in the Hat as he makes learning to read a joy! It’s a rainy day and Dick and Sally can’t find anything to do . . . until the Cat in the Hat unexpectedly appears and turns their dreary afternoon into a fun-filled extravaganza! This beloved Beginner Book by Dr. Seuss, which also features timeless Dr. Seuss characters such as Fish and Thing 1 and Thing 2, is fun to read aloud and easy to read alone. Written using 236 different words that any first or second grader can read, it’s a fixture in home and school libraries and a favorite among parents, beginning readers, teachers, and librarians.",Children,Children
The Case for Christ (Cases for Christianity),47.84,1,In stock,http://books.toscrape.com/catalogue/the-case-for-christ-cases-for-christianity_234/index.html,"Using the dramatic scenario of an investigative journalist pursuing his story and leads, Lee Strobel uses his experience as a reporter for the Chicago Tribune to interview experts about the evidence for Christ from the fields of science, philosophy, and history.",Non-Fiction,Adult
The Book Thief,53.49,2,In stock,http://books.toscrape.com/catalogue/the-book-thief_233/index.html,"It’s just a small story really, about among other things: a girl, some words, an accordionist, some fanatical Germans, a Jewish fist-fighter, and quite a lot of thievery. . . .Set during World War II in Germany, Markus Zusak’s groundbreaking new novel is the story of Liesel Meminger, a foster girl living outside of Munich. Liesel scratches out a meager existence for herself by stealing when she encounters something she can’t resist–books. With the help of her accordion-playing foster father, she learns to read and shares her stolen books with her neighbors during bombing raids as well as with the Jewish man hidden in",Fiction,Young Adult
The Book of Basketball: The NBA According to The Sports Guy,44.84,5,In stock,http://books.toscrape.com/catalogue/the-book-of-basketball-the-nba-according-to-the-sports-guy_232/index.html,"There is only one writer on the planet who possesses enough basketball knowledge and passion to write the definitive book on the NBA.* Bill Simmons, the from-the-womb hoops addict known to millions as ESPN.com’s Sports Guy, is that writer. And The Book of Basketball is that book. Nowhere in the roundball universe will you find another single volume that covers as much in such depth as this wildly opinionated and thoroughly entertaining look at the past, present, and future of pro basketball.From the age-old question of who actually won the rivalry between Bill Russell and Wilt Chamberlain to the one about which team",Non-Fiction,Adult
The Blind Side: Evolution of a Game,53.71,5,In stock,http://books.toscrape.com/catalogue/the-blind-side-evolution-of-a-game_231/index.html,"When we first meet Michael Oher is one of thirteen children by a mother addicted to crack; he does not know his real name, his father, his birthday, or how to read or write. He takes up football, and school, after a rich, white, Evangelical family plucks him from the streets. Then two great forces alter Oher: the family's love and the evolution of professional football itself into a game in which the quarterback must be protected at any cost. Our protagonist becomes the priceless package of size, speed, and agility necessary to guard the quarterback's greatest vulnerability: his blind side.",Biography,Adult
The Autobiography of Malcolm X,23.43,2,In stock,http://books.toscrape.com/catalogue/the-autobiography-of-malcolm-x_230/index.html,"From hustling, drug addiction and armed violence in America's black ghettos Malcolm X turned, in a dramatic prison conversion, to the puritanical fervour of the Black Muslims. As their spokesman he became identified in the white press as a terrifying teacher of race hatred; but to his direct audience, the oppressed American blacks, he brought hope and self-respect. This autobiography (written with Alex Haley) reveals his quick-witted integrity, usually obscured by batteries of frenzied headlines, and the fierce idealism which led him to reject both liberal hypocrisies and black racialism.",Biography,Adult
"The Art of Simple Food: Notes, Lessons, and Recipes from a Delicious Revolution",34.32,3,In stock,http://books.toscrape.com/catalogue/the-art-of-simple-food-notes-lessons-and-recipes-from-a-delicious-revolution_229/index.html,"Perhaps more responsible than anyone for the revolution in the way we eat, cook, and think about food, Alice Waters has “single-handedly chang[ed] the American palate” according to the New York Times. Her simple but inventive dishes focus on a passion for flavor and a reverence for locally produced, seasonal foods.With an essential repertoire of timeless, approachable recipes chosen to enhance and showcase great ingredients, The Art of Simple Food is an indispensable resource for home cooks. Here you will find Alice’s philosophy on everything from stocking your kitchen, to mastering fundamentals and preparing delicio",Non-Fiction,Adult
The Art of Fielding,22.1,1,In stock,http://books.toscrape.com/catalogue/the-art-of-fielding_228/index.html,"At Westish College, a small school on the shore of Lake Michigan, baseball star Henry Skrimshander seems destined for big league stardom. But when a routine throw goes disastrously off course, the fates of five people are upended. Henry’s fight against self-doubt threatens to ruin his future. College president Guert Affenlight, a longtime bachelor, has fallen unexpectedly and helplessly in love. Owen Dunne, Henry’s gay roommate and teammate, becomes caught up in a dangerous affair. Mike Schwartz, the Harpooners’ team captain and Henry's best friend, realizes he has guided Henry’s career at the expense of his own.",Fiction,Adult
"Surely You're Joking, Mr. Feynman!: Adventures of a Curious Character",25.83,2,In stock,http://books.toscrape.com/catalogue/surely-youre-joking-mr-feynman-adventures-of-a-curious-character_227/index.html,"Richard Feynman (1918-1988), winner of the Nobel Prize in physics, thrived on outrageous adventures. Here he recounts in his inimitable voice his experience trading ideas on atomic physics with Einstein and Bohr and ideas on gambling with Nick the Greek; cracking the uncrackable safes guarding the most deeply held nuclear secrets; painting a naked female toreador - and much else of an eyebrow-raising nature.In short, here is Feynman's life in all its eccentric glory - a combustible mixture of high intelligence, unlimited curiosity, and raging chutzpah.",Biography,Adult
Stiff: The Curious Lives of Human Cadavers,36.74,3,In stock,http://books.toscrape.com/catalogue/stiff-the-curious-lives-of-human-cadavers_226/index.html,"Stiff is an oddly compelling, often hilarious exploration of the strange lives of our bodies postmortem. For two thousand years, cadavers—some willingly, some unwittingly—have been involved in science's boldest strides and weirdest undertakings. In this fascinating account, Mary Roach visits the good deeds of cadavers over the centuries and tells the engrossing story of our bodies when we are no longer with them.",Non-Fiction,Adult
Spilled Milk: Based on a True Story,49.51,1,In stock,http://books.toscrape.com/catalogue/spilled-milk-based-on-a-true-story_225/index.html,"Brooke Nolan is a battered child who makes an anonymous phone call about the escalating brutality in her home. When social services jeopardize her safety condemning her to keep her father’s secret, it’s a glass of spilled milk at the dinner table that forces her to speak about the cruelty she’s been hiding. In her pursuit for safety and justice Brooke battles a broken system that pushes to keep her father in the home. When jury members and a love interest congregate to inspire her to fight, she risks losing the support of family and comes to the realization that some people simply do not want to be saved.",Fiction,Young Adult
Something Borrowed (Darcy & Rachel #1),48.96,5,In stock,http://books.toscrape.com/catalogue/something-borrowed-darcy-rachel-1_224/index.html,"Something Borrowed tells the story of Rachel, a young attorney living and working in Manhattan. Rachel has always been the consummate good girl—until her thirtieth birthday, when her best friend, Darcy, throws her a party. That night, after too many drinks, Rachel ends up in bed with Darcy's fiancé. Although she wakes up determined to put the one-night fling behind her, Rachel is horrified to discover that she has genuine feelings for the one guy she should run from. As the September wedding date nears, Rachel knows she has to make a choice. In doing so, she discovers that the lines between right and wrong can be blu",Romance,Adult
Something Blue (Darcy & Rachel #2),54.62,1,In stock,http://books.toscrape.com/catalogue/something-blue-darcy-rachel-2_223/index.html,"Following the smash-hit Something Borrowed comes story of betrayal, redemption, and forgiveness. Darcy Rhone has always been able to rely on a few things: Her beauty and charm. Her fiance, Dex. Her lifelong best friend, Rachel. She never needed anything else. Or so she thinks until Dex calls off their dream wedding and she uncovers the ultimate betrayal. Blaming everyone but herself, Darcy flees to London and attempts to re-create her glamorous life on a new continent. But to her dismay, she discovers that her tried-and-true tricks no longer apply—and that her luck has finally expired. It is only then that she can beg",Fiction,Adult
Soldier (Talon #3),24.72,2,In stock,http://books.toscrape.com/catalogue/soldier-talon-3_222/index.html,"The price of freedom is everything. When forced to choose between safety with the dragon organization Talon and being hunted forever as an outcast, Ember Hill chose to stand with Riley and his band of rogue dragons rather than become an assassin for Talon. She’s lost any contact with her twin brother, Dante, a Talon devotee, as well as Garret, the former-enemy soldier who challenged her beliefs about her human side. As Ember and Riley hide and regroup to fight another day, Garret journeys alone to the United Kingdom, birthplace of the ancient and secret Order of St. George, to spy on his former brothers and uncover dea",Fantasy,Young Adult
Shopaholic & Baby (Shopaholic #5),46.45,2,In stock,http://books.toscrape.com/catalogue/shopaholic-baby-shopaholic-5_221/index.html,"Becky Brandon (nee Bloomwood) is pregnant! She couldn't be more overjoyed-especially since discovering that shopping cures morning sickness. Everything has got to be perfect for her baby: from the designer nursery . . . to the latest, coolest pram . . . to the celebrity, must-have obstetrician. But when the celebrity obstetrician turns out to be her husband Luke's glamorous, intellectual ex-girlfriend, Becky's perfect world starts to crumble. She's shopping for two . . . but are there three in her marriage?",Fiction,Adult
Seven Days in the Art World,52.33,2,In stock,http://books.toscrape.com/catalogue/seven-days-in-the-art-world_220/index.html,"Named one of the best art books of 2008 by The New York Times and The Sunday Times [London]: “An indelible portrait of a peculiar society.”—Vogue The art market has been booming. Museum attendance is surging. More people than ever call themselves artists. Contemporary art has become a mass entertainment, a luxury good, a job description, and, for some, a kind of alternative religion. In a series of beautifully paced narratives, Sarah Thornton investigates the drama of a Christie's auction, the workings in Takashi Murakami's studios, the elite at the Basel Art Fair, the eccentricities of Artforum magazine, the competi",Non-Fiction,Adult
Seven Brief Lessons on Physics,30.6,4,In stock,http://books.toscrape.com/catalogue/seven-brief-lessons-on-physics_219/index.html,"Everything you need to know about the beauty of modern physics in less than 100 pages. In seven brief lessons, Italian theoretical physicist Carlo Rovelli guides readers with admirable clarity through the most transformative physics breakthroughs of the twentieth and twenty-first centuries. This playful, entertaining and mind-bending introduction to modern physics explains general relativity, quantum mechanics, elementary particles, gravity, black holes, the complex architecture of the universe, and the role of humans in the strange world Rovelli describes.",Science,Adult
Scarlet (The Lunar Chronicles #2),14.57,4,In stock,http://books.toscrape.com/catalogue/scarlet-the-lunar-chronicles-2_218/index.html,"Cinder, the cyborg mechanic, returns in the second thrilling installment of the bestselling Lunar Chronicles. She’s trying to break out of prison—even though if she succeeds, she’ll be the Commonwealth’s most wanted fugitive. Halfway around the world, Scarlet Benoit’s grandmother is missing. It turns out there are many things Scarlet doesn’t know about her grandmother or the grave danger she has lived in her whole life. When Scarlet encounters Wolf, a street fighter who may have information as to her grandmother’s whereabouts, she is loath to trust this stranger, but is inexplicably drawn to him, and he to her.",Fantasy,Young Adult
Sarah's Key,46.29,1,In stock,http://books.toscrape.com/catalogue/sarahs-key_217/index.html,"Paris, July 1942: Sarah, a ten year-old girl, is brutally arrested with her family by the French police in the Vel' d'Hiv' roundup, but not before she locks her younger brother in a cupboard in the family's apartment, thinking that she will be back within a few hours. Paris, May 2002: On Vel' d'Hiv's 60th anniversary, journalist Julia Jarmond is asked to write an article about this black day in France's past. Through her contemporary investigation, she stumbles onto a trail of long-hidden family secrets that connect her to Sarah. Julia finds herself compelled to retrace the girl's ordeal, from that terrible term in th",Historical Fiction,Adult
"Saga, Volume 3 (Saga (Collected Editions) #3)",21.57,5,In stock,http://books.toscrape.com/catalogue/saga-volume-3-saga-collected-editions-3_216/index.html,"From the Hugo Award-winning duo of Brian K. Vaughan (The Private Eye, Y: The Last Man) and Fiona Staples (North 40, Red Sonja), Saga is the sweeping tale of one young family fighting to find their place in the universe. Searching for their literary hero, new parents Marko and Alana travel to a cosmic lighthouse on the planet Quietus, while the couple's multiple pursuers finally close in on their targets. Collects issues 13-18.",Fantasy,Adult
Running with Scissors,12.91,4,In stock,http://books.toscrape.com/catalogue/running-with-scissors_215/index.html,"Augusten Burroughs is the author of the bestselling trilogy, Running with Scissors, Dry, and Lust & Wonder. Return to the memoir that started it all. The true story of a boy whose mother (a poet with delusions of Anne Sexton) gave him away to be raised by her unorthodox psychiatrist who bore a striking resemblance to Santa Claus. So at the age of twelve, Burroughs found himself amidst Victorian squalor living with the doctor's bizarre family, and befriending a paedophile who resided in the backyard shed. The story of an outlaw childhood where rules were unheard of, and the Christmas tree stayed up all year round, where Va",Biography,Adult
Rogue Lawyer (Rogue Lawyer #1),50.11,3,In stock,http://books.toscrape.com/catalogue/rogue-lawyer-rogue-lawyer-1_214/index.html,"On the right side of the law. Sort of. Sebastian Rudd is not your typical street lawyer. He works out of a customized bulletproof van, complete with Wi-Fi, a bar, a small fridge, fine leather chairs, a hidden gun compartment, and a heavily armed driver. He has no firm, no partners, no associates, and only one employee, his driver, who’s also his bodyguard, law clerk, confidant, and golf caddy. He lives alone in a small but extremely safe penthouse apartment, and his primary piece of furniture is a vintage pool table. He drinks small-batch bourbon and carries a gun. Sebastian defends people other lawyers won’t go n",Fiction,Adult
"Rise of the Rocket Girls: The Women Who Propelled Us, from Missiles to the Moon to Mars",41.67,4,In stock,http://books.toscrape.com/catalogue/rise-of-the-rocket-girls-the-women-who-propelled-us-from-missiles-to-the-moon-to-mars_213/index.html,"The riveting true story of the women who launched America into space. In the 1940s and 50s, when the newly minted Jet Propulsion Laboratory needed quick-thinking mathematicians to calculate velocities and plot trajectories, they didn't turn to male graduates. Rather, they recruited an elite group of young women who, with only pencil, paper, and mathematical prowess, transformed rocket design, helped bring about the first American satellites, and made the exploration of the solar system possible. For the first time, Rise of the Rocket Girls tells the stories of these women--known as 'human computers'--who broke the bou",Non-Fiction,Adult
Rework,44.88,2,In stock,http://books.toscrape.com/catalogue/rework_212/index.html,"Most business books give you the same old advice: Write a business plan, study the competition, seek investors, yadda yadda. If you're looking for a book like that, put this one back on the shelf. Rework shows you a better, faster, easier way to succeed in business. Read it and you'll know why plans are actually harmful, why you don't need outside investors, and why you're better off ignoring the competition. The truth is, you need less than you think. You don't need to be a workaholic. You don't need to staff up. You don't need to waste time on paperwork or meetings. You don't even need an office.",Non-Fiction,Adult
Reservations for Two,11.1,3,In stock,http://books.toscrape.com/catalogue/reservations-for-two_211/index.html,"Widowers Maggie O’Brien and Carson Jennings are both on a journey to rediscover who they are. Maggie, an adventurous former pastor’s wife of thirty-nine years, hopes to find closure in the place she and her husband spent their honeymoon. Carson, a retired judge, is living his lifelong dream of traveling across the U.S. in his RV. When their paths cross in the tranquil setting of Mason Springs, New Mexico, love is the last thing that either of them expects to find. When this mix matched pair comes together they find themselves in some hilarious and even precarious situations. As the romance begins to blossom they face",Romance,Adult
Red: The True Story of Red Riding Hood,28.54,3,In stock,http://books.toscrape.com/catalogue/red-the-true-story-of-red-riding-hood_210/index.html,"Red is the most wonder-filled fairy tale of them all!”—Chris Grabenstein, New York Times Bestselling author of Escape from Mr. Lemoncello's Library. Red is not afraid of the big bad wolf. She’s not afraid of anything . . . except magic. But when Red’s granny falls ill, it seems that only magic can save her, and fearless Red is forced to confront her one weakness. With the help of a blond, porridge-sampling nuisance called Goldie, Red goes on a quest to cure Granny. Her journey takes her through dwarves’ caverns to a haunted well and a beast’s castle. All the while, Red and Goldie are followed by a wolf and a huntsman.",Fantasy,Children
Ready Player One,19.07,4,In stock,http://books.toscrape.com/catalogue/ready-player-one_209/index.html,"In the year 2044, reality is an ugly place. The only time teenage Wade Watts really feels alive is when he's jacked into the virtual utopia known as the OASIS. Wade's devoted his life to studying the puzzles hidden within this world's digital confines, puzzles that are based on their creator's obsession with the pop culture of decades past and that promise massive power and fortune to whoever can unlock them. When Wade stumbles upon the first clue, he finds himself beset by players willing to kill to take this ultimate prize. The race is on, and if Wade's going to survive, he'll have to win—and confront the real wor",Science Fiction,Young Adult
Quiet: The Power of Introverts in a World That Can't Stop Talking,43.55,1,In stock,http://books.toscrape.com/catalogue/quiet-the-power-of-introverts-in-a-world-that-cant-stop-talking_208/index.html,"At least one-third of the people we know are introverts. They are the ones who prefer listening to speaking, reading to partying; who innovate and create but dislike self-promotion; who favor working on their own over brainstorming in teams. Although they are often labeled ""quiet,"" it is to introverts that we owe many of the great contributions to society--from van Gogh’s sunflowers to the invention of the personal computer. Passionately argued, impressively researched, and filled with indelible stories of real people, Quiet shows how dramatically we undervalue introverts, and how much we lose in doing so. Taking the r",Non-Fiction,Adult
Prodigy: The Graphic Novel (Legend: The Graphic Novel #2),43.63,3,In stock,http://books.toscrape.com/catalogue/prodigy-the-graphic-novel-legend-the-graphic-novel-2_207/index.html,"The second book in the best-selling Legend trilogy comes to life in this vibrant graphic novel adaptation. After escaping from the Republic's stronghold, Day and June are on the run in Vegas when the country learns that their Elector Primo has died and his son has stepped in to take his place. They meet up with the rebel stronghold of the Patriots—a large organization straddling the line between the Republic and its warring neighbor, the Colonies—and learn about an assassination plot against the Elector. Using threats and blackmail to get what he wants, the Patriots' leader, Razor, convinces June to let herself be cap",Graphic Novel,Young Adult
Persepolis: The Story of a Childhood (Persepolis #1-2),39.13,1,In stock,http://books.toscrape.com/catalogue/persepolis-the-story-of-a-childhood-persepolis-1-2_206/index.html,"Wise, funny, and heartbreaking, Persepolis is Marjane Satrapi’s memoir of growing up in Iran during the Islamic Revolution. In powerful black-and-white comic strip images, Satrapi tells the story of her life in Tehran from ages six to fourteen, years that saw the overthrow of the Shah’s regime, the triumph of the Islamic Revolution, and the devastating effects of war with Iraq. The intelligent and outspoken only child of committed Marxists and the great-granddaughter of one of Iran’s last em",Biography,Young Adult
Packing for Mars: The Curious Science of Life in the Void,56.68,2,In stock,http://books.toscrape.com/catalogue/packing-for-mars-the-curious-science-of-life-in-the-void_205/index.html,"The best-selling author of Stiff and Bonk explores the irresistibly strange universe of space travel and life without gravity. Space is a world devoid of the things we need to live and thrive: air, gravity, hot showers, fresh produce, privacy, beer. Space exploration is in some ways an exploration of what it means to be human. How much can a person give up? How much weirdness can they take? What happens to you when you can’t walk for a year? have sex? smell flowers? What happens if you vomit in your helmet during a space walk? Is it possible for the human body to survive a bailout at 17,000 miles per hour? To answer",Non-Fiction,Adult
Outliers: The Story of Success,14.16,1,In stock,http://books.toscrape.com/catalogue/outliers-the-story-of-success_204/index.html,"In this stunning new book, Malcolm Gladwell takes us on an intellectual journey through the world of ""outliers""--the best and the brightest, the most famous and the most successful. He asks the question: what makes high-achievers different? His answer is that we pay too much attention to what successful people are like, and too little attention to where they are from: that is, their culture, their family, their generation, and the idiosyncratic experiences of their upbringing. Along the way he explains the secrets of software billionaires, what it takes to be a great soccer player, why Asians are good at math, and what",Non-Fiction,Adult
Original Fake,31.45,3,In stock,http://books.toscrape.com/catalogue/original-fake_203/index.html,"In this Banksy-inspired illustrated novel, an escalating sibling rivalry train wrecks and vengeance is a street-art act of war. Introvert Frankie Neumann hates his life, and understandably so. He’s got a weird, tutu-wearing sister, Lou, and even weirder parents, Bridget and Brett—Frank Sinatra and Dr. Frank-N-Furter impersonators, respectively. And, he’s just the guy who makes pizza at Pizza Vendetta. Though he has secret artistic aspirations of his own, his over-the-top family makes him want to stay in the background. But Frankie's life is about to change—becoming way more interesting, even a little dangerous, but def",Fiction,Young Adult
Orange Is the New Black,24.61,2,In stock,http://books.toscrape.com/catalogue/orange-is-the-new-black_202/index.html,"With a career, a boyfriend, and a loving family, Piper Kerman barely resembles the reckless young woman who delivered a suitcase of drug money ten years before. But that past has caught up with her. Convicted and sentenced to fifteen months at the infamous federal correctional facility in Danbury, Connecticut, the well-heeled Smith College alumna is now inmate #11187–424 — one of the millions of people who disappear “down the rabbit hole” of the American penal system. From her first strip search to her final release, Kerman learns to navigate this strange world with its strictly enforced codes of behavior and arbitra",Biography,Adult
One for the Money (Stephanie Plum #1),32.87,2,In stock,http://books.toscrape.com/catalogue/one-for-the-money-stephanie-plum-1_201/index.html,"Pestered by her close New Jersey family, Stephanie Plum offers to catch high-school crush Joe Morelli, cop turned bail jumper, for her cousin Vinnie's company. She questions 'working girls' to find the missing girlfriend of vicious prizefighter Benito Ramirez while Joe secretly watches her back. Ranger mentors her and supplies vehicles when hers explode.",Fiction,Adult
Notes from a Small Island (Notes From a Small Island #1),40.17,1,In stock,http://books.toscrape.com/catalogue/notes-from-a-small-island-notes-from-a-small-island-1_200/index.html,"""Suddenly, in the space of a moment, I realized what it was that I loved about Britain-which is to say, all of it."" After nearly two decades spent on British soil, Bill Bryson - bestselling author of The Mother Tongue and Made in America-decided to return to the United States. (""I had recently read,"" Bryson writes, ""that 3.7 million Americans believed that they had been abducted by aliens at one time or another, so it was clear that my people needed me."") But before departing, he set out on a grand farewell tour of the green and kindly island that had so long been his home. Veering from the ludicrous to the endearing",Non-Fiction,Adult
Night (The Night Trilogy #1),13.51,1,In stock,http://books.toscrape.com/catalogue/night-the-night-trilogy-1_199/index.html,"Night is a work by Elie Wiesel about his experience with his father in the Nazi German concentration camps at Auschwitz and Buchenwald in 1944–1945, at the height of the Holocaust and toward the end of the Second World War. In just over 100 pages of sparse and fragmented narrative, Wiesel writes about the death of God and his own increasing disgust with humanity, reflected in the inversion of the father–child relationship as his father declines to a helpless state and Wiesel becomes his resentful teenage caregiver. Penetrating and powerful, as personal as The Diary Of Anne Frank, Night awakens the shocking memory of e",Biography,Adult
Neither Here nor There: Travels in Europe,38.95,3,In stock,http://books.toscrape.com/catalogue/neither-here-nor-there-travels-in-europe_198/index.html,"Bill Bryson's first travel book, The Lost Continent, was unanimously acclaimed as one of the funniest books in years. In Neither Here nor There he brings his unique brand of humour to bear on Europe as he shoulders his backpack, keeps a tight hold on his wallet, and journeys from Hammerfest, the northernmost town on the continent, to Istanbul on the cusp of Asia. Fluent in, oh, at least one language, he retraces his travels as a student twenty years before.Whether braving the homicidal motorist of Paris, being robbed by gypsies in Florence, attempting not to order tripe and eyeballs in a German restaurant, window-sho",Travel,Adult
Naked,31.69,3,In stock,http://books.toscrape.com/catalogue/naked_197/index.html,"Welcome to the hilarious, strange, elegiac, outrageous world of David Sedaris. In Naked, Sedaris turns the mania for memoir on its proverbial ear, mining the exceedingly rich terrain of his life, his family, and his unique worldview—a sensibility at once take-no-prisoners sharp and deeply charitable. A tart-tongued mother does dead-on imitations of her young son's nervous tics, to the great amusement of his teachers; a stint of Kerouackian wandering is undertaken (of course!) with a quadriplegic companion; a family gathers for a wedding in the face of imminent death. Through it all is Sedaris's unmistakable voice, wit",Biography,Adult
Morning Star (Red Rising #3),29.4,1,In stock,http://books.toscrape.com/catalogue/morning-star-red-rising-3_196/index.html,"Darrow would have lived in peace, but his enemies brought him war. The Gold overlords demanded his obedience, hanged his wife, and enslaved his people. But Darrow is determined to fight back. Risking everything to transform himself and breach Gold society, Darrow has battled to survive the cutthroat rivalries that breed Society's mightiest warriors, climbed the ranks, and waited patiently to unleash the revolution that will tear the hierarchy apart from within. Finally, the time has come. But devotion to honor and hunger for vengeance run deep on both sides. Darrow and his comrades-in-arms face powerful enemies without",Science Fiction,Young Adult
"Miracles from Heaven: A Little Girl, Her Journey to Heaven, and Her Amazing Story of Healing",57.83,1,In stock,http://books.toscrape.com/catalogue/miracles-from-heaven-a-little-girl-her-journey-to-heaven-and-her-amazing-story-of-healing_195/index.html,"In a remarkable true story of faith and blessings, a mother tells of her sickly young daughter, how she survived a dangerous accident, her visit to Heaven and the inexplicable disappearance of the symptoms of her chronic disease. Annabel Beam spent most of her childhood in and out of hospitals with a rare and incurable digestive disorder that prevented her from ever living a normal, healthy life. One sunny day when she was able to go outside and play with her sisters, she fell three stories headfirst inside an old, hollowed-out tree, a fall that may well have caused death or paralysis. Implausibly, she survived without",Biography,Adult
Midnight Riot (Peter Grant/ Rivers of London - books #1),55.46,2,In stock,http://books.toscrape.com/catalogue/midnight-riot-peter-grant-rivers-of-london-books-1_194/index.html,"Probationary Constable Peter Grant dreams of being a detective in London's Metropolitan Police. Too bad his superior plans to assign him to the Case Progression Unit, where the biggest threat he'll face is a paper cut. But Peter's prospects change in the aftermath of a puzzling murder, when he gains exclusive information from an eyewitness who happens to be a ghost. Peter's ability to speak with the lingering dead brings him to the attention of Detective Chief Inspector Thomas Nightingale, who investigates crimes involving magic and other manifestations of the uncanny. Now, as a wave of brutal and bizarre murders eng",Fantasy,Adult
Me Talk Pretty One Day,57.6,2,In stock,http://books.toscrape.com/catalogue/me-talk-pretty-one-day_193/index.html,"David Sedaris' move to Paris from New York inspired these hilarious pieces, including the title essay, about his attempts to learn French from a sadistic teacher who declares that ""every day spent with you is like having a caesarean section"". His family is another inspiration. You Can't Kill the Rooster is a portrait of his brother, who talks incessant hip-hop slang to his bewildered father. And no one hones a finer fury in response to such modern annoyances as restaurant meals presented in ludicrous towers of food and cashiers with six-inch fingernails.",Non-Fiction,Adult
Manuscript Found in Accra,34.98,2,In stock,http://books.toscrape.com/catalogue/manuscript-found-in-accra_192/index.html,"The latest novel from the #1 internationally best-selling author of The Alchemist. There is nothing wrong with anxiety. Although we cannot control God's time, it is part of the human condition to want to receive the thing we are waiting for as quickly as possible. Or to drive away whatever is causing our fear.... Anxiety was born in the very same moment as mankind. And since we will never be able to master it, we will have to learn to live with it-just as we have learned to live with storms.* * *July 14, 1099. Jerusalem awaits the invasion of the crusaders who have surrounded the city's gates. There, inside the ancient c",Fiction,Adult
Lust & Wonder,11.87,2,In stock,http://books.toscrape.com/catalogue/lust-wonder_191/index.html,"In chronicling the development and demise of the different relationships he's had while living in New York, Augusten Burroughs examines what it means to be in love, what it means to be in lust, and what it means to be figuring it all out. With Augusten's unique and singular observations and his own unabashed way of detailing both the horrific and the humorous, Lust and Wonder is an intimate and honest memoir that his legions of fans have been waiting for.",Biography,Adult
Lila (Gilead #3),12.47,3,In stock,http://books.toscrape.com/catalogue/lila-gilead-3_190/index.html,"Marilynne Robinson, one of the greatest novelists of our time, returns to the town of Gilead in an unforgettable story of a girlhood lived on the fringes of society in fear, awe, and wonder. Lila, homeless and alone after years of roaming the countryside, steps inside a small-town Iowa church—the only available shelter from the rain—and ignites a romance and a debate that will reshape her life. She becomes the wife of a minister, John Ames, and begins a new existence while trying to make sense of the days of suffering that preceded her newfound security. Neglected as a toddler, Lila was rescued by Doll, a canny young d",Fiction,Adult
"Life, the Universe and Everything (Hitchhiker's Guide to the Galaxy #3)",33.26,2,In stock,http://books.toscrape.com/catalogue/life-the-universe-and-everything-hitchhikers-guide-to-the-galaxy-3_189/index.html,"The unhappy inhabitants of planet Krikkit are sick of looking at the night sky above their heads–so they plan to destroy it. The universe, that is. Now only five individuals stand between the killer robots of Krikkit and their goal of total annihilation. They are Arthur Dent, a mild-mannered space and time traveler who tries to learn how to fly by throwing himself at the ground and missing; Ford Prefect, his best friend, who decides to go insane to see if he likes it; Slartibartfast, the indomitable vice president of the Campaign for Real Time, who travels in a ship powered by irrational behavior; Zaphod Beeblebrox, t",Science Fiction,Adult
Life Without a Recipe,59.04,5,In stock,http://books.toscrape.com/catalogue/life-without-a-recipe_188/index.html,"On one side, there is Grace: prize-winning author Diana Abu-Jaber’s tough, independent sugar-fiend of a German grandmother, wielding a suitcase full of holiday cookies. On the other, Bud: a flamboyant, spice-obsessed Arab father, full of passionate argument. The two could not agree on anything: not about food, work, or especially about what Diana should do with her life. Grace warned her away from children. Bud wanted her married above all—even if he had to provide the ring. Caught between cultures and lavished with contradictory “advice” from both sides of her family, Diana spent years learning how to ignore others’",Biography,Adult
Life After Life,26.13,2,In stock,http://books.toscrape.com/catalogue/life-after-life_187/index.html,"On a cold and snowy night in 1910, Ursula Todd is born, the third child of a wealthy English banker and his wife. Sadly, she dies before she can draw her first breath. On that same cold and snowy night, Ursula Todd is born, lets out a lusty wail, and embarks upon a life that will be, to say the least, unusual. For as she grows, she also dies, repeatedly, in any number of ways. Clearly history (and Kate Atkinson) have plans for her: In Ursula rests nothing less than the fate of civilization. Wildly inventive, darkly comic, startlingly poignant — this is Kate Atkinson at her absolute best, playing with time and history.",Fiction,Adult
Letter to a Christian Nation,22.2,1,In stock,http://books.toscrape.com/catalogue/letter-to-a-christian-nation_186/index.html,"In response to The End of Faith, Sam Harris received thousands of letters from Christians excoriating him for not believing in God. Letter to A Christian Nation is his reply. Using rational argument, Harris offers a measured refutation of the beliefs that form the core of fundamentalist Christianity. In the course of his argument, he addresses current topics ranging from intelligent design and stem-cell research to the connections between religion and violence. In Letter to a Christian Nation, Sam Harris boldly challenges the influence that faith has on public life in our nation.",Non-Fiction,Adult
Let's Pretend This Never Happened: A Mostly True Memoir,45.11,1,In stock,http://books.toscrape.com/catalogue/lets-pretend-this-never-happened-a-mostly-true-memoir_185/index.html,"For fans of Tina Fey and David Sedaris—Internet star Jenny Lawson, aka The Bloggess, makes her literary debut. Jenny Lawson realized that the most mortifying moments of our lives—the ones we’d like to pretend never happened—are in fact the ones that define us. In the #1 New York Times bestseller, Let’s Pretend This Never Happened, Lawson takes readers on a hilarious journey recalling her bizarre upbringing in rural Texas, her devastatingly awkward high school years, and her relationship with her long-suffering husband, Victor. Chapters include: “Stanley the Magical, Talking Squirrel”; “A Series of Angry Post-It Note",Biography,Adult
Legend (Legend #1),43.69,4,In stock,http://books.toscrape.com/catalogue/legend-legend-1_184/index.html,"What was once the western United States is now home to the Republic, a nation perpetually at war with its neighbors. Born into an elite family in one of the Republic's wealthiest districts, fifteen-year-old June is a prodigy being groomed for success in the Republic's highest military circles. Born into the slums, fifteen-year-old Day is the country's most wanted criminal. But his motives may not be as malicious as they seem. From very different worlds, June and Day have no reason to cross paths—until the day June's brother, Metias, is murdered and Day becomes t",Fiction,Young Adult
"Lean In: Women, Work, and the Will to Lead",25.02,1,In stock,http://books.toscrape.com/catalogue/lean-in-women-work-and-the-will-to-lead_183/index.html,"Sheryl Sandberg’s Lean In is a massive cultural phenomenon and its title has become an instant catchphrase for empowering women. The book soared to the top of bestseller lists internationally, igniting global conversations about women and ambition. Sandberg packed theatres, dominated opinion pages, appeared on every major television show and on the cover of Time magazine, and sparked ferocious debate about women and leadership.Ask most women whether they have the right to equality at work and the answer will be a resounding yes, but ask the same women whether they'd feel confident asking for a raise, a promotion, or e",Non-Fiction,Adult
"Lamb: The Gospel According to Biff, Christ's Childhood Pal",55.5,5,In stock,http://books.toscrape.com/catalogue/lamb-the-gospel-according-to-biff-christs-childhood-pal_182/index.html,"The birth of Jesus has been well chronicled, as have his glorious teachings, acts, and divine sacrifice after his thirtieth birthday. But no one knows about the early life of the Son of God, the missing years -- except Biff, the Messiah's best bud, who has been resurrected to tell the story in the divinely hilarious yet heartfelt work ""reminiscent of Vonnegut and Douglas Adams"" (Philadelphia Inquirer). Verily, the story Biff has to tell is a miraculous one, filled with remarkable journeys, magic, healings, kung fu, corpse reanimations, demons, and hot babes. Even the considerable wiles and devotion of the Savior's pal.",Fiction,Adult
Lady Renegades (Rebel Belle #3),53.04,5,In stock,http://books.toscrape.com/catalogue/lady-renegades-rebel-belle-3_181/index.html,"Just as Harper Price starts coming to terms with her role as David Stark’s battle-ready Paladin, protector, and girlfriend—her world goes crazy all over again. Overwhelmed by his Oracle powers, David flees Pine Grove and starts turning teenage girls into Paladins—and these young ladies seem to think that Harper is the enemy David needs protecting from. Ordinarily, Harper would be able to fight off any Paladin who comes her way, but her powers have been dwindling since David left town…which means her life is on the line yet again. New York Times bestselling author Rachel Hawkins brings the fun once again in the finale",Fantasy,Young Adult
Jurassic Park (Jurassic Park #1),44.97,1,In stock,http://books.toscrape.com/catalogue/jurassic-park-jurassic-park-1_180/index.html,"A billionaire has created a technique to clone dinosaurs. From the DNA that his crack team of scientists extract, he is able to grow the dinosaurs in his laboratories and lock them away on an island behind electric fences, creating a sort of theme park. He asks a group of scientists from several different fields to come and view the park, but something goes terribly wrong when a worker on the island turns traitor and shuts down the power.Cover illustration by Chip Kidd.",Science Fiction,Adult
It's Never Too Late to Begin Again: Discovering Creativity and Meaning at Midlife and Beyond,42.38,1,In stock,http://books.toscrape.com/catalogue/its-never-too-late-to-begin-again-discovering-creativity-and-meaning-at-midlife-and-beyond_179/index.html,"The book you hold in your hands is the distillate of a quarter century’s teaching. It is my attempt to answer, ‘What next?’ for students who are embarking on their ‘second act.’—Julia Cameron Julia Cameron has inspired millions with her bestseller on creativity, The Artist’s Way. In It’s Never Too Late To Begin Again, she turns her eye to a segment of the population that, ironically, while they have more time to be creative, are often reluctant or intimidated by the creative process. Cameron shows readers that retirement can, in fact, be the most rich, fulfilling, and creative time of their lives.",Self-Help,Adult
Is Everyone Hanging Out Without Me? (And Other Concerns),20.11,3,In stock,http://books.toscrape.com/catalogue/is-everyone-hanging-out-without-me-and-other-concerns_178/index.html,"Mindy Kaling has lived many lives: the obedient child of immigrant professionals, a timid chubster afraid of her own bike, a Ben Affleck–impersonating Off-Broadway performer and playwright, and, finally, a comedy writer and actress prone to starting fights with her friends and coworkers with the sentence “Can I just say one last thing about this, and then I swear I’ll shut up about it?” Perhaps you want to know what Mindy thinks makes a great best friend (someone who will fill your prescription in the middle of the night), or what makes a great guy (one who is aware of all elderly people in any room at any time and",Biography,Adult
Into the Wild,56.7,5,In stock,http://books.toscrape.com/catalogue/into-the-wild_177/index.html,"In April 1992 a young man from a well-to-do family hitchhiked to Alaska and walked alone into the wilderness north of Mt. McKinley. His name was Christopher Johnson McCandless. He had given $25,000 in savings to charity, abandoned his car and most of his possessions, burned all the cash in his wallet, and invented a new life for himself. Four months later, his decomposed body was found by a party of moose hunters. How McCandless came to die is the unforgettable story of Into the Wild. Immediately after graduating from college in 1991, McCandless had roamed through the West and Southwest on a vision quest like those ma",Biography,Adult
Inferno (Robert Langdon #4),41.0,5,In stock,http://books.toscrape.com/catalogue/inferno-robert-langdon-4_176/index.html,"In his international blockbusters The Da Vinci Code, Angels & Demons, and The Lost Symbol, Dan Brown masterfully fused history, art, codes, and symbols. In this riveting new thriller, Brown returns to his element and has crafted his highest-stakes novel to date. In the heart of Italy, Harvard professor of symbology Robert Langdon is drawn into a harrowing world centered on one of history’s most enduring and mysterious literary masterpieces . . . Dante’s Inferno. Against this backdrop, Langdon battles a chilling adversary and grapples with an ingenious riddle that pulls him into a landscape of classic art, secret passageway",Thriller,Adult
"In the Garden of Beasts: Love, Terror, and an American Family in Hitler's Berlin",28.85,3,In stock,http://books.toscrape.com/catalogue/in-the-garden-of-beasts-love-terror-and-an-american-family-in-hitlers-berlin_175/index.html,"The time is 1933, the place, Berlin, when William E. Dodd becomes America’s first ambassador to Hitler’s Germany in a year that proved to be a turning point in history. A mild-mannered professor from Chicago, Dodd brings along his wife, son, and flamboyant daughter, Martha. At first Martha is entranced by the parties and pomp, and the handsome young men of the Third Reich with their infectious enthusiasm for restoring Germany to a position of world prominence. Enamored of the “New Germany,” she has one affair after another, including with the suprisingly honorable first chief of the Gestapo, Rudolf Diels. But as evid",Historical Fiction,Adult
If I Run (If I Run #1),49.97,4,In stock,http://books.toscrape.com/catalogue/if-i-run-if-i-run-1_174/index.html,"Casey knows the truth. But it won’t set her free. Casey Cox’s DNA is all over the crime scene. There’s no use talking to police; they have failed her abysmally before. She has to flee before she’s arrested . . . or worse. The truth doesn’t matter anymore. But what is the truth? That’s the question haunting Dylan Roberts, the war-weary veteran hired to find Casey. PTSD has marked him damaged goods, but bringing Casey back can redeem him. Though the crime scene seems to tell the whole story, details of the murder aren’t adding up. Casey Cox doesn’t fit the profile of a killer.",Thriller,Adult
I've Got Your Number,19.69,1,In stock,http://books.toscrape.com/catalogue/ive-got-your-number_173/index.html,"I’ve lost it. :( The only thing in the world I wasn’t supposed to lose. My engagement ring. It’s been in Magnus’s family for three generations. And now the very same day his parents are coming, I’ve lost it. The very same day! Do not hyperventilate, Poppy. Stay positive :) !! Poppy Wyatt has never felt luckier. She is about to marry her ideal man, Magnus Tavish, but in one afternoon her “happily ever after” begins to fall apart. Not only has she lost her engagement ring in a hotel fire drill but in the panic that follows, her phone is stolen. As she paces shakily around the lobby, she spots an abandoned phone in a t",Romance,Adult
I Am Malala: The Girl Who Stood Up for Education and Was Shot by the Taliban,28.88,2,In stock,http://books.toscrape.com/catalogue/i-am-malala-the-girl-who-stood-up-for-education-and-was-shot-by-the-taliban_172/index.html,"I come from a country that was created at midnight. When I almost died it was just after midday. When the Taliban took control of the Swat Valley in Pakistan, one girl spoke out. Malala Yousafzai refused to be silenced and fought for her right to an education. On Tuesday, October 9, 2012, when she was fifteen, she almost paid the ultimate price. She was shot in the head at point-blank range while riding the bus home from school, and few expected her to survive. Instead, Malala's miraculous recovery has taken her on an extraordinary journey from a remote valley in northern Pakistan to the halls of the United Nations in",Biography,Young Adult
Hungry Girl Clean & Hungry: Easy All-Natural Recipes for Healthy Eating in the Real World,33.14,3,In stock,http://books.toscrape.com/catalogue/hungry-girl-clean-hungry-easy-all-natural-recipes-for-healthy-eating-in-the-real-world_171/index.html,"The instant New York Times and USA Today bestseller Hungry Girl Clean & Hungry: Healthy Recipes for Clean Eating in the Real World Complete with full-color photos of EVERY recipe, Hungry Girl Clean & Hungry combines the best of Hungry Girl with the best of clean eating. The food is still guilt-free, and the portions are still huge...but now Lisa Lillien is highlighting CLEAN ingredients and doing away with artificial and processed foods. This book gives mainstream America delicious, satisfying, and clean recipes, using healthy ingredients found in supermarkets everywhere. The best part? The recipes are so easy, anyone can make",Non-Fiction,Adult
"House of Lost Worlds: Dinosaurs, Dynasties, and the Story of Life on Earth",43.7,2,In stock,http://books.toscrape.com/catalogue/house-of-lost-worlds-dinosaurs-dynasties-and-the-story-of-life-on-earth_170/index.html,"This fascinating book tells the story of how one museum changed ideas about dinosaurs, dynasties, and even the story of life on earth. The Yale Peabody Museum of Natural History, now celebrating its 150th anniversary, has remade the way we see the world. Delving into the museum’s storied and colorful past, award-winning author Richard Conniff introduces a cast of bold explorers, roughneck bone hunters, and visionary scientists. Some became famous for wresting Brontosaurus, Triceratops, and other dinosaurs from the earth, others pioneered the introduction of science education in North America, and still others redisco",Non-Fiction,Adult
House of Leaves,54.89,1,In stock,http://books.toscrape.com/catalogue/house-of-leaves_169/index.html,"Years ago, when House of Leaves was first being passed around, it was nothing more than a badly bundled heap of paper, parts of which would occasionally surface on the Internet. No one could have anticipated the small but devoted following this terrifying story would soon command. Starting with an odd assortment of marginalized youth -- musicians, tattoo artists, programmers, strippers, environmentalists, and adrenaline junkies -- the book eventually made its way into the hands of older generations, who not only found themselves in those strangely arranged pages but also discovered a way back into the lives of their.",Fiction,Adult
Horrible Bear!,37.52,2,In stock,http://books.toscrape.com/catalogue/horrible-bear_168/index.html,"The New York Times-bestselling duo behind Wolfie the Bunny presents a hilarious new book about accidents, outbursts, manners...and the power of saying ""I'm sorry."" Bear didn't mean to break a little girl's kite, but she's upset anyway--upset enough to shout ""HORRIBLE BEAR!"" Bear is indignant. He doesn't think he's horrible! Then Bear gets a truly Horrible Bear idea. What will he do next? As Bear prepares to live up to his formerly undeserved reputation, the girl makes a mistake of her own, and realizes that maybe--just maybe--Bear isn't as horrible as she had thought.",Children,Children
Holidays on Ice,51.07,2,In stock,http://books.toscrape.com/catalogue/holidays-on-ice_167/index.html,"A new holiday classic--six of the most profound Christmas stories by the author of the bestselling ""Naked"" and ""Barrel Fever""--is now in a paperback edition perfect for stocking stuffing.",Fiction,Adult
Heir to the Sky,44.07,4,In stock,http://books.toscrape.com/catalogue/heir-to-the-sky_166/index.html,"As heir to a kingdom of floating continents, Kali has spent her life bound by limits—by her duties as a member of the royal family, by a forced betrothal to the son of a nobleman, and by the edge of the only world she’s ever known—a small island hovering above a monster-ridden earth, long since uninhabited by humans. She is the Eternal Flame of Hope for what’s left of mankind, the wick and the wax burning in service for her people, and for their revered Phoenix, whose magic keeps them aloft. When Kali falls off the edge of her kingdom and miraculously survives, she is shocked to discover there are still humans on the",Fantasy,Young Adult
Green Eggs and Ham (Beginner Books B-16),10.79,4,In stock,http://books.toscrape.com/catalogue/green-eggs-and-ham-beginner-books-b-16_165/index.html,"“Do you like green eggs and ham?” asks Sam-I-am in this Beginner Book by Dr. Seuss. In a house or with a mouse? In a boat or with a goat? On a train or in a tree? Sam keeps asking persistently. With unmistakable characters and signature rhymes, Dr. Seuss’s beloved favorite has cemented its place as a children’s classic. In this most famous of cumulative tales, the list of places to enjoy green eggs and ham, and friends to enjoy them with, gets longer and longer. Follow Sam-I-am as he insists that this unusual treat is indeed a delectable snack to be savored everywhere and in every way. Originally created by Dr. Seuss,",Children,Children
"Grayson, Vol 3: Nemesis (Grayson #3)",42.72,1,In stock,http://books.toscrape.com/catalogue/grayson-vol-3-nemesis-grayson-3_164/index.html,"In this collection, Grayson faces some of his most difficult challenges! Not only must he take on Lex Luthor, and risks losing his position with Spyral, but Dick finds that in order to save Agent 1 he must face off with... himself! And who is the mysterious shadow leader behind Spyral, and what does he want with Dick? The super-spy finds himself in a clandestine hunt for the true identity of Agent Zero!Collecting Grayson 10-14",Fiction,Young Adult
Gratitude,26.66,5,In stock,http://books.toscrape.com/catalogue/gratitude_163/index.html,"A deeply moving testimony and celebration of how to embrace life. In January 2015, Oliver Sacks was diagnosed with a recurrence of cancer, and he shared this news in a New York Times essay that inspired readers all over the world: ""I cannot pretend I am without fear. But my predominant feeling is one of gratitude.... Above all, I have been a sentient being, a thinking animal, on this beautiful planet, and that in itself has been an enormous privilege and adventure."" Gratitude consists of four essays that originally appeared in The New York Times, accompanied by a foreword that describes the occasion of each chapter.",Biography,Adult
Gone Girl,37.6,5,In stock,http://books.toscrape.com/catalogue/gone-girl_162/index.html,"On a warm summer morning in North Carthage, Missouri, it is Nick and Amy Dunne’s fifth wedding anniversary. Presents are being wrapped and reservations are being made when Nick’s clever and beautiful wife disappears. Husband-of-the-Year Nick isn’t doing himself any favors with cringe-worthy daydreams about the slope and shape of his wife’s head, but passages from Amy's diary reveal the alpha-girl perfectionist could have put anyone dangerously on edge. Under mounting pressure from the police and the media—as well as Amy’s fiercely doting parents—the town golden boy parades an endless series of lies, deceits, and inap",Thriller,Adult
Golden (Heart of Dread #3),42.21,4,In stock,http://books.toscrape.com/catalogue/golden-heart-of-dread-3_161/index.html,"The action-packed finale to the Heart of Dread series. In this epic conclusion to the trilogy, Nat and Wes go on a journey to find the Rift, save the source of magic and defeat the Drau, the pirates, and the RSA—but at a great sacrifice. Wes is dying, and as he's rotting the Drau will let the rot ""cleanse"" the source of magic, dooming Wes forever. Nat and Wes discover that the source of the magic lies in the Drakon—the key to the Blue, the protector, the soul of the world. But in order to close the Rift, a great sacrifice is needed. In the words of the sylphs, death is life, and now the worlds can be reborn again.",Fantasy,Young Adult
Girl in the Blue Coat,46.83,2,In stock,http://books.toscrape.com/catalogue/girl-in-the-blue-coat_160/index.html,"Amsterdam, 1943. Hanneke spends her days finding and delivering sought-after black market goods to paying customers, nights hiding the true nature of her work from her concerned parents, and every waking moment mourning her boyfriend, who was killed on the Dutch front lines when the German army invaded. Her illegal work keeps her family afloat, and Hanneke also likes to think of it as a small act of rebellion against the Nazis. On a routine delivery, a client asks Hanneke for help. Expecting to hear that Mrs. Janssen wants meat or kerosene, Hanneke is shocked by the older woman’s frantic plea to find a person: a Jewis",Historical Fiction,Young Adult
"Fruits Basket, Vol. 3 (Fruits Basket #3)",45.17,2,In stock,http://books.toscrape.com/catalogue/fruits-basket-vol-3-fruits-basket-3_159/index.html,"A family with an ancient curse...And the girl who will change their lives forever...It's Valentines Day and you know what that means - lots of chocolates for the cutest boys at school! In this case, it's a pretty close tie between hot-headed Kyo Sohma and 'Prince Charming' Yuki Sohma. Of course the kind-hearted Tohru, guest of the Sohma family, has chocolates for everyone! But when White Day comes around, what will the Sohma family give her in return?",Fantasy,Young Adult
"Friday Night Lights: A Town, a Team, and a Dream",51.22,3,In stock,http://books.toscrape.com/catalogue/friday-night-lights-a-town-a-team-and-a-dream_158/index.html,"Return once again to the enduring account of life in the Mojo lane, to the Permian Panthers of Odessa -- the winningest high school football team in Texas history. Odessa is not known to be a town big on dreams, but the Panthers help keep the hopes and dreams of this small, dusty town going. Socially and racially divided, its fragile economy follows the treacherous boom-bust path of the oil business. In bad times, the unemployment rate barrels out of control; in good times, its murder rate skyrockets. But every Friday night from September to December, when the Permian High School Panthers play football, this West Texas.",Non-Fiction,Adult
Fire Bound (Sea Haven/Sisters of the Heart #5),21.28,4,In stock,http://books.toscrape.com/catalogue/fire-bound-sea-havensisters-of-the-heart-5_157/index.html,"The #1 New York Times bestselling author of the Sea Haven novels returns to the circle of the six sisters of the heart, bound by the elements—and to one who possesses the power to inflame the most dangerous passions of all. Flame-haired Lissa Piner is a skilled glass blower whose delicate gift conceals a burning inner strength that can destroy as exquisitely as it can create. Commissioned to design chandeliers for a string of luxury hotels, her remarkable skills have taken her to Italy. But Lissa’s real mission there is a secret. For her entire life has been a lie, leading to a chance to avenge a terrible wrong.",Fiction,Adult
Fifty Shades Freed (Fifty Shades #3),15.36,5,In stock,http://books.toscrape.com/catalogue/fifty-shades-freed-fifty-shades-3_156/index.html,"When unworldly student Anastasia Steele first encountered the driven and dazzling young entrepreneur Christian Grey it sparked a sensual affair that changed both of their lives irrevocably. Shocked, intrigued, and, ultimately, repelled by Christian’s singular erotic tastes, Ana demands a deeper commitment. Determined to keep her, Christian agrees. Now, Ana and Christian have it all—love, passion, intimacy, wealth, and a world of possibilities for their future. But Ana knows that loving her Fifty Shades will not be easy, and that being together will pose challenges that neither of them would anticipate. Ana must somehow",Romance,Adult
Fellside,38.62,1,In stock,http://books.toscrape.com/catalogue/fellside_155/index.html,The unmissable and highly anticipated new literary thriller from the author of the international phenomenon The Girl With All the Gifts. Fellside is a maximum security prison on the edge of the Yorkshire Moors. It's not the kind of place you'd want to end up. But it's where Jess Moulson could be spending the rest of her life. It's a place where even the walls whisper. And one voice belongs to a little boy with a message for Jess.Will she listen?,Thriller,Adult
Extreme Prey (Lucas Davenport #26),25.4,3,In stock,http://books.toscrape.com/catalogue/extreme-prey-lucas-davenport-26_154/index.html,"The extraordinary new Lucas Davenport thriller from #1 New York Times–bestselling author and Pulitzer Prize winner John Sandford. After the events in Gathering Prey, Lucas Davenport finds himself in a very unusual situation—no longer employed by the Minnesota BCA. His friend the governor is just cranking up a presidential campaign, though, and he invites Lucas to come along as part of his campaign staff. “Should be fun!” he says, and it kind of is—until they find they have a shadow: an armed man intent on killing the governor . . . and anyone who gets in the way.",Thriller,Adult
Eragon (The Inheritance Cycle #1),43.87,3,In stock,http://books.toscrape.com/catalogue/eragon-the-inheritance-cycle-1_153/index.html,"One boy. One dragon. A world of adventure. When Eragon finds a polished blue stone in the forest, he thinks it is the lucky discovery of a poor farm boy; perhaps it will buy his family meat for the winter. But when the stone brings a dragon hatchling, Eragon realizes he has stumbled upon a legacy nearly as old as the Empire itself. Overnight his simple life is shattered, and he is thrust into a perilous new world of destiny, magic, and power. With only an ancient sword and the advice of an old storyteller for guidance, Eragon and the fledgling dragon must navigate the dangerous terrain and dark enemies of an Empire rul",Fantasy,Young Adult
Eclipse (Twilight #3),18.74,1,In stock,http://books.toscrape.com/catalogue/eclipse-twilight-3_152/index.html,"BELLA? Edward's soft voice came from behind me. I turned to see him spring lightly up the porch steps, his hair windblown from running. He pulled me into his arms at once, just like he had in the parking lot, and kissed me again. This kiss frightened me. There was too much tension, too strong an edge to the way his lips crushed mine - like he was afraid we had only so much time left to us. --As Seattle is ravaged by a string of mysterious killings and a malicious vampire continues her quest for revenge, Bella once again finds herself surrounded by danger. In the midst of it all, she is forced to choose between her lov",Fantasy,Young Adult
Dune (Dune #1),54.86,1,In stock,http://books.toscrape.com/catalogue/dune-dune-1_151/index.html,"Set in the far future amidst a sprawling feudal interstellar empire where planetary dynasties are controlled by noble houses that owe an allegiance to the imperial House Corrino, Dune tells the story of young Paul Atreides (the heir apparent to Duke Leto Atreides and heir of House Atreides) as he and his family accept control of the desert planet Arrakis, the only source of the 'spice' melange, the most important and valuable substance in the cosmos. The story explores the complex, multi-layered interactions of politics, religion, ecology, technology, and human emotion as the forces of the empire confront each other.",Science Fiction,Adult
Dracula,52.62,3,In stock,http://books.toscrape.com/catalogue/dracula_150/index.html,"A rich selection of background and source materials is provided in three areas: Contexts includes probable inspirations for Dracula in the earlier works of James Malcolm Rymer and Emily Gerard. Also included are a discussion of Stoker's working notes for the novel and 'Dracula's Guest,' the original opening chapter to Dracula. Reviews and Reactions reprints five early reviews of the novel. 'Dramatic and Film Variations' focuses on theater and film adaptations of Dracula, two indications of the novel's unwavering appeal. David J. Skal, Gregory A. Waller, and Nina Auerbach offer their varied perspectives.",Non-Fiction,Adult
Do Androids Dream of Electric Sheep? (Blade Runner #1),51.48,1,In stock,http://books.toscrape.com/catalogue/do-androids-dream-of-electric-sheep-blade-runner-1_149/index.html,"By 2021, the World War has killed millions, driving entire species into extinction and sending mankind off-planet. Those who remain covet any living creature, and for people who can't afford one, companies have built incredibly realistic simulacrae: horses, birds, cats, sheep. They've even built humans. Emigrées to Mars receive androids so sophisticated it's impossible to tell them from true men or women. Fearful of the havoc these artificial humans could wreak, the government bans them from Earth, but when androids don't want to be identified, they just blend in. Rick Deckard is an officially sanctioned bounty hunter.",Science Fiction,Adult
Disrupted: My Misadventure in the Start-Up Bubble,15.28,5,In stock,http://books.toscrape.com/catalogue/disrupted-my-misadventure-in-the-start-up-bubble_148/index.html,"INSTANT NEW YORK TIMES BESTSELLER ""Wildly entertaining ... Lyons has injected a dose of sanity into a world gone mad."" ---Ashlee Vance, New York Times-bestselling author of Elon MuskFor twenty-five years Dan Lyons was a magazine writer at the top of his profession--until one Friday morning when he received a phone call: Poof. His job no longer existed. ""I think they just want to hire younger people,"" his boss at Newsweek told him. Fifty years old and with a wife and two young kids, Dan was, in a word, screwed. Then an idea hit. Dan had long reported on Silicon Valley and the tech explosion. Why not join it? HubSpot,",Non-Fiction,Adult
Dead Wake: The Last Crossing of the Lusitania,39.24,5,In stock,http://books.toscrape.com/catalogue/dead-wake-the-last-crossing-of-the-lusitania_147/index.html,"#1 New York Times BestsellerFrom the bestselling author and master of narrative nonfiction comes the enthralling story of the sinking of the LusitaniaOn May 1, 1915, with WWI entering its tenth month, a luxury ocean liner as richly appointed as an English country house sailed out of New York, bound for Liverpool, carrying a record number of children and infants. The passengers were surprisingly at ease, even though Germany had declared the seas around Britain to be a war zone. For months, German U-boats had brought terror to the North Atlantic. But the Lusitania was one of the era’s great transatlantic “Greyhounds”—t",Non-Fiction,Adult
"David and Goliath: Underdogs, Misfits, and the Art of Battling Giants",17.81,1,In stock,http://books.toscrape.com/catalogue/david-and-goliath-underdogs-misfits-and-the-art-of-battling-giants_146/index.html,"In his #1 bestselling books The Tipping Point, Blink, and Outliers, Malcolm Gladwell has explored the ways we understand and change our world. Now he looks at the complex and surprising ways the weak can defeat the strong, the small can match up against the giant, and how our goals (often culturally determined) can make a huge difference in our ultimate sense of success. Drawing upon examples from the world of business, sports, culture, cutting-edge psychology, and an array of unforgettable characters around the world, David and Goliath is in many ways the most practical and provocative book Malcolm Gladwell has ever.",Non-Fiction,Adult
Darkfever (Fever #1),56.02,1,In stock,http://books.toscrape.com/catalogue/darkfever-fever-1_145/index.html,"When her sister is murdered, leaving a single clue to her death—a cryptic message on MacKayla Lane’s cell phone–Mac journeys to Ireland in search of answers. The quest to find her sister’s killer draws her into a shadowy realm where nothing is as it seems, where good and evil wear the same treacherously seductive mask. She is soon faced with an even greater challenge: staying alive long enough to learn how to handle a power she had no idea she possessed—a gift that allows her to see beyond the world of man, into the dangerous realm of the Fae.",Fantasy,Young Adult
Dark Places,23.9,5,In stock,http://books.toscrape.com/catalogue/dark-places_144/index.html,"Libby Day was seven when her mother and two sisters were murdered in “The Satan Sacrifice"" of Kinnakee, Kansas.” She survived—and famously testified that her fifteen-year-old brother, Ben, was the killer. Twenty-five years later, the Kill Club—a secret society obsessed with notorious crimes—locates Libby and pumps her for details. They hope to discover proof that may free Ben. Libby hopes to turn a profit off her tragic history: She’ll reconnect with the players from that night and report her findings to the club—for a fee. As Libby’s search takes her fr",Thriller,Adult
Crazy Rich Asians (Crazy Rich Asians #1),49.13,5,In stock,http://books.toscrape.com/catalogue/crazy-rich-asians-crazy-rich-asians-1_143/index.html,"Crazy Rich Asians is the outrageously funny debut novel about three super-rich, pedigreed Chinese families and the gossip, backbiting, and scheming that occurs when the heir to one of the most massive fortunes in Asia brings home his ABC (American-born Chinese) girlfriend to the wedding of the season. When Rachel Chu agrees to spend the summer in Singapore with her boyfriend, Nicholas Young, she envisions a humble family home, long drives to explore the island, and quality time with the man she might one day marry. What she doesn't know is that Nick's family home happens to look like a palace, that she'll ride in",Fiction,Adult
Counting Thyme,10.62,1,In stock,http://books.toscrape.com/catalogue/counting-thyme_142/index.html,"When eleven-year-old Thyme Owens’ little brother, Val, is accepted into a new cancer drug trial, it’s just the second chance that he needs. But it also means the Owens family has to move to New York, thousands of miles away from Thyme’s best friend and everything she knows and loves. The island of Manhattan doesn’t exactly inspire new beginnings, but Thyme tries to embrace the change for what it is: temporary. After Val’s treatment shows real promise and Mr. Owens accepts a full-time position in the city, Thyme has to face the frightening possibility that the move to New York is permanent. Thyme loves her brother, and",Fiction,Young Adult
Cosmos,36.17,2,In stock,http://books.toscrape.com/catalogue/cosmos_141/index.html,"Cosmos has 13 heavily illustrated chapters, corresponding to the 13 episodes of the Cosmos television series. In the book, Sagan explores 15 billion years of cosmic evolution and the development of science and civilization. Cosmos traces the origins of knowledge and the scientific method, mixing science and philosophy, and speculates to the future of science. The book also discusses the underlying premises of science by providing biographical anecdotes about many prominent scientists throughout history, placing their contributions into the broader context of the development of modern science.",Science,Adult
Civilization and Its Discontents,59.95,2,In stock,http://books.toscrape.com/catalogue/civilization-and-its-discontents_140/index.html,"It stands as a brilliant summary of the views on culture from a psychoanalytic perspective that he had been developing since the turn of the century. It is both witness and tribute to the late theory of mind—the so-called structural theory, with its stress on aggression, indeed the death drive, as the pitiless adversary of eros. Civilization and Its Discontents is one of the last of Freud's books, written in the decade before his death and first published in German in 1929. In it he states his views on the broad question of man's place in the world, a place Freud defines in terms of ceaseless conflict between the indi",Non-Fiction,Adult
Cinder (The Lunar Chronicles #1),26.09,1,In stock,http://books.toscrape.com/catalogue/cinder-the-lunar-chronicles-1_139/index.html,"Humans and androids crowd the raucous streets of New Beijing. A deadly plague ravages the population. From space, a ruthless lunar people watch, waiting to make their move. No one knows that Earth’s fate hinges on one girl. Cinder, a gifted mechanic, is a cyborg. She’s a second-class citizen with a mysterious past, reviled by her stepmother and blamed for her stepsister’s illness. But when her life becomes intertwined with the handsome Prince Kai’s, she suddenly finds herself at the center of an intergalactic struggle, and a forbidden attraction. Caught between duty and freedom, loyalty and betrayal, she must uncover",Science Fiction,Young Adult
Catastrophic Happiness: Finding Joy in Childhood's Messy Years,37.35,2,In stock,http://books.toscrape.com/catalogue/catastrophic-happiness-finding-joy-in-childhoods-messy-years_138/index.html,"A comic and heartwarming memoir about childhood's second act from Real Simple journalist Catherine Newman. Much is written about a child's infancy and toddler years, which is good since children will never remember it themselves. It is ages 4-14 that make up the second act, as Catherine Newman puts it in this delightfully candid, outlandishly funny new memoir about the years that 'your children will remember as childhood.' Following Newman's son and daughter as they blossom from preschoolers into teenagers, CATASTROPHIC HAPPINESS is about the bittersweet joy of raising children--and the ever-evolving landscape of iss",Biography,Adult
Career of Evil (Cormoran Strike #3),24.72,2,In stock,http://books.toscrape.com/catalogue/career-of-evil-cormoran-strike-3_137/index.html,"Cormoran Strike is back, with his assistant Robin Ellacott, in a mystery based around soldiers returning from war. When a mysterious package is delivered to Robin Ellacott, she is horrified to discover that it contains a woman’s severed leg. Her boss, private detective Cormoran Strike, is less surprised but no less alarmed. There are four people from his past who he thinks could be responsible – and Strike knows that any one of them is capable of sustained and unspeakable brutality. With the police focusing on the one suspect Strike is increasingly sure is not the perpetrator, he and Robin take matters into their own hands.",Mystery,Adult
Breaking Dawn (Twilight #4),35.28,5,In stock,http://books.toscrape.com/catalogue/breaking-dawn-twilight-4_136/index.html,"When you loved the one who was killing you, it left you no options. How could you run, how could you fight, when doing so would hurt that beloved one? If your life was all you had to give, how could you not give it? If it was someone you truly loved?--To be irrevocably in love with a vampire is both fantasy and nightmare woven into a dangerously heightened reality for Bella Swan. Pulled in one direction by her intense passion for Edward Cullen, and in another by her profound connection to werewolf Jacob Black, she has endured a tumultuous year of temptation, loss, and strife to reach the ultimate turning point.",Fantasy,Young Adult
Brave Enough,51.32,5,In stock,http://books.toscrape.com/catalogue/brave-enough_135/index.html,"From the best-selling author of Wild, a collection of quotes--drawn from the wide range of her writings--that capture her wisdom, courage, and outspoken humor, presented in a gift-sized package that's as irresistible to give as it is to receive. Around the world, thousands of people have found inspiration in the words of Cheryl Strayed, who in her three prior books and in her Dear Sugar columns has shared the twists and trials of her remarkable life. Her honesty, spirit, and ample supply of tough love have enabled many of us, even in the darkest hours, to somehow put one foot in front of the other--and be brave enough",Non-Fiction,Adult
Boy Meets Boy,21.12,3,In stock,http://books.toscrape.com/catalogue/boy-meets-boy_134/index.html,"This is the story of Paul, a sophomore at a high school like no other: The cheerleaders ride Harleys, the homecoming queen used to be a guy named Daryl (she now prefers Infinite Darlene and is also the star quarterback), and the gay-straight alliance was formed to help the straight kids learn how to dance. When Paul meets Noah, he thinks he’s found the one his heart is made for. Until he blows it. The school bookie says the odds are 12-to-1 against him getting Noah back, but Paul’s not giving up without playing his love really loud. His best friend Joni might be drifting away, his other best friend Tony might be deali",Fiction,Young Adult
"Born to Run: A Hidden Tribe, Superathletes, and the Greatest Race the World Has Never Seen",27.35,2,In stock,http://books.toscrape.com/catalogue/born-to-run-a-hidden-tribe-superathletes-and-the-greatest-race-the-world-has-never-seen_133/index.html,"Full of incredible characters, amazing athletic achievements, cutting-edge science, and, most of all, pure inspiration, Born to Run is an epic adventure that began with one simple question: Why does my foot hurt? In search of an answer, Christopher McDougall sets off to find a tribe of the world’s greatest distance runners and learn their secrets, and in the process shows us that everything we thought we knew about running is wrong. Isolated by the most savage terrain in North America, the reclusive Tarahumara Indians of Mexico’s deadly Copper Canyons are custodians of a lost art. For centuries they have practiced tech",Non-Fiction,Adult
Blink: The Power of Thinking Without Thinking,21.74,5,In stock,http://books.toscrape.com/catalogue/blink-the-power-of-thinking-without-thinking_132/index.html,"In his landmark bestseller The Tipping Point, Malcolm Gladwell redefined how we understand the world around us. Now, in Blink, he revolutionizes the way we understand the world within. Blink is a book about how we think without thinking, about choices that seem to be made in an instant--in the blink of an eye--that actually aren't as simple as they seem. Why are some people brilliant decision makers, while others are consistently inept? Why do some people follow their instincts and win, while others end up stumbling into error? How do our brains really work-in the office, in the classroom, in the kitchen, and in the",Non-Fiction,Adult
Black Flags: The Rise of ISIS,40.87,1,In stock,http://books.toscrape.com/catalogue/black-flags-the-rise-of-isis_131/index.html,"Pulitzer Prize-winning reporter Joby Warrick reveals how the strain of militant Islam now raising its banner across Iraq and Syria spread from a remote Jordanian prison with the unwitting aid of American military intervention. When he succeeded his father in 1999, King Abdullah of Jordan released a batch of political prisoners in the hopes of smoothing his transition to power. Little did he know that among those released was Abu Musab al-Zarqawi, a man who would go on to become a terrorist mastermind too dangerous even for al-Qaeda and give rise to an Islamist movement bent on dominating the Middle East.",Non-Fiction,Adult
"Black Butler, Vol. 1 (Black Butler #1)",49.31,1,In stock,http://books.toscrape.com/catalogue/black-butler-vol-1-black-butler-1_130/index.html,"In the Victorian ages of London The Earl of the Phantomhive house, Ciel Phantomhive, needs to get his revenge on those who had humiliated him and destroyed what he loved. Not being able to do it alone he sells his soul to a demon he names Sebastian Michaelis. Now working as his butler, Sebastian must help the Earl Phantomhive in this suspenseful, exciting, thriller manga.",Thriller,Young Adult
Big Little Lies,22.11,1,In stock,http://books.toscrape.com/catalogue/big-little-lies_129/index.html,"Big Little Lies follows three women, each at a crossroads: Madeline is a force to be reckoned with. She’s funny and biting, passionate, she remembers everything and forgives no one. Her ex-husband and his yogi new wife have moved into her beloved beachside community, and their daughter is in the same kindergarten class as Madeline’s youngest (how is this possible?). And to top it all off, Madeline’s teenage daughter seems to be choosing Madeline’s ex-husband over her. (How. Is. This. Possible?). Celeste is the kind of beautiful woman who makes the world stop and stare. While she may seem a bit flustered at times, who wo",Fiction,Adult
Between Shades of Gray,20.79,5,In stock,http://books.toscrape.com/catalogue/between-shades-of-gray_128/index.html,"Lina is just like any other fifteen-year-old Lithuanian girl in 1941. She paints, she draws, she gets crushes on boys. Until one night when Soviet officers barge into her home, tearing her family from the comfortable life they've known. Separated from her father, forced onto a crowded and dirty train car, Lina, her mother, and her young brother slowly make their way north, crossing the Arctic Circle, to a work camp in the coldest reaches of Siberia. Here they are forced, under Stalin's orders, to dig for beets and fight for their lives under the cruelest of conditions. Lina finds solace in her art, meticulously--and",Historical Fiction,Young Adult
Best of My Love (Fool's Gold #20),27.41,2,In stock,http://books.toscrape.com/catalogue/best-of-my-love-fools-gold-20_127/index.html,"An irresistible new love story from the #1 New York Times bestselling author of the Fool's Gold series, set in a town Library Journal calls ""so appealing, readers will want to start scoping out real estate."" To overcome her painful past, baker Shelby Gilmore goes on the hunt for a friend—a male friend—to convince her stubborn psyche that men can be trusted. But where in a town as small as Fool's Gold will the petite blonde find a guy willing to not date her? Dark, charming Aidan Mitchell puts the ""adventure"" in Mitchell Adventure Tours…and into the beds of his many willing female tourists. Until he realizes he's inadverte",Romance,Adult
Beowulf,38.35,2,In stock,http://books.toscrape.com/catalogue/beowulf_126/index.html,"The national bestseller and winner of the Whitbread Award. Composed toward the end of the first millennium, Beowulf is the classic Northern epic of a hero’s triumphs as a young warrior and his fated death as a defender of his people. The poem is about encountering the monstrous, defeating it, and then having to live on, physically and psychically exposed in the exhausted aftermath. It is not hard to draw parallels in this story to the historical curve of consciousness in the twentieth century, but the poem also transcends such considerations, telling us psychological and spiritual truths that are permanent and libera",Fantasy,Adult
Beautiful Creatures (Caster Chronicles #1),21.55,5,In stock,http://books.toscrape.com/catalogue/beautiful-creatures-caster-chronicles-1_125/index.html,"Lena Duchannes is unlike anyone the small Southern town of Gatlin has ever seen, and she's struggling to conceal her power, and a curse that has haunted her family for generations. But even within the overgrown gardens, murky swamps and crumbling graveyards of the forgotten South, a secret cannot stay hidden forever. Ethan Wate, who has been counting the months until he can escape from Gatlin, is haunted by dreams of a beautiful girl he has never met. When Lena moves into the town's oldest and most infamous plantation, Ethan is inexplicably drawn to her and determined to uncover the connection between them.",Fantasy,Young Adult
Awkward,38.02,2,In stock,http://books.toscrape.com/catalogue/awkward_124/index.html,"Cardinal rule #1 for surviving school: Don't get noticed by the mean kids. Cardinal rule #2 for surviving school: Seek out groups with similar interests and join them. On her first day at her new school, Penelope--Peppi--Torres reminds herself of these basics. But when she trips into a quiet boy in the hall, Jaime Thompson, she's already broken the first rule, and the mean kids start calling her the 'nerder girlfriend.' How does she handle this crisis? By shoving poor Jaime and running away! Falling back on rule two and surrounding herself with new friends in the art club, Peppi still can't help feeling ashamed about th",Fiction,Young Adult
Ash,22.06,4,In stock,http://books.toscrape.com/catalogue/ash_123/index.html,"Cinderella retold In the wake of her father's death, Ash is left at the mercy of her cruel stepmother. Consumed with grief, her only joy comes by the light of the dying hearth fire, rereading the fairy tales her mother once told her. In her dreams, someday the fairies will steal her away, as they are said to do. When she meets the dark and dangerous fairy Sidhean, she believes that her wish may be granted. The day that Ash meets Kaisa, the King's Huntress, her heart begins to change. Instead of chasing fairies, Ash learns to hunt with Kaisa. Though their friendship is as delicate as a new bloom, it reawakens Ash's capa",Fantasy,Young Adult
Are We There Yet?,10.66,3,In stock,http://books.toscrape.com/catalogue/are-we-there-yet_122/index.html,"Caldecott Medalist Dan Santat takes readers on the road trip of a lifetime! ""Are we there yet?"" Every parent has heard this classic kid question on a long car ride--and after reading this astonishingly inventive new book (that even turns upside down for several pages!), you'll never look at being bored the same way again. Let's face it: everyone knows that car rides can be boring. And when things get boring, time slows down. In this book, a boy feels time slowing down so much that it starts going backward--into the time of pirates! Of princesses! Of dinosaurs! The boy was just trying to get to his grandmother's birthday.",Children,Children
Are We Smart Enough to Know How Smart Animals Are?,56.58,1,In stock,http://books.toscrape.com/catalogue/are-we-smart-enough-to-know-how-smart-animals-are_121/index.html,"What separates your mind from an animal’s? Maybe you think it’s your ability to design tools, your sense of self, or your grasp of past and future—all traits that have helped us define ourselves as the planet’s preeminent species. But in recent decades, these claims have eroded, or even been disproven outright, by a revolution in the study of animal cognition. Take the way octopuses use coconut shells as tools; elephants that classify humans by age, gender, and language; or Ayumu, the young male chimpanzee at Kyoto University whose flash memory puts that of humans to shame. Based on research involving crows, dolphins.",Non-Fiction,Adult
Annie on My Mind,36.83,5,In stock,http://books.toscrape.com/catalogue/annie-on-my-mind_120/index.html,"This groundbreaking book is the story of two teenage girls whose friendship blossoms into love and who, despite pressures from family and school that threaten their relationship, promise to be true to each other and their feelings. This book is so truthful and honest, it has been banned from many school libraries and even publicly burned in Kansas City. Of the author and the book, the Margaret A. Edwards Award committee said, “Nancy Garden has the distinction of being the first author for young adults to create a lesbian love story with a positive ending. Using a fluid, readable style, Garden opens a window through w",Fiction,Young Adult
And Then There Were None,35.01,2,In stock,http://books.toscrape.com/catalogue/and-then-there-were-none_119/index.html,"First, there were ten - a curious assortment of strangers summoned as weekend guests to a private island off the coast of Devon. Their host, an eccentric millionaire unknown to all of them, is nowhere to be found. All that the guests have in common is a wicked past they're unwilling to reveal - and a secret that will seal their fate. For each has been marked for murder. One by one they fall prey. Before the weekend is out, there will be none. And only the dead are above suspicion.",Mystery,Adult
A Walk in the Woods: Rediscovering America on the Appalachian Trail,30.48,4,In stock,http://books.toscrape.com/catalogue/a-walk-in-the-woods-rediscovering-america-on-the-appalachian-trail_118/index.html,"The Appalachian Trail trail stretches from Georgia to Maine and covers some of the most breathtaking terrain in America–majestic mountains, silent forests, sparking lakes. If you’re going to take a hike, it’s probably the place to go. And Bill Bryson is surely the most entertaining guide you’ll find. He introduces us to the history and ecology of the trail and to some of the other hardy (or just foolhardy) folks he meets along the way–and a couple of bears. Already a classic, A Walk in the Woods will make you long for the great outdoors (or at least a comfortable chair to sit and read in).",Non-Fiction,Adult
A Visit from the Goon Squad,14.08,5,In stock,http://books.toscrape.com/catalogue/a-visit-from-the-goon-squad_117/index.html,"Bennie is an aging former punk rocker and record executive. Sasha is the passionate, troubled young woman he employs. Here Jennifer Egan brilliantly reveals their pasts, along with the inner lives of a host of other characters whose paths intersect with theirs. With music pulsing on every page, A Visit from the Goon Squad is a startling, exhilarating novel of self-destruction and redemption.",Fiction,Adult
A Storm of Swords (A Song of Ice and Fire #3),31.22,2,In stock,http://books.toscrape.com/catalogue/a-storm-of-swords-a-song-of-ice-and-fire-3_116/index.html,"Here is the third volume in George R.R. Martin's magnificent cycle of novels that includes A Game of Thrones and A Clash of Kings. Together, this series comprises a genuine masterpiece of modern fantasy, destined to stand as one of the great achievements of imaginative fiction. Of the five contenders for power, one is dead, another in disfavor, and still the wars rage as alliances are made and broken. Joffrey sits on the Iron Throne, the uneasy ruler of the Seven Kingdoms. His most bitter rival, Lord Stannis, stands defeated and disgraced, victim of the sorceress who holds him in her thrall. Young Robb still rules the",Fantasy,Adult
A Heartbreaking Work of Staggering Genius,54.29,5,In stock,http://books.toscrape.com/catalogue/a-heartbreaking-work-of-staggering-genius_115/index.html,"Dave Eggers is a terrifically talented writer; don't hold his cleverness against him. What to make of a book called A Heartbreaking Work of Staggering Genius: Based on a True Story? For starters, there's a good bit of staggering genius before you even get to the true story, including a preface, a list of ""Rules and Suggestions for Enjoyment of This Book,"" and a 20-page acknowledgements section complete with special mail-in offer, flow chart of the book's themes, and a lovely pen-and-ink drawing of a stapler (helpfully labeled ""Here is a drawing of a stapler:""). But on to the true story. At the age of 22, Eggers became",Biography,Adult
8 Keys to Mental Health Through Exercise,31.04,1,In stock,http://books.toscrape.com/catalogue/8-keys-to-mental-health-through-exercise_114/index.html,"We all know that exercise is good for physical health. Improved fitness has been proven to increase longevity and stave off illness. Recently, there has been a wealth of data proving that exercise also contributes to overall mental well-being. Routine exercise alleviates stress and anxiety, moderates depression, relieves chronic pain, and improves self-esteem. Christina G. Hibbert, an expert on women’s mental health, grief, and self-esteem issues, here offers readers step-by-step strategies for sticking to fitness goals, overcoming motivation challenges and roadblocks to working out, and maintaining a physically and em",Self-Help,Adult
#GIRLBOSS,50.96,1,In stock,http://books.toscrape.com/catalogue/girlboss_113/index.html,"The founder of Nasty Gal offers a sassy and irreverent manifesto for ambitious young women At seventeen, Sophia Amoruso decided to forgo continuing education to pursue a life of hitchhiking, dumpster diving, and petty thievery. Now, at twenty-nine, she is the Founder, CEO, and Creative Director of Nasty Gal, a $100+ million e-tailer that draws A-list publicity and rabid fans for its leading-edge fashion and provocative online persona. Her story is extraordinary—and only part of the appeal of #GIRLBOSS. This aspirational book doesn’t patronize young women the way many business experts do. Amoruso shows readers how to",Non-Fiction,Young Adult
"The Suffragettes (Little Black Classics, #96)",11.89,2,In stock,http://books.toscrape.com/catalogue/the-suffragettes-little-black-classics-96_112/index.html,"'Once they are aroused, once they are determined, nothing on earth and nothing in heaven will make women give way; it is impossible.' A potted history of the women who pioneered feminism and changed the world. One of 46 new books in the bestselling Little Black Classics series, to celebrate the first ever Penguin Classic in 1946. Each book gives readers a taste of the Classics' huge range and diversity, with works from around the world and across the centuries - including fables, decadence, heartbreak, tall tales, satire, ghosts, battles and elephants.",Non-Fiction,Adult
The Sense of an Ending,31.38,3,In stock,http://books.toscrape.com/catalogue/the-sense-of-an-ending_111/index.html,"Tony Webster and his clique first met Adrian Finn at school. Sex-hungry and book-hungry, they would navigate the girl-less sixth form together, trading in affectations, in-jokes, rumour and wit. Maybe Adrian was a little more serious than the others, certainly more intelligent, but they all swore to stay friends for life. Now Tony is retired. He's had a career and a single marriage, a calm divorce. He's certainly never tried to hurt anybody. Memory, though, is imperfect. It can always throw up surprises, as a lawyer's letter is about to prove.",Fiction,Adult
"The Sandman, Vol. 2: The Doll's House (The Sandman (volumes) #2)",54.81,1,In stock,http://books.toscrape.com/catalogue/the-sandman-vol-2-the-dolls-house-the-sandman-volumes-2_110/index.html,"A being who has existed since the beginning of the universe, Dream of the Endless rules over the realm of dreams. In THE DOLL’S HOUSE, after a decades-long imprisonment, the Sandman has returned to find that a few dreams and nightmares have escaped to reality. Looking to recapture his lost possessions, Morpheus ventures to the human plane only to learn that a woman named Rose Walker has inadvertently become a dream vortex and threatens to rip apart his world. Now as Morpheus takes on the last escaped nightmare at a serial killers convention, the Lord of Dreams must mercilessly murder Rose or risk the destruction of h",Fantasy,Adult
The Course of Love,16.78,3,In stock,http://books.toscrape.com/catalogue/the-course-of-love_109/index.html,"The long-awaited and beguiling second novel from Alain de Botton that tracks the beautifully complicated arc of a romantic partnership, from the internationally bestselling author of On Love and How Proust Can Change Your Life. We all know the headiness and excitement of the early days of love. But what comes after? In Edinburgh, a couple, Rabih and Kirsten, fall in love. They get married, they have children—but no long-term relationship is as simple as 'happily ever after.' The Course of Love is a novel that explores what happens after the birth of love, what it takes to maintain love, and what happens to our original.",Fiction,Adult
Sugar Rush (Offensive Line #2),24.42,1,In stock,http://books.toscrape.com/catalogue/sugar-rush-offensive-line-2_108/index.html,"Colt Avery is on fire. Dubbed one of the NFL's best kept secrets, he's in the spotlight for the first time in his career. Women want him, coaches are courting him, and his Kansas cornfield good looks are too good not to be shared. His face is everywhere; TV, magazines, billboards. The entire world is in love with him. Everyone wants a piece of him. Everyone but Lilly Hendricks. Lilly grew up in L.A. where pretty faces are a dime a dozen. She's seen first hand what happens when you get swept up in the whirlwind of fame and fortune; you get dropped on your ass, and there's no one there to help you up. She stays away from",Romance,Young Adult
"Saga, Volume 2 (Saga (Collected Editions) #2)",11.75,3,In stock,http://books.toscrape.com/catalogue/saga-volume-2-saga-collected-editions-2_107/index.html,"From award-winning writer BRIAN K. VAUGHAN (Pride of Baghdad, Ex Machina) and critically acclaimed artist FIONA STAPLES (Mystery Society, Done to Death), SAGA is sweeping tale of one young family fighting to find their place in the universe. Thanks to her star-crossed parents Marko and Alana, newborn baby Hazel has already survived lethal assassins, rampaging armies, and horrific monsters, but in the cold vastness of outer space, the little girl encounters her strangest adventure yet... grandparents. Collects Saga issues #7-12",Fantasy,Young Adult
"Run, Spot, Run: The Ethics of Keeping Pets",20.02,1,In stock,http://books.toscrape.com/catalogue/run-spot-run-the-ethics-of-keeping-pets_106/index.html,"A life shared with pets brings many emotions. We feel love for our companions, certainly, and happiness at the thought that we’re providing them with a safe, healthy life. But there’s another emotion, less often acknowledged, that can be nearly as powerful: guilt. When we see our cats gazing wistfully out the window, or watch a goldfish swim lazy circles in a bowl, we can’t help but wonder: are we doing the right thing, keeping these independent beings locked up, subject to our control? Is keeping pets actually good for the pets themselves? That’s the question that animates Jessica Pierce’s powerful Run, Spot, Run.",Non-Fiction,Adult
New Moon (Twilight #2),12.86,4,In stock,http://books.toscrape.com/catalogue/new-moon-twilight-2_105/index.html,"I knew we were both in mortal danger. Still, in that instant, I felt well. Whole. I could feel my heart racing in my chest, the blood pulsing hot and fast through my veins again. My lungs filled deep with the sweet scent that came off his skin. It was like there had never been any hole in my chest. I was perfect - not healed, but as if there had never been a wound in the first place.",Fiction,Young Adult
Life,31.58,5,In stock,http://books.toscrape.com/catalogue/life_104/index.html,"With the Rolling Stones, Keith Richards created the riffs, the lyrics and the songs that roused the world, and over four decades he lived the original rock and roll life. Now, at last, the man himself tells us the story of life in the crossfire hurricane.",Biography,Adult
Kindle Paperwhite User's Guide,34.0,3,In stock,http://books.toscrape.com/catalogue/kindle-paperwhite-users-guide_103/index.html,Kindle Paperwhite User's Guide,Non-Fiction,Adult
H is for Hawk,57.42,5,In stock,http://books.toscrape.com/catalogue/h-is-for-hawk_102/index.html,"When Helen Macdonald's father died suddenly on a London street, she was devastated. An experienced falconer, Helen had never before been tempted to train one of the most vicious predators, the goshawk, but in her grief, she saw that the goshawk's fierce and feral temperament mirrored her own. Resolving to purchase and raise the deadly creature as a means to cope with her loss, she adopted Mabel, and turned to the guidance of The Once and Future King author T.H. White's chronicle The Goshawk to begin her challenging endeavor. Projecting herself 'in the hawk's wild mind to tame her' tested the limits of Macdonald's hum",Biography,Adult
Girl Online On Tour (Girl Online #2),53.47,1,In stock,http://books.toscrape.com/catalogue/girl-online-on-tour-girl-online-2_101/index.html,"The sequel to the number-one bestseller Girl Online. Penny joins her rock-star boyfriend, Noah, on his European music tour. Penny's bags are packed. When Noah invites Penny on his European music tour, she can't wait to spend time with her rock-god-tastic boyfriend. But, between Noah's jam-packed schedule, less-than-welcoming bandmates and threatening messages from jealous fans, Penny wonders whether she's really cut out for life on tour. She can't help but miss her family, her best friend Elliot . . . and her blog, Girl Online. Can Penny learn to balance life and love on the road, or will she lose everything in pursuit o",Fiction,Young Adult
"Fruits Basket, Vol. 2 (Fruits Basket #2)",11.64,5,In stock,http://books.toscrape.com/catalogue/fruits-basket-vol-2-fruits-basket-2_100/index.html,"A family with an ancient curse...And the girl who will change their lives forever...Ever since Tohru Honda discovered the Zodiac secret of the Sohma clan, her eyes have opened to a world of magic and wonder. But with such a great secret comes great responsibility. When her best friends Hana-chan and Uo-chan come to the Sohma home for a sleepover, Tohru has her work cut out for her keeping the 'Cat' in the bag and the 'Dog' on a leash.",Fantasy,Young Adult
Diary of a Minecraft Zombie Book 1: A Scare of a Dare (An Unofficial Minecraft Book),52.88,4,In stock,http://books.toscrape.com/catalogue/diary-of-a-minecraft-zombie-book-1-a-scare-of-a-dare-an-unofficial-minecraft-book_99/index.html,"Diary of a Minecraft Zombie Has a Fresh New Look! Ever wonder what it would be like to be a Minecraft Zombie? In the first book of this hilarious Minecraft adventure series, we get to read the diary of an actual 12 year old, Minecraft Zombie. Take a peek at what is really going on between the hollow eyes, and dead expression that we normally see when we face the dreaded Zombies of Minecraft. Are Zombies really different from us? You'll be surprised at what you discover. So, jump into this Minecraft adventure and find out!. Diary of a Zombie is a must-read for any kid who loves Minecraft.",Fantasy,Children
"Y: The Last Man, Vol. 1: Unmanned (Y: The Last Man #1)",18.51,4,In stock,http://books.toscrape.com/catalogue/y-the-last-man-vol-1-unmanned-y-the-last-man-1_98/index.html,"""Y"" is none other than unemployed escape artist Yorick Brown (his father was a Shakespeare buff), and he's seemingly the only male human left alive after a mysterious plague kills all Y-chromosome carriers on earth. But why are he and his faithful companion, the often testy male monkey Ampersand, still alive? He sets out to find the answer (and his girlfriend), while running from angry female Republicans (now running the government), Amazon wannabes that include his own sister (seemingly brainwashed), and other threats. The Vertigo team of Brian K. Vaughan, Pia Guerra, and José Marzán Jr. have given us a great read!",Fiction,Adult
While You Were Mine,41.32,5,In stock,http://books.toscrape.com/catalogue/while-you-were-mine_97/index.html,"Everything she loved could so easily be lost. The end of World War II should have brought joy to Gwen Mullen. But on V-J Day, her worst fear is realized. As celebrating crowds gather in Times Square, a soldier appears on her doorstep to claim Mary, the baby abandoned to Gwen one year earlier. Suddenly Gwen is on the verge of losing the child she has nurtured and loves dearly. With no legal claim to Mary, Gwen begins to teach Lieutenant John McKee how to care for his child, knowing that he will ultimately take Mary away. What starts as a contentious relationship, however, turns into something more, and Gwen must open he",Fiction,Adult
Where Lightning Strikes (Bleeding Stars #3),39.77,3,In stock,http://books.toscrape.com/catalogue/where-lightning-strikes-bleeding-stars-3_96/index.html,"Do you know what it feels like right before lightning strikes? How you can feel the current running through your veins? The trembles of warning that ripple through the air? It was a thrill Tamar King chased all her life until it became the very thing she had to escape. For the last four years, Tamar King has hidden herself in an isolated world she created. She was safe. No one could touch her. Until Lyrik West walked through her door. He’s the lead guitarist for Sunder and everything she can never have. The dark and beautiful rock star becomes everything she craves. Lyrik’s life has been devoted to his band and that",Romance,Young Adult
When I'm Gone,51.96,3,In stock,http://books.toscrape.com/catalogue/when-im-gone_95/index.html,"Dear Luke,First let me say—I love you…I didn’t want to leave you… Luke Richardson has returned home after burying Natalie, his beloved wife of sixteen years, ready to face the hard job of raising their three children alone. But there’s something he’s not prepared for—a blue envelope with his name scrawled across the front in Natalie’s handwriting, waiting for him on the floor of their suburban Michigan home. The letter inside, written on the first day of Natalie’s cancer treatment a year ago, turns out to be the first of many. Luke is convinced they’re genuine, but who is delivering them? As his obsession with the lett",Fiction,Adult
Ways of Seeing,39.51,5,In stock,http://books.toscrape.com/catalogue/ways-of-seeing_94/index.html,"John Berger's Ways of Seeing is one of the most stimulating and the most influential books on art in any language. First published in 1972, it was based on the BBC television series about which the (London) Sunday Times critic commented: ""This is an eye-opener in more ways than one: by concentrating on how we look at paintings . . . he will almost certainly change the way you look at pictures."" Berger has the ability to cut right through the mystification of the professional art critics . . . He is a liberator of images: and once we have allowed the paintings to work on",Non-Fiction,Adult
"Vampire Knight, Vol. 1 (Vampire Knight #1)",15.4,1,In stock,http://books.toscrape.com/catalogue/vampire-knight-vol-1-vampire-knight-1_93/index.html,"Yuki Cross has no memory of her past prior to the moment she was saved from a vampire attack ten years ago. She was adopted by the headmaster of Cross Academy, and now works alongside Zero to guard the Academy's secret. Cross Academy is attended by two groups of students: the Day Class and the Night Class. At twilight, when the students of the Day Class return to their dorm, they cross paths with the Night Class on their way to school. Yuki Cross and Zero Kiryu are the Guardians of the school, protecting the Day Class from the Academy's dark secret: the Night Class is full of vampires!",Fantasy,Young Adult
Vampire Girl (Vampire Girl #1),53.82,2,In stock,http://books.toscrape.com/catalogue/vampire-girl-vampire-girl-1_92/index.html,"You think it's safe to walk alone at night. It's not. You think the only threat is other humans. It's not. Monsters are real. Demons are real. Vampires are real. And I'm about to become one of them. My name is Arianna Spero. I was an ordinary girl, living an ordinary life, until my mother lapsed into a coma. Now, I am her only hope. She made a deal with the devil, and on my 18th birthday he came to collect. But there's a way to save her. There's something the princes of hell want more than my mother. Me. So I signed my soul away and promised to pick a prince to marry. I would take the blood oath, become one of them.",Fantasy,Young Adult
Twenty Love Poems and a Song of Despair,30.95,4,In stock,http://books.toscrape.com/catalogue/twenty-love-poems-and-a-song-of-despair_91/index.html,"Drawn from the most intimate and personal associations, Pablo Neruda's most beloved collection of poetry juxtaposes the exuberance of youthful passion with the desolation of grief, the sensuality of the body with the metaphorical nuances of nature. Pulitzer Prize-winning poet W. S. Merwin's masterly translation faces the original Spanish text. This edition also features an insightful Introduction by Cristina Garcia. More than eighty years after its publication, Twenty Love Poems and a Song of Despair stands as an essential collection that continues to inspire lovers and poets around the world.",Poetry,Adult
Travels with Charley: In Search of America,57.82,5,In stock,http://books.toscrape.com/catalogue/travels-with-charley-in-search-of-america_90/index.html,"An intimate journey across and in search of America, as told by one of its most beloved writers, in a deluxe centennial edition. In September 1960, John Steinbeck embarked on a journey across America. He felt that he might have lost touch with the country, with its speech, the smell of its grass and trees, its color and quality of light, the pulse of its people. To reassure himself, he set out on a voyage of rediscovery of the American identity, accompanied by a distinguished French poodle named Charley; and riding in a three-quarter-ton pickup truck named Rocinante. His course took him through almost forty states.",Biography,Adult
Three Wishes (River of Time: California #1),44.18,2,In stock,http://books.toscrape.com/catalogue/three-wishes-river-of-time-california-1_89/index.html,"BE CAREFUL WHAT YOU WISH FOR. BECAUSE YOU JUST MIGHT GET IT. Zara Ruiz is a normal California girl on the verge of graduating high school and thinking about her dawning future. But when dusk brings a shattering loss—and she discovers a priceless object in the shallows of a tide pool—she is thrust a hundred-and-eighty years into the past. There she meets handsome ranchero Javier de la Ventura—who has big dreams and bigger secrets—along with his enchanting family, in a land that is at once familiar, and yet utterly foreign. Between cattle rustlers, pirates and a growing call for statehood, it is not a peaceful time to",Fantasy,Young Adult
This One Moment (Pushing Limits #1),48.71,1,In stock,http://books.toscrape.com/catalogue/this-one-moment-pushing-limits-1_88/index.html,"Fame, fortune, and stadiums full of screaming fans are right around the corner for the rock band at the heart of Stina Lindenblatt’s steamy, intense Pushing Limits series. But it’s an epic love affair that steals the show in this opening act. When Nolan Kincaid skipped town to chase the music career of his dreams, he knew he wouldn’t miss the reminders of his broken family—he wasn’t so sure he could forget the girl he left behind. Now his band is touring nonstop, the recording sessions go all night, and the groupies are crazed. But when he hears that Hailey Wilkins is in trouble, he drops everything.",Romance,Young Adult
The Zombie Room,19.69,5,In stock,http://books.toscrape.com/catalogue/the-zombie-room_87/index.html,"An unlikely bond is forged between three men from very different backgrounds when they serve time together in prison. A series of wrong turns and disastrous life choices has led to their incarceration. Following their release, Mangle, Decker and Tazeem stick together as they return to a life of crime, embarking on a lucrative scam. But when they stumble upon a sophisticated sex-trafficking operation, they soon realise that they are in mortal danger. The disappearance of a family member and the murder of a dear friend lead the three to delve deeper into a world of violence and deception. In their quest for retribution",Thriller,Adult
"The Wicked + The Divine, Vol. 1: The Faust Act (The Wicked + The Divine)",36.52,2,In stock,http://books.toscrape.com/catalogue/the-wicked-the-divine-vol-1-the-faust-act-the-wicked-the-divine_86/index.html,"Every ninety years, twelve gods incarnate as humans. They are loved. They are hated. In two years, they are dead. The team behind critical tongue-attractors like Young Avengers and PHONOGRAM reunite to create a world where gods are the ultimate pop stars and pop stars are the ultimate gods. But remember: just because you’re immortal, doesn’t mean you’re going to live forever. Collects THE WICKED + THE DIVINE #1-5",Fantasy,Young Adult
The Tumor,41.56,5,In stock,http://books.toscrape.com/catalogue/the-tumor_85/index.html,"John Grisham says THE TUMOR is the most important book he has ever written. In this short book, he provides readers with a fictional account of how a real, new medical technology could revolutionize the future of medicine by curing with sound. THE TUMOR follows the present day experience of the fictional patient Paul, an otherwise healthy 35-year-old father who is diagnosed with a malignant brain tumor. Grisham takes readers through a detailed account of Paul’s treatment and his family’s experience that doesn’t end as we would hope. Grisham then explores an alternate future, where Paul is diagnosed with the same brain tumor.",Fiction,Adult
The Story of Hong Gildong,43.19,4,In stock,http://books.toscrape.com/catalogue/the-story-of-hong-gildong_84/index.html,"The Story of Hong Gildong is arguably the single most important work of classic Korean fiction. Like its English counterpart, Robin Hood, it has been adapted into countless movies, television shows, novels and comics. Its memorable lines are known to virtually every Korean by heart. Until now, this incredible 19th century fable has been all but inaccessible to English readers. Hong Gildong, the brilliant but illegitimate son of a government minister, cannot advance in society due to his secondary status, so he leaves home to become the leader of a band of outlaws who rob the rich to give to the poor.",Fiction,Adult
The Silent Wife,12.34,5,In stock,http://books.toscrape.com/catalogue/the-silent-wife_83/index.html,"A chilling psychological thriller about a marriage, a way of life, and how far one woman will go to keep what is rightfully hersJodi and Todd are at a bad place in their marriage. Much is at stake, including the affluent life they lead in their beautiful waterfront condo in Chicago, as she, the killer, and he, the victim, rush haplessly toward the main event. He is a commi",Thriller,Adult
The Silent Twin (Detective Jennifer Knight #3),36.25,3,In stock,http://books.toscrape.com/catalogue/the-silent-twin-detective-jennifer-knight-3_82/index.html,"I’m alone in the dark, please can you find me …Nine-year-old twins Abigail and Olivia vow never to be parted. But when Abigail goes missing from Blackwater Farm, DC Jennifer Knight must find her before it’s too late. Twin sister Olivia has been mute since Abigail’s disappearance. But when she whispers in Jennifer’s ear, Jennifer realises it is Abigail’s voice pleading to be found. A damp and decaying house set in acres of desolate scrubland, the farm is a place of secrets, old and new – and Jennifer must unravel them all in order to find the lost girl. But could Olivia’s bond with her twin hold the key to finding Abi",Thriller,Adult
The Selfish Gene,29.45,1,In stock,http://books.toscrape.com/catalogue/the-selfish-gene_81/index.html,"Richard Dawkins' brilliant reformulation of the theory of natural selection has the rare distinction of having provoked as much excitement and interest outside the scientific community as within it. His theories have helped change the whole nature of the study of social biology, and have forced thousands of readers to rethink their beliefs about life. In his internationally bestselling, now classic volume, The Selfish Gene, Dawkins explains how the selfish gene can also be a subtle gene. The world of the selfish gene revolves around savage competition, ruthless exploitation, and deceit, and yet, Dawkins argues, acts",Science,Adult
The Secret Healer,34.56,3,In stock,http://books.toscrape.com/catalogue/the-secret-healer_80/index.html,"In the fourteenth century, opportunities for women are limited to the home. But spirited young Madlen finds her calling as assistant to the city’s trusted midwife, Clara. Working alongside Clara, Madlen develops a surprisingly soothing technique and quickly becomes a talented healer. After Clara’s tragic death, Madlen alone rushes to assist the birth of a local nobleman’s child. But rather than the joy of birth, Madlen walks into an accusation of murder and witchcraft because of her extraordinary gifts. Forced to flee her own town, she establishes a new identity in the home of her aunt. Yet even though it endangers he",Historical Fiction,Adult
"The Sandman, Vol. 1: Preludes and Nocturnes (The Sandman (volumes) #1)",54.12,3,In stock,http://books.toscrape.com/catalogue/the-sandman-vol-1-preludes-and-nocturnes-the-sandman-volumes-1_79/index.html,"In 1916, Dream is captured and encased in a glass globe in a failed attempt by a fictional Edwardian magician (very much in the vein of Aleister Crowley) named Roderick Burgess to bind Death and attain immortality. Dream bides his time for decades until Burgess dies. Afterwards, his son Alexander becomes Dream's new captor. Finally, in 1988, Alex's guards grow careless and the guards watching him fall asleep in his presence, allowing Dream to use the sand from their dream to his benefit. When the guards awake and break the seal Dream was in, he is then able to escape. Dream punishes Alex by cursing him to experience",Fantasy,Adult
The Republic,33.78,3,In stock,http://books.toscrape.com/catalogue/the-republic_78/index.html,"Presented in the form of a dialogue between Socrates and three different interlocutors, this classic text is an enquiry into the notion of a perfect community and the ideal individual within it. During the conversation, other questions are raised: what is goodness?; what is reality?; and what is knowledge? The Republic also addresses the purpose of education and the role of both women and men as guardians of the people. With remarkable lucidity and deft use of allegory, Plato arrives at a depiction of a state bound by harmony and ruled by philosopher kings.",Philosophy,Adult
The Odyssey,29.64,3,In stock,http://books.toscrape.com/catalogue/the-odyssey_77/index.html,"Literature's grandest evocation of life's journey, at once an ageless human story and an individual test of moral endurance, Homer's ancient Greek epic The Odyssey is translated by Robert Fagles with an introduction and notes by Bernard Knox in Penguin Classics. Here, one of the great modern translators presents us with The Odyssey, Homer's best-loved poem, recounting Odysseus' wanderings after the Trojan War. With wit and wile, the 'man of twists and turns' meets the challenges of the sea-god Pos",Fiction,Adult
The No. 1 Ladies' Detective Agency (No. 1 Ladies' Detective Agency #1),57.7,4,In stock,http://books.toscrape.com/catalogue/the-no-1-ladies-detective-agency-no-1-ladies-detective-agency-1_76/index.html,"The No.1 ladies' detective agency consists of one woman, the engaging and sassy Precious Ramotswe, who sets up shop in Gabarone, Botswana. This unlikely herione specialises in missing husbands, wayward daughters, con men and impostors.",Mystery,Adult
The Nicomachean Ethics,36.34,1,In stock,http://books.toscrape.com/catalogue/the-nicomachean-ethics_75/index.html,"‘One swallow does not make a summer; neither does one day. Similarly neither can one day, or a brief space of time, make a man blessed and happy’In the Nicomachean Ethics, Aristotle sets out to examine the nature of happiness. He argues that happiness consists in ‘activity of the soul in accordance with virtue’, for example with moral virtues, such as courage, generosity and justice, and intellectual virtues, such as knowledge, wisdom and insight. The Ethics also discusses the nature of practical reasoning, the value and the objects of pleasure, the different forms of friendship, and the relationship between individu",Philosophy,Adult
The Name of the Wind (The Kingkiller Chronicle #1),50.59,3,In stock,http://books.toscrape.com/catalogue/the-name-of-the-wind-the-kingkiller-chronicle-1_74/index.html,"Told in Kvothe's own voice, this is the tale of the magically gifted young man who grows to be the most notorious wizard his world has ever seen. The intimate narrative of his childhood in a troupe of traveling players, his years spent as a near-feral orphan in a crime-ridden city, his daringly brazen yet successful bid to enter a legendary school of magic, and his life as a fugitive after the murder of a king form a gripping coming-of-age story unrivaled in recent literature. A high-action story written with a poet's hand, The Name of the Wind is a masterpiece that will transport readers into the body and mind of a",Fantasy,Adult
The Mirror & the Maze (The Wrath and the Dawn #1.5),29.38,1,In stock,http://books.toscrape.com/catalogue/the-mirror-the-maze-the-wrath-and-the-dawn-15_73/index.html,"The city of Rey is burning. With smoke billowing, fires blazing and his people fleeing, Khalid races back to defend his city, and protect his queen. But Khalid is too late to do either. He and his men arrive to find the city in ruins, nothing but a maze of destruction, and Shahrzad is gone. But who could have wrought such devastation? Khalid fears he may already know the answer, the price of choosing love over the people of Rey all too evident.",Fantasy,Young Adult
The Little Prince,45.42,2,In stock,http://books.toscrape.com/catalogue/the-little-prince_72/index.html,"Moral allegory and spiritual autobiography, The Little Prince is the most translated book in the French language. With a timeless charm it tells the story of a little boy who leaves the safety of his own tiny planet to travel the universe, learning the vagaries of adult behaviour through a series of extraordinary encounters. His personal odyssey culminates in a voyage to Earth and further adventures.",Fiction,Children
The Light of the Fireflies,54.43,1,In stock,http://books.toscrape.com/catalogue/the-light-of-the-fireflies_71/index.html,"A haunting and hopeful tale of discovering light in even the darkest of places. For his whole life, the boy has lived underground, in a basement with his parents, grandmother, sister, and brother. Before he was born, his family was disfigured by a fire. His sister wears a white mask to cover her burns. He spends his hours with his cactus, reading his book on insects, or touching the one ray of sunlight that filters in through a crack in the ceiling. Ever since his sister had a baby, everyone’s been acting very strangely. The boy begins to wonder why they never say who the father is, about what happened before his own birth.",Fiction,Young Adult
The Last Girl (The Dominion Trilogy #1),36.26,2,In stock,http://books.toscrape.com/catalogue/the-last-girl-the-dominion-trilogy-1_70/index.html,"A mysterious worldwide epidemic reduces the birthrate of female infants from 50 percent to less than 1 percent. Medical science and governments around the world scramble in an effort to solve the problem, but twenty-five years later there is no cure, and an entire generation grows up with a population of fewer than a thousand women. Zoey and some of the surviving young women are housed in a scientific research compound dedicated to determining the cause. For two decades, she’s been isolated from her family, treated as a test subject, and locked away—told only that the virus has wiped out the rest of the world’s population.",Fiction,Young Adult
The Iliad,16.16,1,In stock,http://books.toscrape.com/catalogue/the-iliad_69/index.html,"The Iliad is one of the two great epics of Homer, and is typically described as one of the greatest war stories of all time, but to say the Iliad is a war story does not begin to describe the emotional sweep of its action and characters: Achilles, Helen, Hector, and other heroes of Greek myth and history in the tenth and final year of the Greek siege of Troy.",Fiction,Adult
The Hook Up (Game On #1),36.29,5,In stock,http://books.toscrape.com/catalogue/the-hook-up-game-on-1_68/index.html,"The rules: no kissing on the mouth, no staying the night, no telling anyone, and above all… No falling in love.Anna Jones just wants to finish college and figure out her life. Falling for star quarterback Drew Baylor is certainly not on her to do list. Confident and charming, he lives in the limelight and is way too gorgeous for his own good. If only she could ignore his heated stares and stop thinking about doing hot and dirty things with him. Easy right? Too bad he’s committed to making her break every rule…Football has been good to Drew. It’s given him recognition, two National Championships, and the Heisman. But w",Romance,Young Adult
The Haters,27.89,5,In stock,http://books.toscrape.com/catalogue/the-haters_67/index.html,"From Jesse Andrews, author of the New York Times bestselling Me and Earl and the Dying Girl and screenwriter of the Sundance award–winning motion picture of the same name, comes a groundbreaking young adult novel about music, love, friendship, and freedom as three young musicians follow a quest to escape the law long enough to play the amazing show they hope (but also doubt) they have in them. Inspired by the years he spent playing bass in a band himself, The Haters is Jesse Andrews’s road trip adventure about a trio of jazz-camp escapees who, against every realistic expectation, become a band.",Young Adult,Young Adult
The Girl You Lost,12.29,5,In stock,http://books.toscrape.com/catalogue/the-girl-you-lost_66/index.html,"Eighteen years ago your baby daughter was snatched. Today, she came back. A sinister and darkly compelling psychological thriller from the No.1 bestselling author of The Girl With No Past. Eighteen years ago, Simone Porter’s six-month-old daughter, Helena, was abducted. Simone and husband, Matt, have slowly rebuilt their shattered lives, but the pain at losing their child has never left them. Then a young woman, Grace, appears out of the blue and tells Simone she has information about her stolen baby. But just who is Grace – and can Simone trust her? When Grace herself disappears, Simone becomes embroiled in a desperate.",Thriller,Adult
The Girl In The Ice (DCI Erika Foster #1),15.85,3,In stock,http://books.toscrape.com/catalogue/the-girl-in-the-ice-dci-erika-foster-1_65/index.html,"Her eyes are wide open. Her lips parted as if to speak. Her dead body frozen in the ice…She is not the only one. When a young boy discovers the body of a woman beneath a thick sheet of ice in a South London park, Detective Erika Foster is called in to lead the murder investigation. The victim, a beautiful young socialite, appeared to have the perfect life. Yet when Erika begins to dig deeper, she starts to connect the dots between the murder and the killings of three prostitutes, all found strangled, hands bound and dumped in water around London. What dark secrets is the girl in the ice hiding? As Erika inches closer",Thriller,Adult
The End of the Jesus Era (An Investigation #1),14.4,1,In stock,http://books.toscrape.com/catalogue/the-end-of-the-jesus-era-an-investigation-1_64/index.html,"God exists!? This may seem unprovable. The truth about Jesus differs radically from his traditional image!? This may seem absurd. However, both of the above assumptions are in fact provable through the logic that orders the Universe and also by virtue of the moral principles inherent in Life. This book initiates an independent investigation into the Jesus phenomenon. In parallel with this, it opens up an exploration of the nature of the Creator.",Non-Fiction,Adult
The Edge of Reason (Bridget Jones #2),19.18,4,In stock,http://books.toscrape.com/catalogue/the-edge-of-reason-bridget-jones-2_63/index.html,"Monday 27 January“7:15 a.m. Hurrah! The wilderness years are over. For four weeks and five days now have been in functional relationship with adult male, thereby proving am not love pariah as recently feared.”Lurching from the cappuccino bars of Notting Hill to the blissed-out shores of Thailand, Bridget Jones searches for The Truth in spite of pathetically unevolved men, insane dating theories, and Smug Married advice (""I'm just calling to say in the potty! In the potty! Well, do it in Daddy's hand then!""). She experiences a zeitgeist-esque Spiritual Epiphany somewhere between the pages of How to Find the Love You Wa",Fiction,Adult
The Complete Maus (Maus #1-2),10.64,3,In stock,http://books.toscrape.com/catalogue/the-complete-maus-maus-1-2_62/index.html,"Combined for the first time here are Maus I: A Survivor's Tale and Maus II - the complete story of Vladek Spiegelman and his wife, living and surviving in Hitler's Europe. By addressing the horror of the Holocaust through cartoons, the author captures the everyday reality of fear and is able to explore the guilt, relief and extraordinary sensation of survival - and how the children of survivors are in their own way affected by the trials of their parents. A contemporary classic of immeasurable significance.",Biography,Adult
The Communist Manifesto,14.76,3,In stock,http://books.toscrape.com/catalogue/the-communist-manifesto_61/index.html,"A rousing call to arms whose influence is still felt today, Karl Marx and Friedrich Engels' The Communist Manifesto is edited with an introduction by Gareth Stedman-Jones in Penguin Classics. Marx and Engels's revolutionary summons to the working classes, The Communist Manifesto is one of the most important political theories ever formulated. After four years of collaboration, they produced an incisive account of their idea of Communism, in which they envisage a society without classes, private property or a state, arguing that the exploitation of industrial workers will eventually lead to a revolution in which Capita",Non-Fiction,Adult
The Bhagavad Gita,57.49,3,In stock,http://books.toscrape.com/catalogue/the-bhagavad-gita_60/index.html,"The Bhagavad Gita is an intensely spiritual work that forms the cornerstone of the Hindu faith, and is also one of the masterpieces of Sanskrit poetry. It describes how, at the beginning of a mighty battle between the Pandava and Kaurava armies, the god Krishna gives spiritual enlightenment to the warrior Arjuna, who realizes that the true battle is for his own soul. Juan Mascaró's translation of The Bhagavad Gita captures the extraordinary aural qualities of the original Sanskrit. This edition features a new introduction by Simon Brodbeck, which discusses concepts such as dehin, prakriti and karma.",Spiritual,Adult
The Bette Davis Club,30.66,3,In stock,http://books.toscrape.com/catalogue/the-bette-davis-club_59/index.html,"The morning of her niece’s wedding, Margo Just drinks a double martini and contemplates the many mistakes she’s made in her fifty-odd years of life. Spending three decades in love with a wonderful but unattainable man is pretty high up on her list of missteps, as is a long line of unsuccessful love affairs accompanied by a seemingly endless supply of delicious cocktails. When the young bride flees—taking with her a family heirloom and leaving behind six hundred bewildered guests—her mother offers Margo fifty grand to retrieve her spoiled brat of a daughter and the invaluable property she stole.",Fiction,Adult
The Art of Not Breathing,40.83,4,In stock,http://books.toscrape.com/catalogue/the-art-of-not-breathing_58/index.html,"Since her twin brother, Eddie, drowned five years ago, sixteen-year-old Elsie Main has tried to remember what really happened that fateful day on the beach. One minute Eddie was there, and the next he was gone. Seventeen-year-old Tay McKenzie is a cute and mysterious boy that Elsie meets in her favorite boathouse hangout. When Tay introduces Elsie to the world of freediving, she vows to find the answers she seeks at the bottom of the sea.",Fiction,Young Adult
Taking Shots (Assassins #1),18.88,2,In stock,http://books.toscrape.com/catalogue/taking-shots-assassins-1_57/index.html,"Elli Fisher has never thought she was good enough, let it be her job, her weight, her love life, nothing. That is until she meets Shea Adler. After doing a promotional shoot for the NHL team, the Assassins, she meets the hunky hockey player who shoots a puck, shattering her world. Shea Adler was tired of the life he was living outside of the rink. The girls, the money blowing, the drinking, everything had to stop and it all did when he met Eleanor Fisher. He had never met anyone like her. She was feisty, witty, shy, and simply gorgeous. When he laid eyes on her, it was as if he was taking the hardest hit of his life.",Romance,Young Adult
Starlark,25.83,3,In stock,http://books.toscrape.com/catalogue/starlark_56/index.html,"On the morning of her wedding, Roma awakens to find that a 21st century eclipse has swept her through time and space to medieval Ireland—a land bedevilled with strife, conflict and danger at every possible turn. Soon caught up in an intricate spider’s web of political intrigue, Roma is forced to ally herself and marry a man she passionately hates—a cocky, rugged, silver-tongued Irish warrior—and the only man who can protect her from the dark forces at work on the Emerald Isle… For under the rolling green hills of the ancient Irish countryside lies a powerful force that even today is only spoken of in hushed tones.",Fantasy,Young Adult
"Skip Beat!, Vol. 01 (Skip Beat! #1)",42.12,3,In stock,http://books.toscrape.com/catalogue/skip-beat-vol-01-skip-beat-1_55/index.html,"Kyoko always thought that Sho, whose family took her in when she was small, was her prince charming. However, when Sho heads for Tokyo to make it big as a musician, Kyoko goes with him and has to quit high school to support his dream. But soon, being in the big city makes Kyoko realize that she has show business ambitions of her own!",Fiction,Young Adult
Sister Sable (The Mad Queen #1),13.33,3,In stock,http://books.toscrape.com/catalogue/sister-sable-the-mad-queen-1_54/index.html,"THE FIRST TENET OF THE WIND: Do not get caught. Sister Sable has lived by the first tenet for seven years, but when an unexpected accident reveals the runaway nun to the clergy, she is forced to embrace the remaining four. THE SECOND TENET OF THE WIND: Win by any means. With the King’s spymaster committed to killing her, and his general regretting he didn’t, Sable enters a deadly game. THE THIRD TENET OF THE WIND: The purpose of picking up a blade is to cut the enemy. Scaring them is discretionary. THE FOURTH TENET OF THE WIND: Have no preferred weapon. Even so, she likes the axe. THE FIFTH TENET OF THE WIND: Know the way o",Fantasy,Young Adult
Shatter Me (Shatter Me #1),42.4,1,In stock,http://books.toscrape.com/catalogue/shatter-me-shatter-me-1_53/index.html,"I have a curseI have a giftI am a monsterI'm more than humanMy touch is lethalMy touch is powerI am their weaponI will fight backJuliette hasn’t touched anyone in exactly 264 days.The last time she did, it was an accident, but The Reestablishment locked her up for murder. No one knows why Juliette’s touch is fatal. As long as she doesn’t hurt anyone else, no one really cares. The world is too busy crumbling to pieces to pay attention to a 17-year-old girl. Diseases are destroying the population, food is hard to find, birds don’t fly anymore, and the clouds are the wrong color.",Fantasy,Young Adult
Shameless,58.35,3,In stock,http://books.toscrape.com/catalogue/shameless_52/index.html,"***USA TODAY BESTSELLER***Brady…What the hell do I know about raising a baby? Nothing. Not a goddamn thing. Yet here I am, the sole guardian of my niece. I’d be lost if it weren’t for Katherine, the beautiful girl who seems to have all the answers. Katherine, who’s slowly finding her way into my cynical heart. I keep reminding myself that I can’t fall for someone when we don’t have a future. But telling myself this lie and believing it are two different things. Katherine…When Brady shows up on a Harley, looking like an avenging angel—six feet, three inches of chiseled muscle, eyes the color of wild sage, and sun-kissed.",Romance,Adult
Shadow Rites (Jane Yellowrock #10),21.72,4,In stock,http://books.toscrape.com/catalogue/shadow-rites-jane-yellowrock-10_51/index.html,"Slaying vampires is child’s play for skinwalker Jane Yellowrock. But handling the complicated politics of New Orleans’ supernatural players is another story...Jane is keeping the peace between visiting groups of witches and vamps in the city, but then trouble comes knocking on her doorstep. When her house is magically attacked, the wild chase to find her assailants unearths a mystery that has literally been buried deep.A missing master vampire, presumed long deceased, is found chained in a pit...undead, raving mad, and in the company of two human bodies. Now it’s up to Jane to find out who kept the vampire hidden for",Fantasy,Adult
Settling the Score (The Summer Games #1),44.91,2,In stock,http://books.toscrape.com/catalogue/settling-the-score-the-summer-games-1_50/index.html,"From the USA TODAY Bestselling author of Scoring Wilder, comes a sexy new standalone novel. As an Olympic rookie, Andie Foster has spent far more time in her cleats than between the sheets. For 21 years, her Friday nights have consisted of blocking shots rather than taking them. But now that she's landed in Rio, she's ready to see for herself if the rumors about the Olympic Village are true: • The athletes are all sex-crazed maniacs... • The committee passes out condoms like candy... • The games continue long after the medals have been handed out... As Andie walks the line between rumor and reality, she's forced into t",Romance,Young Adult
Sense and Sensibility,37.46,1,In stock,http://books.toscrape.com/catalogue/sense-and-sensibility_49/index.html,"The more I know of the world, the more am I convinced that I shall never see a man whom I can really love. I require so much! Marianne Dashwood wears her heart on her sleeve, and when she falls in love with the dashing but unsuitable John Willoughby she ignores her sister Elinor's warning that her impulsive behaviour leaves her open to gossip and innuendo. Meanwhile Elinor, always sensitive to social convention, is struggling to conceal her own romantic disappointment, even from those closest to her. Through their parallel experience of love—and its threatened loss—the sisters learn that sense must mix with sensibility.",Fiction,Adult
"Saga, Volume 1 (Saga (Collected Editions) #1)",28.48,1,In stock,http://books.toscrape.com/catalogue/saga-volume-1-saga-collected-editions-1_48/index.html,"When two soldiers from opposite sides of a never-ending galactic war fall in love, they risk everything to bring a fragile new life into a dangerous old universe. From bestselling writer Brian K. Vaughan, Saga is the sweeping tale of one young family fighting to find their place in the worlds. Fantasy and science fiction are wed like never before in this sexy, subversive drama for adults. Collects Saga issues #1-6.",Fantasy,Adult
"Rhythm, Chord & Malykhin",28.34,2,In stock,http://books.toscrape.com/catalogue/rhythm-chord-malykhin_47/index.html,"Twenty-six-year-old Gaby Barreto might be a lot of things (loyal, sarcastic, one of the guys and a pain in the butt depending on which family member you ask), but dumb isn’t one of them. When her twin brother invites her to go on tour as his band’s merch girl, she isn’t exactly screaming at the top of her lungs with joy. With no job opportunities pounding on her door, an ex-boyfriend she would still like to castrate, and no end in sight to moving out of her parents’ house in Dallas… it would be dumb to say no to the chance of a lifetime. Two bands, three continents, one tour. Spending the next ninety-plus days with t",Fiction,Young Adult
"Rat Queens, Vol. 1: Sass & Sorcery (Rat Queens (Collected Editions) #1-5)",46.96,5,In stock,http://books.toscrape.com/catalogue/rat-queens-vol-1-sass-sorcery-rat-queens-collected-editions-1-5_46/index.html,"Who are the Rat Queens? A pack of booze-guzzling, death-dealing battle maidens-for-hire, and they're in the business of killing all god's creatures for profit. It's also a darkly comedic sass-and-sorcery series starring Hannah the Rockabilly Elven Mage, Violet the Hipster Dwarven Fighter, Dee the Atheist Human Cleric and Betty the Hippy Smidgen Thief. This modern spin on an old school genre is a violent monster-killing epic that is like Buffy meets Tank Girl in a Lord of the Rings world on crack! Collecting Rat Queens #1-5!",Fantasy,Young Adult
Paradise Lost (Paradise #1),24.96,1,In stock,http://books.toscrape.com/catalogue/paradise-lost-paradise-1_45/index.html,"‘Better to reign in Hell, than serve in Heav’n …’In Paradise Lost, Milton produced a poem of epic scale, conjuring up a vast, awe-inspiring cosmos and ranging across huge tracts of space and time. And yet, in putting a charismatic Satan and naked Adam and Eve at the centre of this story, he also created an intensely human tragedy on the Fall of Man. Written when Milton was in his fifties – blind, bitterly disappointed by the Restoration and briefly in danger of execution – Paradise Lost’s apparent ambivalence towards authority has led to intense debate about whether it manages to ‘justify the ways of God to men’, or",Poetry,Adult
"Paper Girls, Vol. 1 (Paper Girls #1-5)",21.71,4,In stock,http://books.toscrape.com/catalogue/paper-girls-vol-1-paper-girls-1-5_44/index.html,"In the early hours after Halloween of 1988, four 12-year-old newspaper delivery girls uncover the most important story of all time. Suburban drama and otherworldly mysteries collide in this smash-hit series about nostalgia, first jobs, and the last days of childhood. Collects Paper Girls #1-5.",Fiction,Young Adult
"Ouran High School Host Club, Vol. 1 (Ouran High School Host Club #1)",29.87,3,In stock,http://books.toscrape.com/catalogue/ouran-high-school-host-club-vol-1-ouran-high-school-host-club-1_43/index.html,"One day, Haruhi, a scholarship student at exclusive Ouran High School, breaks an $80,000 vase that belongs to the 'Host Club', a mysterious campus group consisting of six super-rich (and gorgeous) guys. To pay back the damages, she is forced to work for the club, and it's there that she discovers just how wealthy the boys are and how different they are from everybody else.",Fiction,Young Adult
Origins (Alphas 0.5),28.99,1,In stock,http://books.toscrape.com/catalogue/origins-alphas-05_42/index.html,"From Ilona Andrews—#1 New York Times bestselling author of Magic Shifts and the Kate Daniels novels—comes a stark, seductive tale of a world torn asunder by supernatural gifts and irresistible passions...Karina Tucker is driving a van of children home from a field trip when an unplanned detour to a seemingly ordinary rest stop changes her life. There, she witnesses a world beyond humanity’s sight, of frightful powers and chaos, where she is in death’s grip... before an irresistibly dangerous male saves her—only to take her captive.For she is a rare commodity in the shadowy realm she’s entered.Karina soon finds hersel",Fantasy,Adult
One Second (Seven #7),52.94,2,In stock,http://books.toscrape.com/catalogue/one-second-seven-7_41/index.html,"***USA TODAY BESTSELLING SERIES*** EXPLOSIVE FINAL INSTALLMENT IN THE SEVEN SERIES Book 1 is on sale for a limited time! Love. Family. Brotherhood. Lexi has faced personal struggles, but nothing has prepared her for the most perilous battle of her life. Shifters are on the brink of war as Northerners target Colorado in an attempt to infiltrate the borders. Texas winds up on the hit list, and the Weston pack prepares to fight for their land… and for their lives. Austin’s courage is put to the test when rogues want to seize his land and slaughter his pack. But that’s not all he’s facing as two shocking revelations turn",Fantasy,Adult
On the Road (Duluoz Legend),32.36,3,In stock,http://books.toscrape.com/catalogue/on-the-road-duluoz-legend_40/index.html,"On the Road chronicles Jack Kerouac's years traveling the North American continent with his friend Neal Cassady, ""a sideburned hero of the snowy West."" As ""Sal Paradise"" and ""Dean Moriarty,"" the two roam the country in a quest for self-knowledge and experience. Kerouac's love of America, his compassion for humanity, and his sense of language as jazz combine to make On the Road an inspirational work of lasting importance.Kerouac's classic novel of freedom and longing defined what it meant to be ""Beat"" and has inspired every generation since its initial publication.",Fiction,Adult
Old Records Never Die: One Man's Quest for His Vinyl and His Past,55.66,2,In stock,http://books.toscrape.com/catalogue/old-records-never-die-one-mans-quest-for-his-vinyl-and-his-past_39/index.html,"Foreword by Wilco's Jeff Tweedy""Memories are far more indelible when married to the physical world, and Spitznagel proves the point in this vivid book. We love vinyl records because they combine the tactile, the visual, the seeable effects of age and care and carelessless. When he searches for the records he lost and sold, Spitznagel is trying to return to a tangible past, and he details that process with great sensitivity and impact.""—Dave Eggers, author of The CircleHigh Fidelity meets Killing Yourself to Live in this memoir of one man's search for his lost record collection. As he finds himself within spitting dis",Biography,Adult
Off Sides (Off #1),39.45,5,In stock,http://books.toscrape.com/catalogue/off-sides-off-1_38/index.html,"I'm not sure what possessed me to do it. Maybe it was the impossible expectations I faced, maybe it was my own self-loathing. But I just knew I needed something different to happen. I needed someone... something... to derail me from my current path. Otherwise, I would become lost... a hollowed out shell of a man. So I did it. I approached her, then I pursued her, then I made her mine. And my life was saved... Ryan Burnham is the privileged son of a U.S. Congressman and captain of his university’s hockey team. While he is on the verge of fulfilling his dreams to play in the NHL, his parents want him on a different co",Fiction,Young Adult
Of Mice and Men,47.11,2,In stock,http://books.toscrape.com/catalogue/of-mice-and-men_37/index.html,"The compelling story of two outsiders striving to find their place in an unforgiving world. Drifters in search of work, George and his simple-minded friend Lennie have nothing in the world except each other and a dream--a dream that one day they will have some land of their own. Eventually they find work on a ranch in California’s Salinas Valley, but their hopes are doomed as Lennie, struggling against extreme cruelty, misunderstanding and feelings of jealousy, becomes a victim of his own strength. Tackling universal themes such as the friendship of a shared vision, and giving voice to America’s lonely and dispossess.",Fiction,Adult
Myriad (Prentor #1),58.75,4,In stock,http://books.toscrape.com/catalogue/myriad-prentor-1_36/index.html,"Kalin, tired of being put down for who he is, leaves home when he turns eighteen. Despite being a warlock, he’s denied his magic for years because his parents told him magic is evil. He just wants to start a new life and leave his past behind. But then Kalin is approached by a group who tell him he has a rare kind of power—and the ability to stop a dark warlock from threatening the Royal family. Kalin doesn’t think he can help until one of the witches, a seer named Regina, has a vision about his future. The truth behind his ability shocks him—and may lead to his d",Fantasy,Young Adult
My Perfect Mistake (Over the Top #1),38.92,2,In stock,http://books.toscrape.com/catalogue/my-perfect-mistake-over-the-top-1_35/index.html,"What happens in Aspen is definitely not staying in Aspen. A girls’ trip to Aspen was exactly what Shay needed to forget about her toxic ex-boyfriend. She’s got her girls, pristine slopes for skiing, and hot guys everywhere. Of course, her epic self-rediscovery goes completely to hell when a wild (and deliciously hot) skier knocks Shay on her ass . . . and war is declared. Kolton doesn’t know what it is about Shay that makes him lose it. Not just his cool—although she does have an unholy gift for that—but his restraint. When anger gives way to explosive chemistry, they’re both shaken with the intensity of it.",Romance,Young Adult
"Ms. Marvel, Vol. 1: No Normal (Ms. Marvel (2014-2015) #1)",39.39,4,In stock,http://books.toscrape.com/catalogue/ms-marvel-vol-1-no-normal-ms-marvel-2014-2015-1_34/index.html,"Marvel Comics presents the new Ms. Marvel, the groundbreaking heroine that has become an international sensation! Kamala Khan is an ordinary girl from Jersey City — until she's suddenly empowered with extraordinary gifts. But who truly is the new Ms. Marvel? Teenager? Muslim? Inhuman? Find out as she takes the Marvel Universe by storm! When Kamala discovers the dangers of her newfound powers, she unlocks a secret behind them, as well. Is Kamala ready to wield these immense new gifts? Or will the weight of the legacy before her be too much to bear? Kamala has no idea, either. But she's comin' for you, Jersey!",Fantasy,Young Adult
Meditations,25.89,2,In stock,http://books.toscrape.com/catalogue/meditations_33/index.html,"Written in Greek, without any intention of publication, by the only Roman emperor who was also a philosopher, the Meditations of Marcus Aurelius (AD 121-180) offer a remarkable series of challenging spiritual reflections and exercises developed as the emperor struggled to understand himself and make sense of the universe. Ranging from doubt and despair to conviction and exaltation, they cover such diverse topics as the nature of moral virtue, human rationality, divine providence, and Marcus' own emotions. But while the Meditations were composed to provide personal consolation and encouragement, in developing his beli",Philosophy,Adult
Matilda,28.34,1,In stock,http://books.toscrape.com/catalogue/matilda_32/index.html,"Matilda is a little girl who is far too good to be true. At age five-and-a-half she's knocking off double-digit multiplication problems and blitz-reading Dickens. Even more remarkably, her classmates love her even though she's a super-nerd and the teacher's pet. But everything is not perfect in Matilda's world. For starters she has two of the most idiotic, self-centered parents who ever lived. Then there's the large, busty nightmare of a school principal, Mrs. ('The') Trunchbull, a former hammer-throwing champion who flings children at will and is approximately as sympathetic as a bulldozer. Fortunately for Matilda,",Fiction,Children
Lost Among the Living,27.7,4,In stock,http://books.toscrape.com/catalogue/lost-among-the-living_31/index.html,"England, 1921. Three years after her husband, Alex, disappeared, shot down over Germany, Jo Manders still mourns his loss. Working as a paid companion to Alex's wealthy, condescending aunt, Dottie Forsyth, Jo travels to the family’s estate in the Sussex countryside. But there is much she never knew about her husband’s origins…and the revelation of a mysterious death in the Forsyths’ past is just the beginning…All is not well at Wych Elm House. Dottie's husband is distant, and her son was grievously injured in the war. Footsteps follow Jo down empty halls, and items in her bedroom are eerily rearranged. The locals say",Mystery,Adult
Lord of the Flies,24.89,3,In stock,http://books.toscrape.com/catalogue/lord-of-the-flies_30/index.html,"Since it was first published in 1954, William Golding's classic debut novel has remained a stark allegory of civilization, survival, and human nature. As dystopian stories like Hunger Games and Battle Royale surge in popularity, this haunting tale of a group of young boys stranded on a desert island still captivates schoolchildren around the world, raising timeless and profound questions about how easily society can slip into chaos and savagery when rules and order have been abandoned. When a plane crashes on a remote island, a small group of schoolboys are the sole survivors. From the prophetic Simon and virtuous Ral",Fiction,Young Adult
Listen to Me (Fusion #1),58.99,3,In stock,http://books.toscrape.com/catalogue/listen-to-me-fusion-1_29/index.html,"In New York Times and USA Today bestselling author Kristen Proby’s brand new series, five best friends open a hot new restaurant, but one of them gets much more than she bargained for when a sexy former rock star walks through the doors—and into her heart. Seduction is quickly becoming the hottest new restaurant in Portland, and Addison Wade is proud to claim 1/5 of the credit. She’s determined to make it a success and can’t think of a better way to bring in new customers than live music. But when former rock star Jake Keller swaggers through the doors to apply for the weekend gig, she knows she’s in trouble.",Romance,Adult
Kitchens of the Great Midwest,57.2,5,In stock,http://books.toscrape.com/catalogue/kitchens-of-the-great-midwest_28/index.html,"“A sweet and savory treat.” —People“An impressive feat of narrative jujitsu . . . that keeps readers turning the pages too fast to realize just how ingenious they are.”—The New York Times Book Review, Editor’s Pick“Kitchens of the Great Midwest is a terrific reminder of what can be wrested from suffering and struggle—not only success, but also considerable irony, a fair amount of wisdom and a decent meal.”—Jane Smiley, The GuardianAs seen on The Skimm: “Warning: this will make you hungry. . . . You won’t be able to put it down. And it will up your kitchen game.”Kitchens of the Great Midwest, about a young woman with",Fiction,Adult
Jane Eyre,38.43,5,In stock,http://books.toscrape.com/catalogue/jane-eyre_27/index.html,"Orphaned into the household of her Aunt Reed at Gateshead, subject to the cruel regime at Lowood charity school, Jane Eyre nonetheless emerges unbroken in spirit and integrity. She takes up the post of governess at Thornfield, falls in love with Mr. Rochester, and discovers the impediment to their lawful marriage in a story that transcends melodrama to portray a woman's passionate search for a wider and richer life than Victorian society traditionally allowed. With a heroine full of yearning, the dangerous secrets she encounters, and the choices she finally makes, Charlotte Bronte's innovative and enduring romantic novel.",Fiction,Adult
Imperfect Harmony,34.74,4,In stock,http://books.toscrape.com/catalogue/imperfect-harmony_26/index.html,"Imperfect harmony can still be beautiful…John Fletcher, a former musician, is stuck in limbo after losing his long-term partner two years ago. He’s shut himself off from everything that reminds him of what he’s lost. When his neighbour persuades him to join the local community choir, John rediscovers his love of music and finds a reason to start living again. Rhys Callington, the talented and charismatic choir leader, captures John’s attention from the first moment they meet. He appears to be the polar opposite of John: young, vibrant, and full of life. But Rhys has darkness in his own past that is holding him back.",Romance,Adult
Icing (Aces Hockey #2),40.44,4,In stock,http://books.toscrape.com/catalogue/icing-aces-hockey-2_25/index.html,"Hailed by Jami Davenport as her “go-to author for hockey romance,” the bestselling author of the Heller Brothers Hockey series sets the ice ablaze with another sexy novel featuring the gorgeous men of the Chicago Aces. Duncan Armstrong may be an NHL star, but he’s a country boy at heart. His ultimate fantasy is going home with the Stanley Cup, not a gold-digging airhead who aspires to be a trophy wife and nothing more. Newly single and hoping to enjoy a night out with his teammates, he ends up hitting it off with a down-to-earth waitress who’s a complete breath of fresh air—until Duncan learns that she’s a part-time m",Romance,Adult
"Hawkeye, Vol. 1: My Life as a Weapon (Hawkeye #1)",45.24,3,In stock,http://books.toscrape.com/catalogue/hawkeye-vol-1-my-life-as-a-weapon-hawkeye-1_24/index.html,"The breakout star of this summer's blockbuster Avengers film, Clint Barton - aka the self-made hero Hawkeye - fights for justice! With ex-Young Avenger Kate Bishop by his side, he's out to prove himself as one of Earth's Mightiest Heroes! SHIELD recruits Clint to intercept a packet of incriminating evidence - before he becomes the most wanted man in the world. You won't believe what is on The Tape! What is the Vagabond Code? Matt Fraction pens a Hawkeye thriller that spans the globe...and the darkest parts of Hawkeye's mind. Barton and Bishop mean double the Hawkeye and double the trouble...and stealing from the rich",Fiction,Young Adult
Having the Barbarian's Baby (Ice Planet Barbarians #7.5),34.96,4,In stock,http://books.toscrape.com/catalogue/having-the-barbarians-baby-ice-planet-barbarians-75_23/index.html,"Megan’s ready to give birth, but she’s not ready to let her mate leave her side. When Cashol must go hunting to feed the tribe, they’re separated for the first time since resonance. Not a problem, except the baby’s ready to be born and there’s a storm brewing… This is a short story set in the ICE PLANET BARBARIANS world. It does not stand alone, and is intended to be read after BARBARIAN’S MATE. It’s a little bit of sweetness for those that can’t get enough of the big blue aliens! Happy reading!",Romance,Adult
"Giant Days, Vol. 1 (Giant Days #1-4)",56.76,4,In stock,http://books.toscrape.com/catalogue/giant-days-vol-1-giant-days-1-4_22/index.html,"Susan, Esther, and Daisy started at university three weeks ago and became fast friends. Now, away from home for the first time, all three want to reinvent themselves. But in the face of handwringing boys, “personal experimentation,” influenza, mystery mold, nuchauvinism, and the willful, unwanted intrusion of “academia,” they may be lucky just to make it to spring alive. Collects issues #1-4.",Fiction,Young Adult
"Fruits Basket, Vol. 1 (Fruits Basket #1)",40.28,5,In stock,http://books.toscrape.com/catalogue/fruits-basket-vol-1-fruits-basket-1_21/index.html,A family with an ancient curse...And the girl who will change their lives forever...Tohru Honda was an orphan with no place to go until the mysterious Sohma family offered her a place to call home. Now her ordinary high school life is turned upside down as she's introduced to the Sohma's world of magical curses and family secrets.,Fantasy,Young Adult
Frankenstein,38.0,2,In stock,http://books.toscrape.com/catalogue/frankenstein_20/index.html,"Mary Shelley began writing Frankenstein when she was only eighteen. At once a Gothic thriller, a passionate romance, and a cautionary tale about the dangers of science, Frankenstein tells the story of committed science student Victor Frankenstein. Obsessed with discovering the cause of generation and life and bestowing animation upon lifeless matter, Frankenstein assembles a human being from stolen body parts but; upon bringing it to life, he recoils in horror at the creature's hideousness. Tormented by isolation and loneliness, the once-innocent creature turns to evil and unleashes a campaign of murderous revenge.",Fiction,Adult
Forever Rockers (The Rocker #12),28.8,3,In stock,http://books.toscrape.com/catalogue/forever-rockers-the-rocker-12_19/index.html,"My Happily Ever After was turning into a living nightmare... All I wanted was Harper's happiness and I would move the world to give her anything she ever wanted. We've searched for answers, talked about our options, and finally-FINALLY-found hope. Yet, just when things seemed to be perfect, it all came crashing down around us all. The one person I've always counted on to hold us together-to hold me together-was lost in her own nightmares and I felt like I was losing everything. Everything. I wasn't going to lose the woman I loved. I would hold onto her until the last breath left my body. It was my mistakes that were",Romance,Adult
Fighting Fate (Fighting #6),39.24,3,In stock,http://books.toscrape.com/catalogue/fighting-fate-fighting-6_18/index.html,"Axelle’s broken. I live to hold her together. Killian McCreery only has two dreams . . . Fight for the UFL. And Axelle. He’s watched her give her time and her body to men who don’t deserve to breathe her air. He’s waited, worked hard to become the kind of man she deserves, hoping one day, when the time is right, he’d get the opportunity to make her happy. After a painful anniversary, he finally gets his chance. But life has a way of sucker-punching its victims—striking when they least expect it in the most devastating ways.",Romance,Adult
Emma,32.93,2,In stock,http://books.toscrape.com/catalogue/emma_17/index.html,"'I never have been in love; it is not my way, or my nature; and I do not think I ever shall.' Beautiful, clever, rich - and single - Emma Woodhouse is perfectly content with her life and sees no need for either love or marriage. Nothing, however, delights her more than interfering in the romantic lives of others. But when she ignores the warnings of her good friend Mr. Knightley and attempts to arrange a suitable match for her protegee Harriet Smith, her carefully laid plans soon unravel and have consequences that she never expected. With its imperfect but charming heroine and its witty and subtle exploration of relat",Fiction,Adult
"Eat, Pray, Love",51.32,3,In stock,http://books.toscrape.com/catalogue/eat-pray-love_16/index.html,"In her early thirties, Elizabeth Gilbert had everything a modern American woman was supposed to want--husband, country home, successful career--but instead of feeling happy and fulfilled, she felt consumed by panic and confusion. This wise and rapturous book is the story of how she left behind all these outward marks of success, and of what she found in their place. Following a divorce and a crushing depression, Gilbert set out to examine three different aspects of her nature, set against the backdrop of three different cultures: pleasure in Italy, devotion in India, and on the Indonesian island of Bali, a balance be",Non-Fiction,Adult
Deep Under (Walker Security #1),47.09,5,In stock,http://books.toscrape.com/catalogue/deep-under-walker-security-1_15/index.html,"Myla is beautiful, a dove with clipped wings, captive by the wolf, a vicious drug lord. One look into her eyes and Kyle could see the pain, the fear…the desperation. Or so it seems. He’s been fooled before by a woman and it cost him everything and everyone he loved. He won’t be fooled again.Tall, dark, and deadly, these are the stories of the men who run Walker security. Each man is unique in his methods and skills, but all share key similarities. They are passionate about those they love, relentless when fighting for a cause they believe in, and all believe that no case is to",Romance,Adult
Choosing Our Religion: The Spiritual Lives of America's Nones,28.42,4,In stock,http://books.toscrape.com/catalogue/choosing-our-religion-the-spiritual-lives-of-americas-nones_14/index.html,"To the dismay of religious leaders, study after study has shown a steady decline in affiliation and identification with traditional religions in America. By 2014, more than twenty percent of adults identified as unaffiliated--up more than seven percent just since 2007. Even more startling, more than thirty percent of those under the age of thirty now identify as 'Nones'--answering 'none' when queried about their religious affiliation. Is America losing its religion? Or, as more and more Americans choose different spiritual paths, are they changing what it means to be religious in the United States today? In Choosing",Non-Fiction,Adult
Charlie and the Chocolate Factory (Charlie Bucket #1),22.85,3,In stock,http://books.toscrape.com/catalogue/charlie-and-the-chocolate-factory-charlie-bucket-1_13/index.html,"Complete with stunning new movie art for the cover, and an eight-page full-color insert of stills from director Tim Burton's new adaptation, Dahl's treasured novel appears unabridged in this tie-in edition.",Fiction,Children
Charity's Cross (Charles Towne Belles #4),41.24,1,In stock,http://books.toscrape.com/catalogue/charitys-cross-charles-towne-belles-4_12/index.html,"Suspected of killing her husband, Charity Westcott flees on the first ship out of Portsmouth, England heading for the colonies. Loathing all men after her abusive marriage, she hopes to reunite with her family in Charles Towne, but the ship’s destination is Nassau. When she spots her husband’s brother, who is intent on seeing her hang, boarding her ship, she jumps overboard. Elias Dutton, missionary and son of the famous pirate, Rowan Dutton, must get to Barbados as soon as possible. His sister is in danger.",Romance,Adult
Bright Lines,39.07,5,In stock,http://books.toscrape.com/catalogue/bright-lines_11/index.html,"A vibrant debut novel, set in Brooklyn and Bangladesh, Bright Lines follows three young women and one family struggling to make peace with secrets and their past. For as long as she can remember, Ella has longed to feel at home. Orphaned as a child after her parents’ murder, and afflicted with hallucinations at dusk, she’s always felt more at ease in nature than with people. She traveled from Bangladesh to Brooklyn to live with the Saleems: her uncle Anwar, aunt Hashi, and their beautiful daughter, Charu, her complete opposite. One summer, when Ella returns home from college, she discovers Charu’s friend Maya—an Isla",Fiction,Young Adult
Bridget Jones's Diary (Bridget Jones #1),29.82,1,In stock,http://books.toscrape.com/catalogue/bridget-joness-diary-bridget-jones-1_10/index.html,"Meet Bridget Jones—a 30-something Singleton who is certain she would have all the answers if she could:a. lose 7 poundsb. stop smokingc. develop Inner Poise""123 lbs. (how is it possible to put on 4 pounds in the middle of the night? Could flesh have somehow solidified becoming denser and heavier? Repulsive, horrifying notion), alcohol units 4 (excellent), cigarettes 21 (poor but will give up totally tomorrow), number of correct lottery numbers 2 (better, but nevertheless useless)...""Bridget Jones' Diary is the devastatingly self-aware, laugh-out-loud daily chronicle of Bridget's permanent, doomed quest for self-impro",Fiction,Adult
Bounty (Colorado Mountain #7),37.26,4,In stock,http://books.toscrape.com/catalogue/bounty-colorado-mountain-7_9/index.html,"Justice Lonesome has enjoyed a life of bounty. Even so, she’s inherited the curse of the Lonesome. A poet’s soul. Which means she’s still searching for something. Searching for peace. Searching for the less…that’s more. And when the foundation of her life is pulled out from under her, grieving, she goes to the mountains to find her oasis. She hits Carnal, Colorado and decides to stay. Deke Hightower lost everything at the age of two. He lost it again at fifteen. His life has not been about bounty. It’s been about learning to live with less, because there’s no way to get more.",Fiction,Adult
Blood Defense (Samantha Brinkman #1),20.3,3,In stock,http://books.toscrape.com/catalogue/blood-defense-samantha-brinkman-1_8/index.html,"First in a new series from bestselling author and famed O. J. Simpson trial prosecutor Marcia Clark, a “terrific writer and storyteller” (James Patterson). Samantha Brinkman, an ambitious, hard-charging Los Angeles criminal defense attorney, is struggling to make a name for herself and to drag her fledgling practice into the big leagues. Sam lands a high-profile double-murder case in which one of the victims is a beloved TV star—and the defendant is a decorated veteran LAPD detective. It promises to be exactly the kind of media sensation that would establish her as a heavy hitter in the world of criminal law.",Fiction,Adult
"Bleach, Vol. 1: Strawberry and the Soul Reapers (Bleach #1)",34.65,5,In stock,http://books.toscrape.com/catalogue/bleach-vol-1-strawberry-and-the-soul-reapers-bleach-1_7/index.html,"Hot-tempered 15-year-old Ichigo Kurosaki, the hero of the popular fantasy-adventure Bleach, has the unsettling ability to see spirits who are unable to rest in peace. His sixth sense leads him to Rukia, a Soul Reaper who destroys Hollows (soul-devouring monsters) and ensures the deceased find repose with the Soul Society. When she's injured in battle, Rukia transfers her sword and much of her power to Ichigo, whose spiritual energy makes him a formidable substitute Soul Reaper. But the orange-haired teenager isn't sure he wants the job: too many risks and moral dilemmas.",Fantasy,Young Adult
Beyond Good and Evil,43.38,1,In stock,http://books.toscrape.com/catalogue/beyond-good-and-evil_6/index.html,"Friedrich Nietzsche's Beyond Good and Evil is translated from the German by R.J. Hollingdale with an introduction by Michael Tanner in Penguin Classics. Beyond Good and Evil confirmed Nietzsche's position as the towering European philosopher of his age. The work dramatically rejects the tradition of Western thought with its notions of truth and God, good and evil. Nietzsche demonstrates that the Christian world is steeped in a false piety and infected with a 'slave morality'. With wit and energy, he turns from this critique to a philosophy that celebrates the present and demands that the individual imposes their own '",Philosophy,Adult
Alice in Wonderland (Alice's Adventures in Wonderland #1),55.53,1,In stock,http://books.toscrape.com/catalogue/alice-in-wonderland-alices-adventures-in-wonderland-1_5/index.html,,Unknown,Unknown
"Ajin: Demi-Human, Volume 1 (Ajin: Demi-Human #1)",57.06,4,In stock,http://books.toscrape.com/catalogue/ajin-demi-human-volume-1-ajin-demi-human-1_4/index.html,"High school student Kei Nagai is struck dead in a grizzly traffic accident, but immediately revives to learn that he may not be like every other human. Instead, he may be a mysterious almost immortal being granted not only the powers of rejuvination but the abilities to see super-natural beings. Scared, he runs away, and is aided in his escape from society by his friend. Unfortunately for Kei, the manhunt is on and he will soon be caught within a conflict between mankind and others like him as they prepare to fight a new war based on terror.",Fantasy,Young Adult
A Spy's Devotion (The Regency Spies of London #1),16.97,5,In stock,http://books.toscrape.com/catalogue/a-spys-devotion-the-regency-spies-of-london-1_3/index.html,"In England’s Regency era, manners and elegance reign in public life—but behind closed doors treason and tawdriness thrive. Nicholas Langdon is no stranger to reserved civility or bloody barbarity. After suffering a battlefield injury, the wealthy, well-connected British officer returns home to heal—and to fulfill a dying soldier’s last wish by delivering his coded diary. At the home of the Wilherns, one of England’s most powerful families, Langdon attends a lavish ball where he meets their beautiful and intelligent ward, Julia Grey. Determined to maintain propriety, he keeps his distance—until the diary is stolen and",Historical Fiction,Adult
1st to Die (Women's Murder Club #1),53.98,1,In stock,http://books.toscrape.com/catalogue/1st-to-die-womens-murder-club-1_2/index.html,"James Patterson, bestselling author of the Alex Cross novels Along Came a Spider, Kiss the Girls, and Pop Goes the Weasel, offers the first of a new series dubbed The Women's Murder Club, featuring a four-woman team that occasionally works outside the system. None of the gritty darkness or frenzied action is lost in 1st to Die, although the female protagonists offer an even deeper emotional context to this suspense thriller. Inspector Lindsay Boxer of the San Francisco Police Department suddenly finds herself in the middle of two horrifying situations: The first is that she's just learned she has an often-fatal blood",Thriller,Adult
"1,000 Places to See Before You Die",26.08,5,In stock,http://books.toscrape.com/catalogue/1000-places-to-see-before-you-die_1/index.html,"Around the World, continent by continent, here is the best the world has to offer: 1,000 places guaranteed to give travelers the shivers. Sacred ruins, grand hotels, wildlife preserves, hilltop villages, snack shacks, castles, festivals, reefs, restaurants, cathedrals, hidden islands, opera houses, museums, and more. Each entry tells exactly why it's essential to visit. Then come the nuts and bolts: addresses, websites, phone and fax numbers, best times to visit. Stop dreaming and get going. This hefty volume reminds vacationers that hot tourist spots are small percentage of what's worth seeing out there.",Travel,Adult
